# Blender 4.5.2 LTS
# www.blender.org
mtllib BTU.mtl
o Backup_FLoor.001
v -19.695122 -32.022293 -15.376087
v -19.669855 -32.022293 -15.688211
v -19.661583 -32.022293 -16.006140
v -19.658497 -32.022293 -16.325203
v -19.657202 -32.022293 -16.644520
v -19.656633 -32.022293 -16.963881
v -19.656374 -32.022293 -17.283176
v -19.656261 -32.022293 -17.602135
v -19.656223 -32.022293 -17.919754
v -19.656301 -32.022293 -18.232334
v -19.346455 -32.022293 -18.255674
v -14.475763 -32.022297 -25.106241
v -14.700632 -32.022297 -25.104734
v -14.682380 -32.022293 -13.750460
v -14.500533 -32.022293 -13.750824
v -19.358910 -32.022293 -15.359428
v -19.353197 -32.022293 -15.683873
v -19.349298 -32.022293 -16.005211
v -19.347107 -32.022293 -16.324997
v -19.346014 -32.022293 -16.644487
v -19.345491 -32.022293 -16.963932
v -19.345245 -32.022293 -17.283451
v -19.345140 -32.022293 -17.603403
v -19.345263 -32.022293 -17.925823
v -18.266823 -30.723591 -27.347391
v -18.413761 -30.723591 -27.309156
v -18.413761 -30.723591 -27.035553
v -18.266823 -30.723591 -27.053417
v -18.266823 -30.723591 -27.604334
v -18.413761 -30.723591 -27.565624
v -18.266823 -30.723591 -27.899654
v -18.413761 -30.723591 -27.881071
v -18.266823 -30.723591 -28.203558
v -18.413761 -30.723591 -28.202223
v -18.266823 -30.723591 -28.497934
v -18.413761 -30.723591 -28.758348
v -18.755684 -30.723591 -28.758348
v -18.755686 -30.723591 -28.513369
v -23.774479 -30.723591 -28.758348
v -23.995991 -30.720695 -28.347464
v -23.995955 -30.719948 -28.034857
v -23.774385 -30.723591 -28.034876
v -23.995939 -30.719879 -27.722229
v -23.774345 -30.723591 -27.722250
v -23.995932 -30.720078 -27.409624
v -23.774305 -30.723591 -27.409639
v -23.995916 -30.720440 -27.097025
v -23.774263 -30.723591 -27.097046
v -23.995895 -30.720795 -26.784412
v -23.774223 -30.723591 -26.784435
v -23.995874 -30.721130 -26.471804
v -23.774183 -30.723591 -26.471827
v -23.995853 -30.721428 -26.159195
v -23.774141 -30.723591 -26.159216
v -23.995832 -30.721722 -25.846586
v -23.774101 -30.723591 -25.846607
v -23.995817 -30.722126 -25.533976
v -23.774063 -30.723591 -25.533997
v -23.995790 -30.722469 -25.221365
v -23.774023 -30.723591 -25.221384
v -23.995750 -30.722824 -24.908775
v -23.773981 -30.723591 -24.908760
v -23.995693 -30.723141 -24.596394
v -23.773941 -30.723591 -24.595770
v -23.995787 -30.723446 -24.284063
v -23.773897 -30.723591 -24.266626
v -23.995882 -30.723560 -24.005827
v -23.774479 -30.723591 -24.024008
v -20.104549 -30.723591 -28.513369
v -20.317406 -30.723591 -28.513369
v -20.068363 -30.723591 -28.758348
v -20.344175 -30.723591 -28.758348
v -20.647964 -30.723591 -28.758348
v -20.642141 -30.723591 -28.513369
v -20.959158 -30.723591 -28.758348
v -20.958305 -30.723591 -28.513369
v -21.271772 -30.723591 -28.758348
v -21.271711 -30.723591 -28.513369
v -21.584595 -30.723591 -28.758348
v -21.584593 -30.723591 -28.513369
v -21.897436 -30.723591 -28.758348
v -21.897436 -30.723591 -28.513369
v -22.210276 -30.723591 -28.758348
v -22.210276 -30.723591 -28.513369
v -22.523119 -30.723591 -28.758348
v -22.523119 -30.723591 -28.513369
v -22.835958 -30.723591 -28.758348
v -22.835958 -30.723591 -28.513369
v -23.148798 -30.723591 -28.758348
v -23.148798 -30.723591 -28.513369
v -23.461639 -30.723591 -28.758348
v -23.461639 -30.723591 -28.513369
v -19.758255 -30.723591 -28.513369
v -19.750605 -30.723591 -28.758348
v -19.423042 -30.723591 -28.513369
v -19.421944 -30.723591 -28.758348
v -19.090784 -30.723591 -28.513369
v -19.090704 -30.723591 -28.758348
v -23.995913 -30.723583 -23.696180
v -23.774479 -30.723591 -23.696684
v -23.996042 -30.723557 -23.386312
v -23.774479 -30.723591 -23.386255
v -23.996546 -30.723194 -23.076424
v -23.775175 -30.723591 -23.075167
v -23.997087 -30.721149 -22.766249
v -23.777933 -30.721767 -22.765902
v -23.996550 -30.717670 -22.456055
v -23.774479 -30.716537 -22.456722
v -23.996061 -30.717350 -22.146076
v -23.774479 -30.716537 -22.146112
v -23.996017 -30.720089 -21.836023
v -23.774479 -30.720230 -21.836027
v -23.996023 -30.722881 -21.525969
v -23.774479 -30.723591 -21.525967
v -23.996023 -30.723507 -21.215897
v -23.774479 -30.723591 -21.215895
v -23.996025 -30.723583 -20.905823
v -23.774479 -30.723591 -20.905821
v -23.996025 -30.723591 -20.595749
v -23.774479 -30.723591 -20.595749
v -23.996025 -30.723591 -20.285677
v -23.774479 -30.723591 -20.285677
v -23.996025 -30.723591 -19.975603
v -23.774479 -30.723591 -19.975603
v -23.996025 -30.723591 -19.665529
v -23.774479 -30.723591 -19.665529
v -23.996023 -30.723591 -19.355455
v -23.774479 -30.723591 -19.355455
v -23.996025 -30.723587 -19.045385
v -23.774479 -30.723587 -19.045380
v -23.996025 -30.723587 -18.735308
v -23.774479 -30.723587 -18.735310
v -23.996025 -30.723587 -18.425236
v -23.774479 -30.723587 -18.425236
v -23.996025 -30.723583 -18.115164
v -23.774479 -30.723587 -18.115162
v -23.996025 -30.723530 -17.805090
v -23.774479 -30.723587 -17.805094
v -23.996025 -30.723057 -17.495016
v -23.774479 -30.723587 -17.495016
v -23.996023 -30.720619 -17.184961
v -23.774479 -30.721401 -17.184944
v -23.996025 -30.715523 -16.874931
v -23.774479 -30.715172 -16.874933
v -23.996027 -30.711784 -16.564892
v -23.774479 -30.710590 -16.564901
v -23.996021 -30.713081 -16.254837
v -23.774479 -30.712440 -16.254822
v -23.996027 -30.716270 -15.944786
v -23.774479 -30.716957 -15.944787
v -23.996021 -30.717281 -15.634716
v -23.774479 -30.717400 -15.634718
v -23.996023 -30.717388 -15.324640
v -23.774479 -30.717400 -15.324648
v -23.996025 -30.717400 -15.014568
v -23.774479 -30.717400 -15.014566
v -23.996025 -30.717400 -14.704495
v -23.774479 -30.717400 -14.704500
v -23.996025 -30.717400 -14.394423
v -23.774479 -30.717400 -14.394421
v -23.996025 -30.717400 -14.084347
v -23.774479 -30.717400 -14.084351
v -23.996006 -30.717400 -13.774276
v -23.774479 -30.717400 -13.774280
v -23.995939 -30.717400 -13.464195
v -23.774479 -30.717400 -13.463726
v -23.995714 -30.717400 -13.153929
v -23.774479 -30.717400 -13.151108
v -23.995432 -30.717400 -12.843780
v -23.995646 -30.717400 -12.554475
v -23.451561 -30.717400 -12.565575
v -23.451483 -30.717400 -12.832906
v -23.135366 -30.717400 -12.565575
v -23.135332 -30.717400 -12.832906
v -22.819149 -30.717400 -12.565575
v -22.819141 -30.717400 -12.832906
v -22.502918 -30.717400 -12.565575
v -22.502918 -30.717400 -12.832906
v -22.186691 -30.717400 -12.565575
v -22.186687 -30.717400 -12.832906
v -21.870459 -30.717400 -12.565575
v -21.870441 -30.717400 -12.832906
v -21.554226 -30.717400 -12.565575
v -21.554132 -30.717400 -12.832906
v -21.238268 -30.717400 -12.565352
v -21.237648 -30.717400 -12.832906
v -20.922550 -30.717400 -12.561943
v -20.921450 -30.717400 -12.832906
v -20.605627 -30.717400 -12.561483
v -20.605616 -30.717400 -12.832906
v -20.289396 -30.717400 -12.561483
v -20.289434 -30.717400 -12.832906
v -19.757578 -30.723587 -12.560795
v -19.757578 -30.723587 -12.833866
v -19.757578 -30.723587 -13.114088
v -19.967171 -30.718594 -13.114083
v -19.757578 -30.723587 -13.394215
v -19.967171 -30.719784 -13.394222
v -19.757578 -30.723587 -13.674339
v -19.967171 -30.720974 -13.674345
v -19.757578 -30.723587 -13.954463
v -19.967171 -30.722164 -13.954465
v -19.757578 -30.723587 -14.234585
v -19.967171 -30.723122 -14.234586
v -19.757578 -30.723587 -14.514707
v -19.967171 -30.723583 -14.514708
v -19.757578 -30.723587 -14.794793
v -19.967171 -30.723587 -14.794839
v -19.967171 -30.723587 -15.074894
v -19.967171 -30.723587 -15.380310
v -19.967171 -30.723587 -15.691041
v -19.967171 -30.723587 -16.006987
v -19.967171 -30.723587 -16.325281
v -19.967171 -30.723587 -16.644358
v -19.967171 -30.723587 -16.963585
v -19.967171 -30.723587 -17.282557
v -19.967171 -30.723587 -17.600477
v -19.967171 -30.723587 -17.915445
v -19.967171 -30.723587 -18.224327
v -19.656086 -30.723587 -18.525381
v -19.345163 -30.723587 -18.525381
v -19.033953 -30.723587 -18.525381
v -18.723125 -30.723587 -18.315681
v -18.723137 -30.723587 -18.525381
v -18.412434 -30.723587 -18.315681
v -18.412436 -30.723587 -18.525381
v -18.101732 -30.723587 -18.315681
v -18.101732 -30.723587 -18.525381
v -17.791029 -30.723587 -18.315681
v -17.791029 -30.723587 -18.525381
v -17.480326 -30.723587 -18.315681
v -17.480326 -30.723587 -18.525381
v -17.169624 -30.723587 -18.315681
v -17.169624 -30.723587 -18.525381
v -16.858921 -30.723587 -18.315681
v -16.858921 -30.723587 -18.525381
v -16.548220 -30.723587 -18.315681
v -16.548220 -30.723587 -18.525381
v -16.237516 -30.723587 -18.315681
v -16.237516 -30.723587 -18.525381
v -15.926812 -30.723587 -18.315681
v -15.926812 -30.723587 -18.525381
v -15.616098 -30.723587 -18.315681
v -15.616110 -30.723587 -18.525381
v -15.305221 -30.723587 -18.315681
v -15.305380 -30.723587 -18.525381
v -14.993444 -30.723587 -18.315681
v -14.994440 -30.723587 -18.525381
v -14.475712 -30.723587 -18.302311
v -14.475712 -30.723587 -18.537142
v -14.475712 -30.723587 -18.855238
v -14.679298 -30.723587 -18.855188
v -14.475712 -30.723591 -19.170748
v -14.679298 -30.723591 -19.170748
v -14.475712 -30.723591 -19.486271
v -14.679298 -30.723591 -19.486271
v -14.475712 -30.723591 -19.801794
v -14.679298 -30.723591 -19.801794
v -14.475712 -30.723591 -20.117319
v -14.679298 -30.723591 -20.117319
v -14.475712 -30.723591 -20.432842
v -14.679298 -30.723591 -20.432840
v -14.475712 -30.723591 -20.748365
v -14.679298 -30.723591 -20.748365
v -14.475712 -30.723591 -21.063890
v -14.679298 -30.723591 -21.063890
v -14.475712 -30.723591 -21.379414
v -14.679298 -30.723591 -21.379414
v -14.475712 -30.723591 -21.694939
v -14.679298 -30.723591 -21.694937
v -14.475712 -30.723591 -22.010471
v -14.679298 -30.723591 -22.010439
v -14.475712 -30.723591 -22.326021
v -14.679298 -30.723591 -22.325838
v -14.475712 -30.723591 -22.641539
v -14.679308 -30.723591 -22.640907
v -14.475712 -30.723591 -22.956903
v -14.685404 -30.723591 -22.955111
v -14.475712 -30.723591 -23.272255
v -14.692211 -30.723591 -23.270166
v -14.475712 -30.723591 -23.587553
v -14.699045 -30.723591 -23.586361
v -14.475712 -30.723591 -23.902977
v -14.699574 -30.723591 -23.902506
v -14.475712 -30.723591 -24.218252
v -14.699574 -30.723591 -24.218231
v -14.475737 -30.723591 -24.534567
v -14.699574 -30.723591 -24.531927
v -14.847336 -30.723591 -25.104605
v -14.515602 -30.723591 -25.659624
v -14.708008 -30.723591 -25.662497
v -14.235682 -30.723591 -25.107309
v -14.515907 -30.723591 -25.955038
v -14.707939 -30.723591 -25.957090
v -14.515907 -30.723591 -26.242130
v -14.707939 -30.723591 -26.470655
v -15.031483 -30.723591 -26.470655
v -15.031483 -30.723591 -26.266678
v -15.352569 -30.723591 -26.470655
v -15.352569 -30.723591 -26.266678
v -15.672401 -30.723591 -26.470655
v -15.672401 -30.723591 -26.266678
v -15.992009 -30.723591 -26.470655
v -15.992009 -30.723591 -26.266678
v -16.311602 -30.723591 -26.470655
v -16.311602 -30.723591 -26.266678
v -16.631197 -30.723591 -26.470655
v -16.631197 -30.723591 -26.266678
v -16.950790 -30.723591 -26.470655
v -16.950790 -30.723591 -26.266678
v -17.270479 -30.723591 -26.470655
v -17.270361 -30.723591 -26.266678
v -17.591419 -30.723591 -26.470655
v -17.589592 -30.723591 -26.266678
v -17.919048 -30.723591 -26.470655
v -17.905643 -30.723591 -26.266678
v -18.200962 -30.723591 -26.266678
v -18.413761 -30.723591 -26.494938
v -18.266823 -30.723591 -26.758192
v -18.413761 -30.723591 -26.758524
v -14.679298 -30.723587 -17.978260
v -14.475712 -30.723587 -17.974192
v -14.679298 -30.723587 -17.649345
v -14.475712 -30.723587 -17.648611
v -14.679298 -30.723587 -17.323202
v -14.475712 -30.723587 -17.323143
v -14.679298 -30.723587 -16.996616
v -14.475712 -30.723587 -16.996616
v -14.679298 -30.723587 -16.667955
v -14.475712 -30.723587 -16.667955
v -14.679298 -30.723587 -16.338310
v -14.475712 -30.723587 -16.338339
v -14.679298 -30.723587 -16.008261
v -14.475712 -30.723587 -16.008755
v -14.679298 -30.723587 -15.676933
v -14.475712 -30.723587 -15.680587
v -14.475712 -30.723587 -15.359190
v -14.475712 -30.723587 -15.059219
v -14.679298 -30.723587 -14.745985
v -14.475712 -30.723587 -14.743486
v -14.679298 -30.723587 -14.422956
v -14.475712 -30.723587 -14.422640
v -14.307135 -30.723587 -13.752692
v -14.692448 -30.723587 -13.116078
v -14.538610 -30.723587 -13.115569
v -14.692448 -30.723587 -12.837161
v -14.539518 -30.723587 -12.837014
v -14.692448 -30.723587 -12.558210
v -14.539518 -30.723587 -12.558187
v -14.692448 -30.723587 -12.279274
v -14.539518 -30.723587 -12.279272
v -14.692448 -30.723587 -12.000339
v -14.539518 -30.723587 -12.000339
v -14.859266 -30.723587 -13.752491
v -14.998543 -30.723587 -15.320938
v -14.994818 -30.723587 -15.071987
v -15.307530 -30.723587 -15.320938
v -15.306664 -30.723587 -15.071987
v -15.617795 -30.723587 -15.320938
v -15.617656 -30.723587 -15.071987
v -15.928454 -30.723587 -15.320938
v -15.928447 -30.723587 -15.071987
v -16.239191 -30.723587 -15.320938
v -16.239189 -30.723587 -15.071987
v -16.549931 -30.723587 -15.320938
v -16.549931 -30.723587 -15.071987
v -16.860672 -30.723587 -15.320938
v -16.860670 -30.723587 -15.071987
v -17.171412 -30.723587 -15.320938
v -17.171412 -30.723587 -15.071987
v -17.482153 -30.723587 -15.320938
v -17.482151 -30.723587 -15.071987
v -17.792894 -30.723587 -15.320938
v -17.792894 -30.723587 -15.071987
v -18.103636 -30.723587 -15.320938
v -18.103638 -30.723587 -15.071987
v -18.414299 -30.723587 -15.320938
v -18.414442 -30.723587 -15.071987
v -18.724634 -30.723587 -15.320938
v -18.725775 -30.723587 -15.071987
v -19.040016 -30.723587 -15.071987
v -19.364464 -30.723587 -15.071987
v -19.033789 -30.723587 -15.672194
v -19.033789 -30.723587 -16.002487
v -19.033789 -30.723587 -16.324360
v -19.033789 -30.723587 -16.644220
v -19.033789 -30.723587 -16.963808
v -19.033789 -30.723587 -17.283838
v -19.033789 -30.723587 -17.607046
v -19.033789 -30.723587 -17.944027
v -19.967171 -30.719677 -12.282619
v -19.757578 -30.723587 -12.282631
v -19.967171 -30.721947 -12.004290
v -19.757578 -30.723587 -12.003204
v -19.967171 -30.723553 -11.725863
v -19.967171 -30.723587 -11.476787
v -19.438463 -30.723587 -11.484671
v -19.439590 -30.723587 -11.721406
v -19.124119 -30.723587 -11.484671
v -19.124119 -30.723587 -11.721406
v -18.810081 -30.723587 -11.484671
v -18.810081 -30.723587 -11.721406
v -18.496044 -30.723587 -11.484671
v -18.496044 -30.723587 -11.721406
v -18.182007 -30.723587 -11.484671
v -18.182007 -30.723587 -11.721406
v -17.867970 -30.723587 -11.484671
v -17.867970 -30.723587 -11.721406
v -17.553934 -30.723587 -11.484671
v -17.553934 -30.723587 -11.721406
v -17.239897 -30.723587 -11.484671
v -17.239897 -30.723587 -11.721406
v -16.925859 -30.723587 -11.484671
v -16.925859 -30.723587 -11.721406
v -16.611822 -30.723587 -11.484671
v -16.611822 -30.723587 -11.721406
v -16.297785 -30.723587 -11.484671
v -16.297785 -30.723587 -11.721406
v -15.983747 -30.723587 -11.484671
v -15.983747 -30.723587 -11.721406
v -15.669586 -30.723587 -11.484671
v -15.669736 -30.723587 -11.721406
v -15.353799 -30.723587 -11.484671
v -15.355968 -30.723587 -11.721406
v -15.029247 -30.723587 -11.484671
v -15.044365 -30.723587 -11.721406
v -14.750563 -30.723587 -11.721406
v -14.539518 -30.723587 -11.462586
v -14.679298 -30.723587 -11.175430
v -14.539518 -30.723587 -11.171363
v -14.679298 -30.723587 -10.870004
v -14.539518 -30.723587 -10.869517
v -14.679298 -30.723587 -10.565538
v -14.539518 -30.723587 -10.565514
v -14.679298 -30.723587 -10.261263
v -14.539518 -30.723587 -10.261265
v -14.679298 -30.723587 -9.957003
v -14.539518 -30.723587 -9.957003
v -14.679298 -30.723587 -9.652739
v -14.539518 -30.723587 -9.652739
v -14.679298 -30.723587 -9.348482
v -14.539518 -30.723587 -9.348482
v -14.679298 -30.723587 -9.044218
v -14.539518 -30.723587 -9.044218
v -14.679298 -30.723587 -8.739956
v -14.539518 -30.723587 -8.739956
v -14.679298 -30.723587 -8.435627
v -14.539518 -30.723587 -8.435629
v -14.539518 -30.723587 -8.151785
v -14.538885 -30.723587 -7.891040
v -14.711361 -30.723587 -7.605199
v -14.527365 -30.723587 -7.604581
v -14.711361 -30.723587 -7.301025
v -14.511171 -30.723587 -7.304798
v -14.711361 -30.723587 -6.997108
v -14.494835 -30.723587 -7.002320
v -14.711361 -30.723587 -6.693519
v -14.478577 -30.723587 -6.698339
v -14.711361 -30.723587 -6.389230
v -14.474749 -30.723587 -6.391006
v -14.711361 -30.723587 -6.084990
v -14.474749 -30.723587 -6.085299
v -14.711361 -30.723587 -5.780809
v -14.474749 -30.723587 -5.780843
v -14.711361 -30.723587 -5.476608
v -14.474749 -30.723587 -5.476610
v -14.711361 -30.723587 -5.172400
v -14.474749 -30.723587 -5.172400
v -14.711361 -30.723587 -4.868189
v -14.474749 -30.723587 -4.868189
v -14.711361 -30.723587 -4.563978
v -14.474749 -30.723587 -4.563978
v -14.711361 -30.723587 -4.259767
v -14.474749 -30.723587 -4.259767
v -14.711361 -30.723587 -3.955556
v -14.474749 -30.723587 -3.955556
v -14.711361 -30.723587 -3.651341
v -14.474749 -30.723587 -3.651341
v -14.711361 -30.723587 -3.347133
v -14.474749 -30.723587 -3.347138
v -14.711361 -30.723587 -3.042736
v -14.474749 -30.723587 -3.043041
v -14.474749 -30.723587 -2.763047
v -15.006252 -30.723587 -2.676681
v -15.320542 -30.723587 -2.676681
v -15.635139 -30.723587 -2.676681
v -15.949697 -30.723587 -2.676681
v -16.264259 -30.723587 -2.676681
v -16.578819 -30.723587 -2.676681
v -16.893381 -30.723587 -2.676681
v -17.207941 -30.723587 -2.676681
v -17.522503 -30.723587 -2.676681
v -17.837063 -30.723587 -2.676681
v -18.151625 -30.723587 -2.676681
v -18.466187 -30.723587 -2.676681
v -18.780746 -30.723587 -2.676681
v -19.095306 -30.723587 -2.676681
v -19.409868 -30.723587 -2.676681
v -19.724430 -30.723587 -2.676681
v -20.038990 -30.723587 -2.676681
v -20.353554 -30.723587 -2.676681
v -20.668114 -30.723587 -2.676681
v -20.982674 -30.723587 -2.676681
v -21.297234 -30.723587 -2.676681
v -21.611795 -30.723587 -2.676681
v -21.926355 -30.723587 -2.676681
v -22.240919 -30.723587 -2.676681
v -22.555479 -30.723587 -2.676681
v -22.870033 -30.723587 -2.676681
v -23.184586 -30.723587 -2.676681
v -23.489140 -30.723587 -2.676760
v -23.774479 -30.723587 -2.982080
v -23.774479 -30.723587 -3.287899
v -23.774479 -30.723587 -3.594226
v -23.774479 -30.723587 -3.900573
v -23.774479 -30.723587 -4.206922
v -23.774479 -30.723587 -4.513270
v -23.774479 -30.723587 -4.819620
v -23.774479 -30.723587 -5.125971
v -23.774479 -30.723587 -5.432320
v -23.774479 -30.723587 -5.738668
v -23.774479 -30.723587 -6.045019
v -23.774479 -30.723587 -6.351368
v -23.774479 -30.723587 -6.657716
v -23.774479 -30.723587 -6.964129
v -23.774479 -30.723587 -7.271186
v -23.774479 -30.723587 -7.581691
v -23.984983 -30.723587 -8.468399
v -23.994043 -30.723587 -8.782381
v -23.995646 -30.723587 -9.096689
v -23.995955 -30.723587 -9.411009
v -23.996010 -30.723587 -9.725325
v -23.996021 -30.723564 -10.039648
v -23.996025 -30.722202 -10.353952
v -23.996025 -30.714687 -10.668173
v -23.996025 -30.711422 -10.982462
v -23.996023 -30.714405 -11.296757
v -23.996017 -30.717056 -11.611062
v -23.995987 -30.717396 -11.925379
v -23.995874 -30.717400 -12.239707
v -23.774479 -30.717400 -11.925388
v -23.774479 -30.717400 -12.239971
v -23.774479 -30.717400 -11.611062
v -23.774479 -30.714520 -11.296755
v -23.774479 -30.710510 -10.982466
v -23.774479 -30.714031 -10.668171
v -23.774479 -30.723297 -10.353977
v -23.774479 -30.723587 -10.039652
v -23.774479 -30.723587 -9.725325
v -23.774479 -30.723587 -9.411009
v -23.774479 -30.723587 -9.096685
v -23.774479 -30.723587 -8.782356
v -23.774479 -30.723587 -8.467707
v -23.670679 -30.723587 -7.902315
v -23.325720 -30.723587 -7.902315
v -23.335054 -30.723587 -8.131260
v -23.016651 -30.723587 -7.902315
v -23.018717 -30.723587 -8.131260
v -22.713230 -30.723587 -7.902315
v -22.713408 -30.723587 -8.131260
v -22.409817 -30.723587 -7.902315
v -22.409817 -30.723587 -8.131260
v -22.106344 -30.723587 -7.902315
v -22.106344 -30.723587 -8.131260
v -21.802876 -30.723587 -7.902315
v -21.802876 -30.723587 -8.131260
v -21.499405 -30.723587 -7.902315
v -21.499405 -30.723587 -8.131260
v -21.195934 -30.723587 -7.902315
v -21.195934 -30.723587 -8.131260
v -20.892477 -30.723587 -7.902315
v -20.892433 -30.723587 -8.131260
v -20.589268 -30.723587 -7.902315
v -20.588484 -30.723587 -8.131260
v -20.287617 -30.723587 -7.902315
v -20.281977 -30.723587 -8.131260
v -19.992998 -30.723587 -7.902315
v -19.724970 -30.723587 -7.902315
v -19.757578 -30.723587 -8.437996
v -19.967171 -30.723587 -8.437998
v -19.757578 -30.723587 -8.741739
v -19.967171 -30.723587 -8.741741
v -19.757578 -30.723587 -9.045469
v -19.967171 -30.723587 -9.045469
v -19.757578 -30.723587 -9.349205
v -19.967171 -30.723587 -9.349205
v -19.757578 -30.723587 -9.652939
v -19.967171 -30.723587 -9.652939
v -19.757578 -30.723587 -9.956669
v -19.967171 -30.723587 -9.956671
v -19.757578 -30.723587 -10.260405
v -19.967171 -30.723587 -10.260405
v -19.757578 -30.723587 -10.564152
v -19.967171 -30.723587 -10.564146
v -19.757578 -30.723587 -10.867924
v -19.967171 -30.723587 -10.867913
v -19.757578 -30.723587 -11.171709
v -19.967171 -30.723587 -11.171667
v -19.420872 -30.723587 -7.902315
v -19.427937 -30.723587 -8.131260
v -19.107693 -30.723587 -7.902315
v -19.108717 -30.723587 -8.131260
v -18.792719 -30.723587 -7.902315
v -18.792786 -30.723587 -8.131260
v -18.477461 -30.723587 -7.902315
v -18.477461 -30.723587 -8.131260
v -18.162184 -30.723587 -7.902315
v -18.162184 -30.723587 -8.131260
v -17.846907 -30.723587 -7.902315
v -17.846907 -30.723587 -8.131260
v -17.531628 -30.723587 -7.902315
v -17.531628 -30.723587 -8.131260
v -17.216351 -30.723587 -7.902315
v -17.216351 -30.723587 -8.131260
v -16.901073 -30.723587 -7.902315
v -16.901073 -30.723587 -8.131260
v -16.585794 -30.723587 -7.902315
v -16.585794 -30.723587 -8.131260
v -16.270517 -30.723587 -7.902315
v -16.270517 -30.723587 -8.131260
v -15.955239 -30.723587 -7.902315
v -15.955239 -30.723587 -8.131260
v -15.639926 -30.723587 -7.902315
v -15.639926 -30.723587 -8.131260
v -15.324034 -30.723587 -7.902315
v -15.324032 -30.723587 -8.131260
v -15.004881 -30.723587 -7.902315
v -15.004877 -30.723587 -8.131260
v -15.635137 -30.723587 -2.470024
v -16.893381 -30.723587 -2.470024
v -18.151625 -30.723587 -2.470024
v -19.409868 -30.723587 -2.470024
v -20.668114 -30.723587 -2.470024
v -21.926355 -30.723587 -2.470024
v -23.184633 -30.723587 -2.470024
v -15.949697 -30.723587 -2.470024
v -17.207941 -30.723587 -2.470024
v -18.466187 -30.723587 -2.470024
v -19.724430 -30.723587 -2.470024
v -20.982674 -30.723587 -2.470024
v -22.240919 -30.723587 -2.470024
v -23.497627 -30.723587 -2.470065
v -14.671598 -30.723587 -2.470024
v -15.005997 -30.723587 -2.470024
v -16.264259 -30.723587 -2.470024
v -17.522503 -30.723587 -2.470024
v -18.780746 -30.723587 -2.470024
v -20.038990 -30.723587 -2.470024
v -21.297234 -30.723587 -2.470024
v -22.555479 -30.723587 -2.470024
v -23.795757 -30.723587 -2.484810
v -15.320486 -30.723587 -2.470024
v -16.578819 -30.723587 -2.470024
v -17.837063 -30.723587 -2.470024
v -19.095306 -30.723587 -2.470024
v -20.353554 -30.723587 -2.470024
v -21.611795 -30.723587 -2.470024
v -22.870035 -30.723587 -2.470024
v -23.996025 -30.723587 -2.981600
v -23.996025 -30.723587 -4.206922
v -23.996025 -30.723587 -5.432320
v -23.996025 -30.723587 -6.657716
v -23.996025 -30.723587 -7.890679
v -23.996025 -30.723587 -3.287875
v -23.996025 -30.723587 -4.513270
v -23.996025 -30.723587 -5.738668
v -23.996025 -30.723587 -6.964084
v -23.996025 -30.723587 -2.688928
v -23.996025 -30.723587 -3.594224
v -23.996025 -30.723587 -4.819620
v -23.996025 -30.723587 -6.045019
v -23.996025 -30.723587 -7.270697
v -23.996025 -30.723587 -3.900573
v -23.996025 -30.723587 -5.125971
v -23.996025 -30.723587 -6.351368
v -23.996025 -30.723587 -7.578843
v -19.694851 -29.203840 -15.375628
v -19.669584 -29.203840 -15.687752
v -19.661312 -29.203840 -16.005680
v -19.658226 -29.203840 -16.324743
v -19.656931 -29.203840 -16.644060
v -19.656363 -29.203840 -16.963421
v -19.656103 -29.203840 -17.282717
v -19.655991 -29.203840 -17.601675
v -19.655952 -29.203840 -17.919294
v -19.656031 -29.203840 -18.231874
v -19.346184 -29.203840 -18.255215
v -14.475492 -29.203844 -25.105782
v -14.700361 -29.203844 -25.104275
v -14.682110 -29.203840 -13.750000
v -14.500263 -29.203840 -13.750364
v -19.358639 -29.203840 -15.358969
v -19.352926 -29.203840 -15.683414
v -19.349028 -29.203840 -16.004751
v -19.346836 -29.203840 -16.324537
v -19.345743 -29.203840 -16.644028
v -19.345221 -29.203840 -16.963472
v -19.344975 -29.203840 -17.282991
v -19.344870 -29.203840 -17.602943
v -19.344992 -29.203840 -17.925364
v -18.328112 -32.022297 -27.331688
v -18.266941 -31.961132 -27.347593
v -18.413879 -31.961132 -27.309359
v -18.352720 -32.022297 -27.325283
v -18.352720 -32.022297 -27.043201
v -18.413879 -31.961132 -27.035755
v -18.266941 -31.961132 -27.053619
v -18.328112 -32.022297 -27.046192
v -18.328112 -32.022297 -27.588432
v -18.266941 -31.961132 -27.604536
v -18.413879 -31.961132 -27.565826
v -18.352720 -32.022297 -27.581949
v -18.328112 -32.022297 -27.892132
v -18.266941 -31.961132 -27.899857
v -18.413879 -31.961132 -27.881273
v -18.352720 -32.022297 -27.889019
v -18.266941 -31.961132 -28.203760
v -18.328112 -32.022297 -28.203213
v -18.352720 -32.022297 -28.202991
v -18.413879 -31.961132 -28.202425
v -18.328112 -32.022297 -28.504570
v -18.266941 -31.961132 -28.498137
v -18.413879 -31.961132 -28.452406
v -18.475044 -31.961132 -28.513571
v -18.352720 -32.022297 -28.574745
v -18.266941 -31.961132 -28.711914
v -18.328112 -32.022297 -28.705790
v -18.327810 -31.961132 -28.767059
v -18.413885 -32.022297 -28.697317
v -18.413879 -31.961132 -28.758551
v -18.755808 -32.022297 -28.697330
v -18.755802 -31.961132 -28.758551
v -18.755804 -31.961132 -28.513571
v -18.755810 -32.022297 -28.574745
v -23.940231 -31.959805 -28.685074
v -23.934982 -32.020790 -28.624996
v -23.996136 -31.959139 -28.599108
v -23.774597 -31.961132 -28.758551
v -23.774603 -32.022297 -28.696321
v -23.996109 -31.958237 -28.347666
v -23.934959 -32.020203 -28.393478
v -23.774586 -31.961132 -28.452406
v -23.835779 -32.022297 -28.574745
v -23.713432 -31.961132 -28.513571
v -23.934921 -32.019661 -28.035074
v -23.996073 -31.957489 -28.035059
v -23.774504 -31.961132 -28.035078
v -23.835667 -32.021290 -28.035082
v -23.934906 -32.019611 -27.722446
v -23.996058 -31.957420 -27.722431
v -23.774464 -31.961132 -27.722452
v -23.835625 -32.021271 -27.722456
v -23.934898 -32.019753 -27.409840
v -23.996050 -31.957619 -27.409826
v -23.835587 -32.021328 -27.409847
v -23.774424 -31.961132 -27.409842
v -23.996035 -31.957981 -27.097227
v -23.934881 -32.020016 -27.097242
v -23.774382 -31.961132 -27.097248
v -23.835545 -32.021427 -27.097252
v -23.934858 -32.020271 -26.784630
v -23.996014 -31.958336 -26.784615
v -23.774342 -31.961132 -26.784637
v -23.835506 -32.021526 -26.784641
v -23.934837 -32.020515 -26.472023
v -23.995993 -31.958672 -26.472006
v -23.774302 -31.961132 -26.472029
v -23.835468 -32.021618 -26.472031
v -23.934814 -32.020729 -26.159412
v -23.995972 -31.958969 -26.159397
v -23.835426 -32.021702 -26.159422
v -23.774260 -31.961132 -26.159418
v -23.995951 -31.959263 -25.846788
v -23.934793 -32.020943 -25.846804
v -23.774220 -31.961132 -25.846809
v -23.835386 -32.021782 -25.846813
v -23.934776 -32.021236 -25.534193
v -23.995935 -31.959667 -25.534178
v -23.774181 -31.961132 -25.534199
v -23.835348 -32.021893 -25.534203
v -23.934750 -32.021484 -25.221582
v -23.995909 -31.960011 -25.221567
v -23.774141 -31.961132 -25.221586
v -23.835308 -32.021988 -25.221590
v -23.934710 -32.021740 -24.908983
v -23.995869 -31.960365 -24.908978
v -23.835264 -32.022087 -24.908976
v -23.774099 -31.961132 -24.908962
v -23.995811 -31.960682 -24.596596
v -23.934652 -32.021973 -24.596434
v -23.774059 -31.961132 -24.595972
v -23.835222 -32.022171 -24.596153
v -23.934748 -32.022190 -24.279469
v -23.995905 -31.960987 -24.284266
v -23.774015 -31.961132 -24.266829
v -23.835176 -32.022259 -24.271645
v -23.934839 -32.022274 -24.011063
v -23.996000 -31.961102 -24.006029
v -23.774597 -31.961130 -24.024210
v -23.835779 -32.022289 -24.019196
v -20.095638 -32.022297 -28.574745
v -20.104668 -31.961132 -28.513571
v -20.324213 -32.022297 -28.574745
v -20.317524 -31.961132 -28.513571
v -20.068481 -31.961132 -28.758551
v -20.077530 -32.022297 -28.697342
v -20.337608 -32.022297 -28.697334
v -20.344294 -31.961132 -28.758551
v -20.646633 -32.022297 -28.697321
v -20.648083 -31.961132 -28.758551
v -20.642260 -31.961132 -28.513571
v -20.643719 -32.022297 -28.574745
v -20.959068 -32.022297 -28.697304
v -20.959276 -31.961132 -28.758551
v -20.958424 -31.961132 -28.513571
v -20.958643 -32.022297 -28.574745
v -21.271881 -32.022297 -28.697277
v -21.271891 -31.961132 -28.758551
v -21.271851 -32.022297 -28.574745
v -21.271830 -31.961132 -28.513571
v -21.584713 -31.961132 -28.758551
v -21.584719 -32.022297 -28.697243
v -21.584711 -31.961132 -28.513571
v -21.584717 -32.022297 -28.574745
v -21.897560 -32.022297 -28.697193
v -21.897554 -31.961132 -28.758551
v -21.897554 -31.961132 -28.513571
v -21.897560 -32.022297 -28.574745
v -22.210400 -32.022297 -28.697130
v -22.210394 -31.961132 -28.758551
v -22.210394 -31.961132 -28.513571
v -22.210400 -32.022297 -28.574745
v -22.523243 -32.022297 -28.697044
v -22.523237 -31.961132 -28.758551
v -22.523243 -32.022297 -28.574745
v -22.523237 -31.961132 -28.513571
v -22.836077 -31.961132 -28.758551
v -22.836082 -32.022297 -28.696934
v -22.836077 -31.961132 -28.513571
v -22.836082 -32.022297 -28.574745
v -23.148922 -32.022297 -28.696783
v -23.148916 -31.961132 -28.758551
v -23.148916 -31.961132 -28.513571
v -23.148922 -32.022297 -28.574745
v -23.461763 -32.022297 -28.696585
v -23.461758 -31.961132 -28.758551
v -23.461758 -31.961132 -28.513571
v -23.461763 -32.022297 -28.574745
v -19.758373 -31.961132 -28.513571
v -19.756470 -32.022297 -28.574745
v -19.750723 -31.961132 -28.758551
v -19.752640 -32.022297 -28.697346
v -19.422892 -32.022297 -28.574745
v -19.423161 -31.961132 -28.513571
v -19.422062 -31.961132 -28.758551
v -19.422342 -32.022297 -28.697346
v -19.090889 -32.022297 -28.574745
v -19.090902 -31.961132 -28.513571
v -19.090822 -31.961132 -28.758551
v -19.090847 -32.022297 -28.697340
v -23.934872 -32.022293 -23.696531
v -23.996031 -31.961124 -23.696383
v -23.835777 -32.022293 -23.696756
v -23.774597 -31.961130 -23.696886
v -23.996161 -31.961096 -23.386515
v -23.935001 -32.022270 -23.386509
v -23.774597 -31.961130 -23.386457
v -23.835775 -32.022289 -23.386482
v -23.935505 -32.022011 -23.076288
v -23.996664 -31.960733 -23.076626
v -23.775293 -31.961130 -23.075369
v -23.836468 -32.022186 -23.075726
v -23.936047 -32.020027 -22.766363
v -23.997206 -31.958689 -22.766451
v -23.778051 -31.959307 -22.766104
v -23.839228 -32.020302 -22.766211
v -23.935509 -32.016064 -22.456451
v -23.996668 -31.955210 -22.456257
v -23.835770 -32.015556 -22.456749
v -23.774597 -31.954077 -22.456924
v -23.996180 -31.954889 -22.146278
v -23.935020 -32.015831 -22.146297
v -23.774597 -31.954077 -22.146315
v -23.835770 -32.015469 -22.146315
v -23.934977 -32.018833 -21.836235
v -23.996136 -31.957628 -21.836226
v -23.774597 -31.957769 -21.836229
v -23.835770 -32.018898 -21.836239
v -23.934982 -32.021782 -21.526180
v -23.996141 -31.960421 -21.526171
v -23.774597 -31.961130 -21.526169
v -23.835770 -32.022102 -21.526178
v -23.934982 -32.022236 -21.216108
v -23.996141 -31.961046 -21.216099
v -23.835770 -32.022274 -21.216106
v -23.774597 -31.961130 -21.216097
v -23.996143 -31.961123 -20.906025
v -23.934984 -32.022293 -20.906034
v -23.774597 -31.961130 -20.906023
v -23.835770 -32.022293 -20.906033
v -23.934984 -32.022297 -20.595961
v -23.996143 -31.961132 -20.595951
v -23.774597 -31.961130 -20.595951
v -23.835770 -32.022297 -20.595961
v -23.934984 -32.022297 -20.285889
v -23.996143 -31.961132 -20.285879
v -23.774597 -31.961130 -20.285879
v -23.835770 -32.022297 -20.285889
v -23.934984 -32.022297 -19.975815
v -23.996143 -31.961132 -19.975805
v -23.835768 -32.022297 -19.975815
v -23.774597 -31.961130 -19.975805
v -23.996143 -31.961132 -19.665731
v -23.934984 -32.022297 -19.665741
v -23.774597 -31.961130 -19.665731
v -23.835768 -32.022297 -19.665741
v -23.934982 -32.022297 -19.355667
v -23.996141 -31.961132 -19.355658
v -23.774597 -31.961130 -19.355658
v -23.835768 -32.022297 -19.355667
v -23.934984 -32.022293 -19.045595
v -23.996143 -31.961128 -19.045588
v -23.774597 -31.961126 -19.045582
v -23.835768 -32.022293 -19.045593
v -23.934984 -32.022293 -18.735519
v -23.996143 -31.961126 -18.735510
v -23.835768 -32.022293 -18.735521
v -23.774597 -31.961126 -18.735512
v -23.996143 -31.961126 -18.425438
v -23.934984 -32.022293 -18.425447
v -23.774597 -31.961126 -18.425438
v -23.835768 -32.022293 -18.425447
v -23.934984 -32.022289 -18.115376
v -23.996143 -31.961123 -18.115366
v -23.774597 -31.961126 -18.115364
v -23.835768 -32.022293 -18.115374
v -23.934984 -32.022251 -17.805302
v -23.996143 -31.961069 -17.805292
v -23.774597 -31.961126 -17.805296
v -23.835768 -32.022278 -17.805305
v -23.934984 -32.021908 -17.495228
v -23.996143 -31.960596 -17.495218
v -23.835768 -32.022148 -17.495228
v -23.774597 -31.961126 -17.495218
v -23.996141 -31.958158 -17.185163
v -23.934982 -32.019543 -17.185169
v -23.774597 -31.958939 -17.185146
v -23.835768 -32.019890 -17.185162
v -23.934984 -32.014133 -16.875143
v -23.996143 -31.953062 -16.875134
v -23.774597 -31.952709 -16.875135
v -23.835768 -32.013973 -16.875145
v -23.934986 -32.010162 -16.565105
v -23.996145 -31.949324 -16.565094
v -23.774597 -31.948128 -16.565104
v -23.835768 -32.009624 -16.565111
v -23.934980 -32.011612 -16.255045
v -23.996140 -31.950621 -16.255039
v -23.835768 -32.011322 -16.255037
v -23.774597 -31.949978 -16.255024
v -23.996145 -31.953810 -15.944988
v -23.934986 -32.015167 -15.944998
v -23.774597 -31.954496 -15.944988
v -23.835768 -32.015472 -15.944999
v -23.934980 -32.016022 -15.634928
v -23.996140 -31.954821 -15.634918
v -23.774597 -31.954939 -15.634920
v -23.835768 -32.016071 -15.634930
v -23.934982 -32.016098 -15.324854
v -23.996141 -31.954927 -15.324842
v -23.774597 -31.954939 -15.324850
v -23.835768 -32.016102 -15.324858
v -23.934984 -32.016106 -15.014779
v -23.996143 -31.954939 -15.014771
v -23.835768 -32.016106 -15.014779
v -23.774597 -31.954939 -15.014769
v -23.996143 -31.954939 -14.704698
v -23.934984 -32.016106 -14.704708
v -23.774597 -31.954939 -14.704702
v -23.835768 -32.016106 -14.704711
v -23.934982 -32.016106 -14.394634
v -23.996143 -31.954941 -14.394626
v -23.774597 -31.954939 -14.394623
v -23.835768 -32.016106 -14.394633
v -23.934982 -32.016106 -14.084559
v -23.996143 -31.954941 -14.084549
v -23.774597 -31.954941 -14.084553
v -23.835768 -32.016106 -14.084561
v -23.934963 -32.016106 -13.774488
v -23.996124 -31.954941 -13.774478
v -23.835768 -32.016106 -13.774490
v -23.774597 -31.954941 -13.774482
v -23.996058 -31.954941 -13.464397
v -23.934898 -32.016106 -13.464277
v -23.774597 -31.954941 -13.463928
v -23.835768 -32.016106 -13.464067
v -23.934671 -32.016106 -13.153360
v -23.995832 -31.954939 -13.154131
v -23.774597 -31.954941 -13.151310
v -23.835768 -32.016106 -13.152100
v -23.934387 -32.016106 -12.840981
v -23.995550 -31.954939 -12.843981
v -23.774597 -31.954941 -12.894273
v -23.713432 -31.954941 -12.833107
v -23.835768 -32.016106 -12.771952
v -23.934595 -32.016106 -12.557756
v -23.995764 -31.954939 -12.554676
v -23.713432 -31.954941 -12.565777
v -23.774597 -31.954939 -12.504611
v -23.835768 -32.016106 -12.626952
v -23.451668 -32.016106 -12.626952
v -23.451679 -31.954941 -12.565777
v -23.451626 -32.016106 -12.771952
v -23.451601 -31.954941 -12.833107
v -23.135483 -32.016106 -12.626952
v -23.135485 -31.954941 -12.565777
v -23.135450 -31.954941 -12.833107
v -23.135464 -32.016106 -12.771952
v -22.819271 -32.016106 -12.626952
v -22.819267 -31.954941 -12.565777
v -22.819260 -31.954941 -12.833107
v -22.819267 -32.016106 -12.771952
v -22.503042 -32.016106 -12.626952
v -22.503036 -31.954941 -12.565777
v -22.503042 -32.016106 -12.771952
v -22.503036 -31.954941 -12.833107
v -22.186810 -31.954941 -12.565777
v -22.186813 -32.016106 -12.626952
v -22.186806 -31.954941 -12.833107
v -22.186813 -32.016106 -12.771952
v -21.870579 -32.016106 -12.626952
v -21.870577 -31.954941 -12.565777
v -21.870560 -31.954941 -12.833107
v -21.870569 -32.016106 -12.771952
v -21.554329 -32.016106 -12.626952
v -21.554344 -31.954941 -12.565777
v -21.554251 -31.954941 -12.833107
v -21.554277 -32.016106 -12.771952
v -21.238251 -32.016106 -12.626730
v -21.238386 -31.954941 -12.565554
v -21.237913 -32.016106 -12.771952
v -21.237766 -31.954941 -12.833107
v -20.922668 -31.954941 -12.562145
v -20.922426 -32.016106 -12.623320
v -20.921568 -31.954941 -12.833107
v -20.921822 -32.016106 -12.771952
v -20.605749 -32.016106 -12.622860
v -20.605745 -31.954941 -12.561686
v -20.605734 -31.954941 -12.833107
v -20.605742 -32.016106 -12.771952
v -20.289528 -32.016106 -12.622860
v -20.289515 -31.954941 -12.561686
v -20.289553 -31.954941 -12.833107
v -20.289551 -32.016106 -12.771952
v -20.028454 -31.954941 -12.561686
v -19.906157 -32.016758 -12.622866
v -19.967289 -31.955439 -12.500520
v -19.967289 -31.955200 -12.894273
v -19.906157 -32.016876 -12.771949
v -20.028454 -31.954941 -12.833107
v -19.757696 -31.961128 -12.560997
v -19.818840 -32.020489 -12.561207
v -19.818840 -32.020489 -12.833797
v -19.757696 -31.961128 -12.834068
v -19.818850 -32.020836 -13.114298
v -19.757696 -31.961128 -13.114290
v -19.967289 -31.956135 -13.114285
v -19.906147 -32.018757 -13.114296
v -19.818857 -32.021183 -13.394428
v -19.757696 -31.961128 -13.394417
v -19.967289 -31.957325 -13.394424
v -19.906139 -32.019600 -13.394432
v -19.818863 -32.021530 -13.674553
v -19.757696 -31.961128 -13.674541
v -19.906134 -32.020443 -13.674555
v -19.967289 -31.958515 -13.674547
v -19.757696 -31.961128 -13.954665
v -19.818867 -32.021877 -13.954676
v -19.967289 -31.959705 -13.954667
v -19.906132 -32.021286 -13.954676
v -19.818867 -32.022156 -14.234797
v -19.757696 -31.961128 -14.234787
v -19.967289 -31.960663 -14.234788
v -19.906130 -32.021965 -14.234797
v -19.818867 -32.022293 -14.514918
v -19.757696 -31.961128 -14.514909
v -19.967289 -31.961124 -14.514910
v -19.906130 -32.022289 -14.514919
v -19.818867 -32.022293 -14.795018
v -19.757696 -31.961128 -14.794995
v -19.906130 -32.022293 -14.795037
v -19.967289 -31.961128 -14.795041
v -19.696531 -31.961128 -15.072189
v -19.757696 -31.961128 -15.011024
v -19.818867 -32.022293 -15.133364
v -19.967289 -31.961128 -15.075096
v -19.906130 -32.022293 -15.074257
v -19.967289 -31.961128 -15.380512
v -19.906130 -32.022293 -15.379525
v -19.967289 -31.961128 -15.691242
v -19.906130 -32.022293 -15.690627
v -19.906130 -32.022293 -16.006987
v -19.967289 -31.961128 -16.007189
v -19.967289 -31.961128 -16.325483
v -19.906130 -32.022293 -16.325436
v -19.967289 -31.961128 -16.644560
v -19.906130 -32.022293 -16.644560
v -19.967289 -31.961128 -16.963787
v -19.906130 -32.022293 -16.963814
v -19.906130 -32.022293 -17.282848
v -19.967289 -31.961128 -17.282759
v -19.967289 -31.961128 -17.600679
v -19.906130 -32.022293 -17.600973
v -19.967289 -31.961128 -17.915648
v -19.906130 -32.022293 -17.916462
v -19.967289 -31.961128 -18.224529
v -19.906130 -32.022293 -18.226072
v -19.656204 -31.961128 -18.525583
v -19.656229 -32.022293 -18.464428
v -19.967289 -31.961128 -18.464417
v -19.906124 -31.961128 -18.525583
v -19.906130 -32.022293 -18.464428
v -19.345552 -32.022293 -18.464428
v -19.345282 -31.961128 -18.525583
v -18.972742 -31.961128 -18.315884
v -19.033907 -31.961128 -18.254719
v -19.095078 -32.022293 -18.377058
v -19.034071 -31.961128 -18.525583
v -19.034029 -32.022293 -18.464428
v -18.723253 -32.022293 -18.377058
v -18.723244 -31.961128 -18.315884
v -18.723255 -31.961128 -18.525583
v -18.723257 -32.022293 -18.464428
v -18.412558 -32.022293 -18.377058
v -18.412552 -31.961128 -18.315884
v -18.412560 -32.022293 -18.464428
v -18.412554 -31.961128 -18.525583
v -18.101851 -31.961128 -18.315884
v -18.101856 -32.022293 -18.377058
v -18.101851 -31.961128 -18.525583
v -18.101856 -32.022293 -18.464428
v -17.791153 -32.022293 -18.377058
v -17.791147 -31.961128 -18.315884
v -17.791147 -31.961128 -18.525583
v -17.791153 -32.022293 -18.464428
v -17.480450 -32.022293 -18.377058
v -17.480444 -31.961128 -18.315884
v -17.480444 -31.961128 -18.525583
v -17.480450 -32.022293 -18.464428
v -17.169748 -32.022293 -18.377058
v -17.169743 -31.961128 -18.315884
v -17.169748 -32.022293 -18.464428
v -17.169743 -31.961128 -18.525583
v -16.859039 -31.961128 -18.315884
v -16.859045 -32.022293 -18.377058
v -16.859039 -31.961128 -18.525583
v -16.859045 -32.022293 -18.464428
v -16.548344 -32.022293 -18.377058
v -16.548338 -31.961128 -18.315884
v -16.548338 -31.961128 -18.525583
v -16.548344 -32.022293 -18.464428
v -16.237640 -32.022293 -18.377058
v -16.237635 -31.961128 -18.315884
v -16.237635 -31.961128 -18.525583
v -16.237640 -32.022293 -18.464428
v -15.926937 -32.022293 -18.377058
v -15.926931 -31.961128 -18.315884
v -15.926937 -32.022293 -18.464428
v -15.926931 -31.961128 -18.525583
v -15.616218 -31.961128 -18.315884
v -15.616226 -32.022293 -18.377058
v -15.616229 -31.961128 -18.525583
v -15.616232 -32.022293 -18.464428
v -15.305392 -32.022293 -18.377058
v -15.305340 -31.961128 -18.315884
v -15.305499 -31.961128 -18.525583
v -15.305458 -32.022293 -18.464428
v -14.993859 -32.022293 -18.377058
v -14.993563 -31.961128 -18.315884
v -14.994559 -31.961128 -18.525583
v -14.994274 -32.022293 -18.464428
v -14.740583 -31.961128 -18.315884
v -14.618258 -32.022293 -18.377058
v -14.679418 -31.961128 -18.254719
v -14.679418 -31.961128 -18.586748
v -14.618258 -32.022293 -18.464428
v -14.740583 -31.961128 -18.525583
v -14.475830 -31.961128 -18.302513
v -14.537001 -32.022293 -18.306540
v -14.537001 -32.022293 -18.533821
v -14.475830 -31.961128 -18.537344
v -14.537001 -32.022293 -18.855434
v -14.475830 -31.961128 -18.855440
v -14.679418 -31.961128 -18.855391
v -14.618258 -32.022293 -18.855415
v -14.537001 -32.022297 -19.170959
v -14.475830 -31.961132 -19.170950
v -14.679418 -31.961132 -19.170950
v -14.618258 -32.022297 -19.170959
v -14.537001 -32.022297 -19.486483
v -14.475830 -31.961132 -19.486473
v -14.618258 -32.022297 -19.486483
v -14.679418 -31.961132 -19.486473
v -14.475830 -31.961132 -19.801996
v -14.537001 -32.022297 -19.802006
v -14.679418 -31.961132 -19.801996
v -14.618258 -32.022297 -19.802006
v -14.537001 -32.022297 -20.117531
v -14.475830 -31.961132 -20.117521
v -14.679418 -31.961132 -20.117521
v -14.618258 -32.022297 -20.117531
v -14.537001 -32.022297 -20.433054
v -14.475830 -31.961132 -20.433044
v -14.679418 -31.961132 -20.433043
v -14.618257 -32.022297 -20.433052
v -14.537001 -32.022297 -20.748577
v -14.475830 -31.961132 -20.748568
v -14.618257 -32.022297 -20.748577
v -14.679418 -31.961132 -20.748568
v -14.475830 -31.961132 -21.064093
v -14.537001 -32.022297 -21.064102
v -14.679418 -31.961132 -21.064093
v -14.618256 -32.022297 -21.064102
v -14.537001 -32.022297 -21.379625
v -14.475830 -31.961132 -21.379616
v -14.679418 -31.961132 -21.379616
v -14.618256 -32.022297 -21.379625
v -14.537001 -32.022297 -21.695150
v -14.475830 -31.961132 -21.695141
v -14.679418 -31.961132 -21.695139
v -14.618254 -32.022297 -21.695148
v -14.537001 -32.022297 -22.010674
v -14.475830 -31.961132 -22.010674
v -14.618254 -32.022297 -22.010660
v -14.679418 -31.961132 -22.010641
v -14.475830 -31.961132 -22.326223
v -14.537001 -32.022297 -22.326178
v -14.679418 -31.961132 -22.326040
v -14.618252 -32.022297 -22.326105
v -14.537001 -32.022297 -22.641560
v -14.475830 -31.961132 -22.641741
v -14.679426 -31.961132 -22.641109
v -14.618258 -32.022297 -22.641308
v -14.537001 -32.022297 -22.956593
v -14.475830 -31.961132 -22.957106
v -14.685522 -31.961132 -22.955313
v -14.624358 -32.022297 -22.955845
v -14.537001 -32.022297 -23.271877
v -14.475830 -31.961132 -23.272457
v -14.631165 -32.022297 -23.270969
v -14.692329 -31.961132 -23.270369
v -14.475830 -31.961132 -23.587755
v -14.537001 -32.022297 -23.587439
v -14.699163 -31.961132 -23.586563
v -14.637990 -32.022297 -23.586899
v -14.537001 -32.022297 -23.903061
v -14.475830 -31.961132 -23.903179
v -14.699692 -31.961132 -23.902708
v -14.638514 -32.022297 -23.902847
v -14.537001 -32.022297 -24.218458
v -14.475830 -31.961132 -24.218454
v -14.699692 -31.961132 -24.218433
v -14.638509 -32.022297 -24.218449
v -14.537025 -32.022297 -24.534058
v -14.475856 -31.961132 -24.534769
v -14.638502 -32.022297 -24.532860
v -14.699692 -31.961132 -24.532129
v -14.419298 -31.961132 -24.851479
v -14.479573 -31.961132 -24.790319
v -14.542534 -32.022297 -24.912653
v -14.720267 -31.961132 -24.790506
v -14.786289 -31.961132 -24.851479
v -14.668743 -32.022297 -24.912653
v -14.786289 -31.961132 -25.360506
v -14.721689 -31.961132 -25.421574
v -14.667336 -32.022297 -25.299351
v -14.786289 -31.961132 -25.360506
v -14.786295 -32.022297 -25.299351
v -14.847454 -31.961132 -25.299341
v -14.786295 -32.022297 -25.104782
v -14.847454 -31.961132 -25.104807
v -14.786289 -31.961132 -24.851479
v -14.847454 -31.961132 -24.912643
v -14.786295 -32.022297 -24.912653
v -14.487617 -31.961132 -25.421251
v -14.419298 -31.961132 -25.360506
v -14.534487 -32.022297 -25.299351
v -14.577042 -32.022297 -25.660751
v -14.515720 -31.961132 -25.659826
v -14.646952 -32.022297 -25.661795
v -14.708127 -31.961132 -25.662699
v -14.235800 -31.961132 -25.107512
v -14.296970 -32.022297 -25.107195
v -14.296965 -31.961132 -25.360506
v -14.235800 -31.961132 -25.299341
v -14.296970 -32.022297 -25.299351
v -14.296965 -31.961132 -24.851479
v -14.296970 -32.022297 -24.912653
v -14.235800 -31.961132 -24.912643
v -14.577323 -32.022297 -25.955906
v -14.516026 -31.961132 -25.955240
v -14.646885 -32.022297 -25.956648
v -14.708058 -31.961132 -25.957293
v -14.516026 -31.961132 -26.242332
v -14.577310 -32.022297 -26.250175
v -14.708057 -31.961132 -26.205715
v -14.769222 -31.961132 -26.266880
v -14.646885 -32.022297 -26.328054
v -14.516026 -31.961132 -26.440598
v -14.577305 -32.022297 -26.430555
v -14.576414 -31.961132 -26.492043
v -14.708063 -32.022297 -26.409534
v -14.708057 -31.961132 -26.470858
v -15.031608 -32.022297 -26.409576
v -15.031602 -31.961132 -26.470858
v -15.031602 -31.961132 -26.266880
v -15.031608 -32.022297 -26.328054
v -15.352688 -31.961132 -26.470858
v -15.352694 -32.022297 -26.409607
v -15.352694 -32.022297 -26.328054
v -15.352688 -31.961132 -26.266880
v -15.672526 -32.022297 -26.409630
v -15.672521 -31.961132 -26.470858
v -15.672521 -31.961132 -26.266880
v -15.672526 -32.022297 -26.328054
v -15.992134 -32.022297 -26.409647
v -15.992128 -31.961132 -26.470858
v -15.992134 -32.022297 -26.328054
v -15.992128 -31.961132 -26.266880
v -16.311720 -31.961132 -26.470858
v -16.311726 -32.022297 -26.409660
v -16.311720 -31.961132 -26.266880
v -16.311726 -32.022297 -26.328054
v -16.631321 -32.022297 -26.409668
v -16.631315 -31.961132 -26.470858
v -16.631315 -31.961132 -26.266880
v -16.631321 -32.022297 -26.328054
v -16.950914 -32.022297 -26.409676
v -16.950909 -31.961132 -26.470858
v -16.950909 -31.961132 -26.266880
v -16.950914 -32.022297 -26.328054
v -17.270567 -32.022297 -26.409681
v -17.270597 -31.961132 -26.470858
v -17.270521 -32.022297 -26.328054
v -17.270479 -31.961132 -26.266880
v -17.591537 -31.961132 -26.470858
v -17.590996 -32.022297 -26.409683
v -17.589710 -31.961132 -26.266880
v -17.590263 -32.022297 -26.328054
v -17.915152 -32.022297 -26.409687
v -17.919167 -31.961132 -26.470858
v -17.905762 -31.961132 -26.266880
v -17.909786 -32.022297 -26.328054
v -18.205776 -31.961132 -26.470858
v -18.328112 -32.022297 -26.409687
v -18.266941 -31.961132 -26.532022
v -18.201080 -31.961132 -26.266880
v -18.220835 -32.022297 -26.328056
v -18.413879 -31.961132 -26.495140
v -18.352720 -32.022297 -26.485043
v -18.352715 -31.961132 -26.266880
v -18.413879 -31.961132 -26.328045
v -18.352720 -32.022297 -26.328054
v -18.266941 -31.961132 -26.758394
v -18.328112 -32.022297 -26.758541
v -18.352720 -32.022297 -26.758598
v -18.413879 -31.961132 -26.758726
v -14.679418 -31.961128 -17.978462
v -14.618258 -32.022293 -17.977249
v -14.475830 -31.961128 -17.974394
v -14.537001 -32.022293 -17.975626
v -14.618258 -32.022293 -17.649336
v -14.679418 -31.961128 -17.649548
v -14.475830 -31.961128 -17.648813
v -14.537001 -32.022293 -17.649044
v -14.618258 -32.022293 -17.323397
v -14.679418 -31.961128 -17.323404
v -14.537001 -32.022293 -17.323372
v -14.475830 -31.961128 -17.323345
v -14.679418 -31.961128 -16.996819
v -14.618258 -32.022293 -16.996828
v -14.475830 -31.961128 -16.996819
v -14.537001 -32.022293 -16.996828
v -14.618258 -32.022293 -16.668167
v -14.679418 -31.961128 -16.668158
v -14.475830 -31.961128 -16.668158
v -14.537001 -32.022293 -16.668167
v -14.618258 -32.022293 -16.338531
v -14.679418 -31.961128 -16.338512
v -14.475830 -31.961128 -16.338541
v -14.537001 -32.022293 -16.338543
v -14.618258 -32.022293 -16.008621
v -14.679418 -31.961128 -16.008463
v -14.537001 -32.022293 -16.008818
v -14.475830 -31.961128 -16.008957
v -14.679418 -31.961128 -15.677135
v -14.618258 -32.022293 -15.678243
v -14.475830 -31.961128 -15.680788
v -14.537001 -32.022293 -15.679701
v -14.679418 -31.961128 -15.402632
v -14.618258 -32.022293 -15.284131
v -14.740459 -31.961128 -15.337580
v -14.475830 -31.961128 -15.359392
v -14.537001 -32.022293 -15.354016
v -14.679418 -31.961128 -15.011024
v -14.740583 -31.961128 -15.072189
v -14.618258 -32.022293 -15.133364
v -14.475830 -31.961128 -15.059422
v -14.537001 -32.022293 -15.063267
v -14.618258 -32.022293 -14.745446
v -14.679418 -31.961128 -14.746187
v -14.537001 -32.022293 -14.744449
v -14.475830 -31.961128 -14.743689
v -14.679418 -31.961128 -14.423159
v -14.618258 -32.022293 -14.423073
v -14.475830 -31.961128 -14.422842
v -14.537001 -32.022293 -14.422947
v -14.679418 -31.961128 -14.162381
v -14.618258 -32.022293 -14.040060
v -14.740583 -31.961128 -14.101216
v -14.475830 -31.961128 -14.162381
v -14.414665 -31.961128 -14.101216
v -14.537001 -32.022293 -14.040060
v -14.307253 -31.961128 -13.752894
v -14.368423 -32.022293 -13.752246
v -14.368418 -31.961128 -14.101216
v -14.307253 -31.961128 -14.040051
v -14.368423 -32.022293 -14.040060
v -14.473118 -31.961128 -13.398025
v -14.535173 -31.961128 -13.333218
v -14.594406 -32.022293 -13.452058
v -14.368309 -31.961128 -13.404291
v -14.368423 -32.022293 -13.465569
v -14.307253 -31.961128 -13.469107
v -14.692567 -31.961128 -13.334269
v -14.753561 -31.961128 -13.400007
v -14.631407 -32.022293 -13.452195
v -14.631407 -32.022293 -13.116088
v -14.692567 -31.961128 -13.116280
v -14.538729 -31.961128 -13.115770
v -14.599901 -32.022293 -13.115983
v -14.631407 -32.022293 -12.837314
v -14.692567 -31.961128 -12.837362
v -14.539638 -31.961128 -12.837215
v -14.600809 -32.022293 -12.837285
v -14.692567 -31.961128 -12.558413
v -14.631407 -32.022293 -12.558413
v -14.600809 -32.022293 -12.558409
v -14.539638 -31.961128 -12.558390
v -14.631407 -32.022293 -12.279485
v -14.692567 -31.961128 -12.279476
v -14.539638 -31.961128 -12.279474
v -14.600809 -32.022293 -12.279485
v -14.631407 -32.022293 -12.000550
v -14.692567 -31.961128 -12.000540
v -14.539638 -31.961128 -12.000540
v -14.600809 -32.022293 -12.000550
v -14.692567 -31.961128 -11.782773
v -14.631407 -32.022293 -11.782784
v -14.631401 -31.961128 -11.721607
v -14.539638 -31.961128 -11.782773
v -14.600803 -31.961128 -11.721607
v -14.600809 -32.022293 -11.782784
v -14.859385 -31.961128 -13.752693
v -14.798225 -32.022293 -13.751927
v -14.859385 -31.961128 -13.469107
v -14.798225 -32.022293 -13.464703
v -14.798391 -31.961128 -13.403368
v -14.859385 -31.961128 -14.040051
v -14.798220 -31.961128 -14.101216
v -14.798225 -32.022293 -14.040060
v -14.997751 -32.022293 -15.259971
v -14.998661 -31.961128 -15.321140
v -14.995857 -32.022293 -15.133364
v -14.994937 -31.961128 -15.072189
v -15.307443 -32.022293 -15.259974
v -15.307650 -31.961128 -15.321140
v -15.306783 -31.961128 -15.072189
v -15.307001 -32.022293 -15.133364
v -15.617886 -32.022293 -15.259976
v -15.617914 -31.961128 -15.321140
v -15.617815 -32.022293 -15.133364
v -15.617775 -31.961128 -15.072189
v -15.928574 -31.961128 -15.321140
v -15.928577 -32.022293 -15.259978
v -15.928566 -31.961128 -15.072189
v -15.928574 -32.022293 -15.133364
v -16.239315 -32.022293 -15.259980
v -16.239309 -31.961128 -15.321140
v -16.239307 -31.961128 -15.072189
v -16.239313 -32.022293 -15.133364
v -16.550055 -32.022293 -15.259981
v -16.550049 -31.961128 -15.321140
v -16.550049 -31.961128 -15.072189
v -16.550055 -32.022293 -15.133364
v -16.860796 -32.022293 -15.259982
v -16.860790 -31.961128 -15.321140
v -16.860794 -32.022293 -15.133364
v -16.860788 -31.961128 -15.072189
v -17.171530 -31.961128 -15.321140
v -17.171535 -32.022293 -15.259982
v -17.171530 -31.961128 -15.072189
v -17.171535 -32.022293 -15.133364
v -17.482277 -32.022293 -15.259983
v -17.482271 -31.961128 -15.321140
v -17.482269 -31.961128 -15.072189
v -17.482275 -32.022293 -15.133364
v -17.793018 -32.022293 -15.259983
v -17.793013 -31.961128 -15.321140
v -17.793013 -31.961128 -15.072189
v -17.793018 -32.022293 -15.133364
v -18.103760 -32.022293 -15.259983
v -18.103754 -31.961128 -15.321140
v -18.103762 -32.022293 -15.133364
v -18.103756 -31.961128 -15.072189
v -18.414417 -31.961128 -15.321140
v -18.414457 -32.022293 -15.259984
v -18.414560 -31.961128 -15.072189
v -18.414532 -32.022293 -15.133364
v -18.725039 -32.022293 -15.259984
v -18.724752 -31.961128 -15.321140
v -18.725893 -31.961128 -15.072189
v -18.725618 -32.022293 -15.133364
v -18.972742 -31.961128 -15.321140
v -19.095078 -32.022293 -15.259984
v -19.033907 -31.961128 -15.382305
v -19.040134 -31.961128 -15.072189
v -19.038610 -32.022293 -15.133364
v -19.363379 -32.022293 -15.133364
v -19.364582 -31.961128 -15.072189
v -19.033907 -31.961128 -15.672396
v -19.095078 -32.022293 -15.674603
v -19.095078 -32.022293 -16.003185
v -19.033907 -31.961128 -16.002689
v -19.095078 -32.022293 -16.324656
v -19.033907 -31.961128 -16.324562
v -19.095078 -32.022293 -16.644444
v -19.033907 -31.961128 -16.644423
v -19.033907 -31.961128 -16.964010
v -19.095078 -32.022293 -16.964003
v -19.095078 -32.022293 -17.283932
v -19.033907 -31.961128 -17.284040
v -19.095078 -32.022293 -17.606501
v -19.033907 -31.961128 -17.607248
v -19.033907 -31.961128 -17.944229
v -19.095078 -32.022293 -17.940620
v -19.967289 -31.957216 -12.282822
v -19.906139 -32.019524 -12.282835
v -19.757696 -31.961128 -12.282833
v -19.818857 -32.021152 -12.282839
v -19.906132 -32.021130 -12.004185
v -19.967289 -31.959486 -12.004492
v -19.757696 -31.961128 -12.003407
v -19.818865 -32.021816 -12.003733
v -19.906130 -32.022270 -11.724774
v -19.967289 -31.961092 -11.726065
v -19.757696 -31.961128 -11.782773
v -19.696531 -31.961128 -11.721607
v -19.818867 -32.022293 -11.660452
v -19.906130 -32.022293 -11.479300
v -19.967289 -31.961126 -11.476988
v -19.696531 -31.961128 -11.484873
v -19.757696 -31.961128 -11.423707
v -19.818867 -32.022293 -11.546047
v -19.438879 -32.022293 -11.546047
v -19.438581 -31.961128 -11.484873
v -19.439423 -32.022293 -11.660452
v -19.439709 -31.961128 -11.721607
v -19.124243 -32.022293 -11.546047
v -19.124237 -31.961128 -11.484873
v -19.124237 -31.961128 -11.721607
v -19.124243 -32.022293 -11.660452
v -18.810205 -32.022293 -11.546047
v -18.810200 -31.961128 -11.484873
v -18.810200 -31.961128 -11.721607
v -18.810205 -32.022293 -11.660452
v -18.496168 -32.022293 -11.546047
v -18.496162 -31.961128 -11.484873
v -18.496168 -32.022293 -11.660452
v -18.496162 -31.961128 -11.721607
v -18.182125 -31.961128 -11.484873
v -18.182131 -32.022293 -11.546047
v -18.182125 -31.961128 -11.721607
v -18.182131 -32.022293 -11.660452
v -17.868093 -32.022293 -11.546047
v -17.868088 -31.961128 -11.484873
v -17.868088 -31.961128 -11.721607
v -17.868093 -32.022293 -11.660452
v -17.554058 -32.022293 -11.546047
v -17.554052 -31.961128 -11.484873
v -17.554052 -31.961128 -11.721607
v -17.554058 -32.022293 -11.660452
v -17.240021 -32.022293 -11.546047
v -17.240015 -31.961128 -11.484873
v -17.240021 -32.022293 -11.660452
v -17.240015 -31.961128 -11.721607
v -16.925978 -31.961128 -11.484873
v -16.925983 -32.022293 -11.546047
v -16.925978 -31.961128 -11.721607
v -16.925983 -32.022293 -11.660452
v -16.611946 -32.022293 -11.546047
v -16.611940 -31.961128 -11.484873
v -16.611940 -31.961128 -11.721607
v -16.611946 -32.022293 -11.660452
v -16.297909 -32.022293 -11.546047
v -16.297903 -31.961128 -11.484873
v -16.297903 -31.961128 -11.721607
v -16.297909 -32.022293 -11.660452
v -15.983872 -32.022293 -11.546047
v -15.983867 -31.961128 -11.484873
v -15.983872 -32.022293 -11.660452
v -15.983867 -31.961128 -11.721607
v -15.669705 -31.961128 -11.484873
v -15.669750 -32.022293 -11.546047
v -15.669855 -31.961128 -11.721607
v -15.669823 -32.022293 -11.660452
v -15.354485 -32.022293 -11.546047
v -15.353918 -31.961128 -11.484873
v -15.356088 -31.961128 -11.721607
v -15.355533 -32.022293 -11.660452
v -15.033278 -32.022293 -11.546047
v -15.029366 -31.961128 -11.484873
v -15.044483 -31.961128 -11.721607
v -15.040583 -32.022293 -11.660452
v -14.740583 -31.961128 -11.484873
v -14.618258 -32.022293 -11.546047
v -14.679418 -31.961128 -11.423707
v -14.732275 -32.022293 -11.660452
v -14.750681 -31.961128 -11.721607
v -14.539638 -31.961128 -11.462788
v -14.600815 -32.022293 -11.472463
v -14.600803 -31.961128 -11.721607
v -14.539638 -31.961128 -11.660442
v -14.600815 -32.022293 -11.660452
v -14.679418 -31.961128 -11.175632
v -14.618258 -32.022293 -11.173862
v -14.539638 -31.961128 -11.171564
v -14.600815 -32.022293 -11.173355
v -14.618258 -32.022293 -10.870003
v -14.679418 -31.961128 -10.870205
v -14.539638 -31.961128 -10.869719
v -14.600817 -32.022293 -10.869942
v -14.618258 -32.022293 -10.565739
v -14.679418 -31.961128 -10.565741
v -14.600819 -32.022293 -10.565737
v -14.539638 -31.961128 -10.565716
v -14.679418 -31.961128 -10.261465
v -14.618258 -32.022293 -10.261476
v -14.539638 -31.961128 -10.261467
v -14.600821 -32.022293 -10.261476
v -14.618258 -32.022293 -9.957214
v -14.679418 -31.961128 -9.957205
v -14.539638 -31.961128 -9.957205
v -14.600824 -32.022293 -9.957214
v -14.618258 -32.022293 -9.652951
v -14.679418 -31.961128 -9.652941
v -14.539638 -31.961128 -9.652941
v -14.600829 -32.022293 -9.652951
v -14.618258 -32.022293 -9.348694
v -14.679418 -31.961128 -9.348684
v -14.600836 -32.022293 -9.348694
v -14.539638 -31.961128 -9.348684
v -14.679418 -31.961128 -9.044420
v -14.618258 -32.022293 -9.044431
v -14.539638 -31.961128 -9.044420
v -14.600844 -32.022293 -9.044431
v -14.618258 -32.022293 -8.740169
v -14.679418 -31.961128 -8.740158
v -14.539638 -31.961128 -8.740158
v -14.600857 -32.022293 -8.740169
v -14.618258 -32.022293 -8.435840
v -14.679418 -31.961128 -8.435829
v -14.539638 -31.961128 -8.435831
v -14.600872 -32.022293 -8.435840
v -14.679418 -31.961128 -8.192627
v -14.618258 -32.022293 -8.070307
v -14.740583 -31.961128 -8.131462
v -14.600892 -32.022293 -8.143003
v -14.539638 -31.961128 -8.151987
v -14.685980 -31.961128 -7.841704
v -14.740583 -31.961128 -7.902517
v -14.611554 -32.022293 -7.963692
v -14.539003 -31.961128 -7.891242
v -14.600320 -32.022293 -7.896175
v -14.650249 -32.022293 -7.605206
v -14.711480 -31.961128 -7.605402
v -14.527483 -31.961128 -7.604784
v -14.588638 -32.022293 -7.604999
v -14.650267 -32.022293 -7.302391
v -14.711480 -31.961128 -7.301227
v -14.511290 -31.961128 -7.305000
v -14.572393 -32.022293 -7.303858
v -14.650280 -32.022293 -6.998794
v -14.711480 -31.961128 -6.997311
v -14.556055 -32.022293 -7.001061
v -14.494953 -31.961128 -7.002522
v -14.711480 -31.961128 -6.693721
v -14.650290 -32.022293 -6.694999
v -14.478695 -31.961128 -6.698542
v -14.539816 -32.022293 -6.697286
v -14.650297 -32.022293 -6.389901
v -14.711480 -31.961128 -6.389432
v -14.474867 -31.961128 -6.391208
v -14.536001 -32.022293 -6.390759
v -14.650303 -32.022293 -6.085281
v -14.711480 -31.961128 -6.085192
v -14.474867 -31.961128 -6.085502
v -14.536002 -32.022293 -6.085431
v -14.650307 -32.022293 -5.781030
v -14.711480 -31.961128 -5.781012
v -14.535999 -32.022293 -5.781046
v -14.474867 -31.961128 -5.781045
v -14.711480 -31.961128 -5.476810
v -14.650311 -32.022293 -5.476821
v -14.474867 -31.961128 -5.476812
v -14.535995 -32.022293 -5.476821
v -14.650312 -32.022293 -5.172611
v -14.711480 -31.961128 -5.172602
v -14.474867 -31.961128 -5.172602
v -14.535986 -32.022293 -5.172611
v -14.650314 -32.022293 -4.868401
v -14.711480 -31.961128 -4.868391
v -14.474867 -31.961128 -4.868391
v -14.535973 -32.022293 -4.868401
v -14.650316 -32.022293 -4.564190
v -14.711480 -31.961128 -4.564180
v -14.535955 -32.022293 -4.564190
v -14.474867 -31.961128 -4.564180
v -14.711480 -31.961128 -4.259969
v -14.650317 -32.022293 -4.259978
v -14.474867 -31.961128 -4.259969
v -14.535931 -32.022293 -4.259978
v -14.650318 -32.022293 -3.955768
v -14.711480 -31.961128 -3.955758
v -14.474867 -31.961128 -3.955758
v -14.535898 -32.022293 -3.955768
v -14.650318 -32.022293 -3.651553
v -14.711480 -31.961128 -3.651544
v -14.474867 -31.961128 -3.651544
v -14.535853 -32.022293 -3.651553
v -14.650318 -32.022293 -3.347346
v -14.711480 -31.961128 -3.347335
v -14.535794 -32.022293 -3.347348
v -14.474867 -31.961128 -3.347341
v -14.711480 -31.961128 -3.042938
v -14.650319 -32.022293 -3.043027
v -14.474867 -31.961128 -3.043243
v -14.535715 -32.022293 -3.043175
v -14.711480 -31.961128 -2.738049
v -14.650319 -32.022293 -2.615726
v -14.772646 -31.961128 -2.676883
v -14.474867 -31.961128 -2.763249
v -14.535611 -32.022293 -2.741089
v -15.006300 -32.022293 -2.615726
v -15.006371 -31.961128 -2.676883
v -15.320650 -32.022293 -2.615726
v -15.320662 -31.961128 -2.676883
v -15.635259 -31.961128 -2.676883
v -15.635263 -32.022293 -2.615726
v -15.949822 -32.022293 -2.615726
v -15.949817 -31.961128 -2.676883
v -16.264383 -32.022293 -2.615726
v -16.264378 -31.961128 -2.676883
v -16.578943 -32.022293 -2.615726
v -16.578938 -31.961128 -2.676883
v -16.893499 -31.961128 -2.676883
v -16.893505 -32.022293 -2.615726
v -17.208065 -32.022293 -2.615726
v -17.208059 -31.961128 -2.676883
v -17.522627 -32.022293 -2.615726
v -17.522621 -31.961128 -2.676883
v -17.837187 -32.022293 -2.615726
v -17.837181 -31.961128 -2.676883
v -18.151743 -31.961128 -2.676883
v -18.151749 -32.022293 -2.615726
v -18.466311 -32.022293 -2.615726
v -18.466305 -31.961128 -2.676883
v -18.780870 -32.022293 -2.615726
v -18.780865 -31.961128 -2.676883
v -19.095430 -32.022293 -2.615726
v -19.095425 -31.961128 -2.676883
v -19.409986 -31.961128 -2.676883
v -19.409992 -32.022293 -2.615726
v -19.724554 -32.022293 -2.615726
v -19.724548 -31.961128 -2.676883
v -20.039114 -32.022293 -2.615726
v -20.039108 -31.961128 -2.676883
v -20.353678 -32.022293 -2.615726
v -20.353672 -31.961128 -2.676883
v -20.668232 -31.961128 -2.676883
v -20.668238 -32.022293 -2.615726
v -20.982798 -32.022293 -2.615726
v -20.982792 -31.961128 -2.676883
v -21.297358 -32.022293 -2.615725
v -21.297352 -31.961128 -2.676883
v -21.611919 -32.022293 -2.615725
v -21.611914 -31.961128 -2.676883
v -21.926474 -31.961128 -2.676883
v -21.926479 -32.022293 -2.615724
v -22.241043 -32.022293 -2.615723
v -22.241037 -31.961128 -2.676883
v -22.555603 -32.022293 -2.615721
v -22.555597 -31.961128 -2.676883
v -22.870157 -32.022293 -2.615719
v -22.870152 -31.961128 -2.676883
v -23.184704 -31.961128 -2.676883
v -23.184723 -32.022293 -2.615716
v -23.491776 -32.022293 -2.615792
v -23.489258 -31.961128 -2.676962
v -23.713757 -31.961128 -2.700164
v -23.835768 -32.022293 -2.651343
v -23.774597 -31.961128 -2.767618
v -23.774597 -31.961128 -2.982283
v -23.835768 -32.022293 -2.982160
v -23.835768 -32.022293 -3.288104
v -23.774597 -31.961128 -3.288101
v -23.835768 -32.022293 -3.594437
v -23.774597 -31.961128 -3.594428
v -23.835768 -32.022293 -3.900784
v -23.774597 -31.961128 -3.900775
v -23.774597 -31.961128 -4.207124
v -23.835768 -32.022293 -4.207133
v -23.835768 -32.022293 -4.513482
v -23.774597 -31.961128 -4.513473
v -23.835768 -32.022293 -4.819832
v -23.774597 -31.961128 -4.819822
v -23.835768 -32.022293 -5.126183
v -23.774597 -31.961128 -5.126173
v -23.774597 -31.961128 -5.432522
v -23.835768 -32.022293 -5.432531
v -23.835768 -32.022293 -5.738880
v -23.774597 -31.961128 -5.738871
v -23.835768 -32.022293 -6.045231
v -23.774597 -31.961128 -6.045221
v -23.835768 -32.022293 -6.351580
v -23.774597 -31.961128 -6.351570
v -23.774597 -31.961128 -6.657918
v -23.835768 -32.022293 -6.657928
v -23.835768 -32.022293 -6.964329
v -23.774597 -31.961128 -6.964331
v -23.835768 -32.022293 -7.271263
v -23.774597 -31.961128 -7.271389
v -23.835768 -32.022293 -7.581117
v -23.774597 -31.961128 -7.581893
v -23.713432 -31.961128 -7.902517
v -23.774597 -31.961128 -7.841352
v -23.835768 -32.022293 -7.963692
v -23.945948 -31.961126 -8.224054
v -23.865223 -32.022293 -8.102949
v -23.997440 -31.961128 -8.163273
v -23.985102 -31.961126 -8.468601
v -23.923761 -32.022293 -8.468409
v -23.994162 -31.961126 -8.782583
v -23.932869 -32.022293 -8.782585
v -23.934504 -32.022293 -9.096900
v -23.995764 -31.961126 -9.096891
v -23.996073 -31.961126 -9.411211
v -23.934837 -32.022293 -9.411221
v -23.996128 -31.961126 -9.725527
v -23.934912 -32.022293 -9.725536
v -23.996140 -31.961103 -10.039850
v -23.934937 -32.022278 -10.039861
v -23.934952 -32.021210 -10.354171
v -23.996143 -31.959740 -10.354155
v -23.996143 -31.952225 -10.668375
v -23.934959 -32.013210 -10.668385
v -23.996143 -31.948959 -10.982664
v -23.934965 -32.009876 -10.982675
v -23.996141 -31.951944 -11.296959
v -23.934967 -32.013142 -11.296968
v -23.934965 -32.015858 -11.611274
v -23.996136 -31.954596 -11.611263
v -23.996105 -31.954935 -11.925581
v -23.934937 -32.016102 -11.925593
v -23.995993 -31.954939 -12.239908
v -23.934826 -32.016106 -12.239992
v -23.774597 -31.954937 -11.925591
v -23.835768 -32.016106 -11.925597
v -23.774597 -31.954939 -12.240173
v -23.835768 -32.016106 -12.240110
v -23.774597 -31.954937 -11.611263
v -23.835768 -32.016010 -11.611274
v -23.774597 -31.952057 -11.296957
v -23.835768 -32.013195 -11.296967
v -23.774597 -31.948048 -10.982668
v -23.835768 -32.009468 -10.982677
v -23.774597 -31.951567 -10.668373
v -23.835768 -32.012917 -10.668383
v -23.774597 -31.960833 -10.354179
v -23.835768 -32.021702 -10.354182
v -23.835768 -32.022285 -10.039863
v -23.774597 -31.961124 -10.039854
v -23.774597 -31.961124 -9.725527
v -23.835768 -32.022293 -9.725536
v -23.774597 -31.961126 -9.411211
v -23.835768 -32.022293 -9.411221
v -23.774597 -31.961126 -9.096888
v -23.835768 -32.022293 -9.096899
v -23.774597 -31.961126 -8.782558
v -23.835768 -32.022293 -8.782575
v -23.774597 -31.961126 -8.467909
v -23.835768 -32.022293 -8.468120
v -23.774597 -31.961126 -8.192627
v -23.713432 -31.961128 -8.131462
v -23.835768 -32.022293 -8.070307
v -23.698534 -32.022293 -7.963692
v -23.670797 -31.961128 -7.902517
v -23.325838 -31.961128 -7.902517
v -23.328339 -32.022293 -7.963692
v -23.332684 -32.022293 -8.070307
v -23.335173 -31.961128 -8.131462
v -23.017326 -32.022293 -7.963692
v -23.016769 -31.961128 -7.902517
v -23.018835 -31.961128 -8.131462
v -23.018290 -32.022293 -8.070307
v -22.713402 -32.022293 -7.963692
v -22.713348 -31.961128 -7.902517
v -22.713526 -31.961128 -8.131462
v -22.713484 -32.022293 -8.070307
v -22.409941 -32.022293 -7.963692
v -22.409935 -31.961128 -7.902517
v -22.409935 -31.961128 -8.131462
v -22.409941 -32.022293 -8.070307
v -22.106462 -31.961128 -7.902517
v -22.106468 -32.022293 -7.963692
v -22.106468 -32.022293 -8.070307
v -22.106462 -31.961128 -8.131462
v -21.802999 -32.022293 -7.963692
v -21.802994 -31.961128 -7.902517
v -21.802994 -31.961128 -8.131462
v -21.802999 -32.022293 -8.070307
v -21.499529 -32.022293 -7.963692
v -21.499523 -31.961128 -7.902517
v -21.499523 -31.961128 -8.131462
v -21.499529 -32.022293 -8.070307
v -21.196058 -32.022293 -7.963692
v -21.196053 -31.961128 -7.902517
v -21.196053 -31.961128 -8.131462
v -21.196058 -32.022293 -8.070307
v -20.892595 -31.961128 -7.902517
v -20.892590 -32.022293 -7.963692
v -20.892569 -32.022293 -8.070307
v -20.892551 -31.961128 -8.131462
v -20.589182 -32.022293 -7.963692
v -20.589386 -31.961128 -7.902517
v -20.588602 -31.961128 -8.131462
v -20.588818 -32.022293 -8.070307
v -20.286234 -32.022293 -7.963692
v -20.287735 -31.961128 -7.902517
v -20.282095 -31.961128 -8.131462
v -20.283607 -32.022293 -8.070307
v -19.986221 -32.022293 -7.963692
v -19.993116 -31.961128 -7.902517
v -20.028454 -31.961128 -8.131462
v -19.967289 -31.961128 -8.192627
v -19.906130 -32.022293 -8.070307
v -19.725088 -31.961128 -7.902517
v -19.733805 -32.022293 -7.963692
v -19.757696 -31.961128 -8.192627
v -19.696531 -31.961128 -8.131462
v -19.818867 -32.022293 -8.070307
v -19.818867 -32.022293 -8.438208
v -19.757696 -31.961128 -8.438198
v -19.906130 -32.022293 -8.438210
v -19.967289 -31.961128 -8.438200
v -19.818867 -32.022293 -8.741951
v -19.757696 -31.961128 -8.741941
v -19.967289 -31.961128 -8.741943
v -19.906130 -32.022293 -8.741953
v -19.818867 -32.022293 -9.045681
v -19.757696 -31.961128 -9.045671
v -19.967289 -31.961128 -9.045671
v -19.906130 -32.022293 -9.045681
v -19.757696 -31.961128 -9.349407
v -19.818867 -32.022293 -9.349417
v -19.906130 -32.022293 -9.349417
v -19.967289 -31.961128 -9.349407
v -19.818867 -32.022293 -9.653151
v -19.757696 -31.961128 -9.653141
v -19.967289 -31.961128 -9.653141
v -19.906130 -32.022293 -9.653151
v -19.818867 -32.022293 -9.956882
v -19.757696 -31.961128 -9.956871
v -19.967289 -31.961128 -9.956873
v -19.906130 -32.022293 -9.956882
v -19.818867 -32.022293 -10.260616
v -19.757696 -31.961128 -10.260607
v -19.967289 -31.961128 -10.260607
v -19.906130 -32.022293 -10.260616
v -19.757696 -31.961128 -10.564354
v -19.818867 -32.022293 -10.564362
v -19.906130 -32.022293 -10.564360
v -19.967289 -31.961128 -10.564348
v -19.818867 -32.022293 -10.868133
v -19.757696 -31.961128 -10.868126
v -19.967289 -31.961128 -10.868114
v -19.906130 -32.022293 -10.868128
v -19.757696 -31.961128 -11.171911
v -19.818867 -32.022293 -11.171908
v -19.967289 -31.961128 -11.171869
v -19.906130 -32.022293 -11.171891
v -19.422884 -32.022293 -7.963692
v -19.420990 -31.961128 -7.902517
v -19.428055 -31.961128 -8.131462
v -19.426172 -32.022293 -8.070307
v -19.107811 -31.961128 -7.902517
v -19.108089 -32.022293 -7.963692
v -19.108568 -32.022293 -8.070307
v -19.108835 -31.961128 -8.131462
v -18.792860 -32.022293 -7.963692
v -18.792837 -31.961128 -7.902517
v -18.792904 -31.961128 -8.131462
v -18.792892 -32.022293 -8.070307
v -18.477585 -32.022293 -7.963692
v -18.477579 -31.961128 -7.902517
v -18.477579 -31.961128 -8.131462
v -18.477585 -32.022293 -8.070307
v -18.162308 -32.022293 -7.963692
v -18.162302 -31.961128 -7.902517
v -18.162302 -31.961128 -8.131462
v -18.162308 -32.022293 -8.070307
v -17.847025 -31.961128 -7.902517
v -17.847031 -32.022293 -7.963692
v -17.847031 -32.022293 -8.070307
v -17.847025 -31.961128 -8.131462
v -17.531752 -32.022293 -7.963692
v -17.531746 -31.961128 -7.902517
v -17.531746 -31.961128 -8.131462
v -17.531752 -32.022293 -8.070307
v -17.216475 -32.022293 -7.963692
v -17.216469 -31.961128 -7.902517
v -17.216469 -31.961128 -8.131462
v -17.216475 -32.022293 -8.070307
v -16.901197 -32.022293 -7.963692
v -16.901192 -31.961128 -7.902517
v -16.901192 -31.961128 -8.131462
v -16.901197 -32.022293 -8.070307
v -16.585913 -31.961128 -7.902517
v -16.585918 -32.022293 -7.963692
v -16.585918 -32.022293 -8.070307
v -16.585913 -31.961128 -8.131462
v -16.270641 -32.022293 -7.963692
v -16.270636 -31.961128 -7.902517
v -16.270636 -31.961128 -8.131462
v -16.270641 -32.022293 -8.070307
v -15.955364 -32.022293 -7.963692
v -15.955359 -31.961128 -7.902517
v -15.955359 -31.961128 -8.131462
v -15.955364 -32.022293 -8.070307
v -15.640051 -32.022293 -7.963692
v -15.640045 -31.961128 -7.902517
v -15.640045 -31.961128 -8.131462
v -15.640051 -32.022293 -8.070307
v -15.324153 -31.961128 -7.902517
v -15.324158 -32.022293 -7.963692
v -15.324158 -32.022293 -8.070307
v -15.324151 -31.961128 -8.131462
v -15.005004 -32.022293 -7.963692
v -15.004999 -31.961128 -7.902517
v -15.004995 -31.961128 -8.131462
v -15.005002 -32.022293 -8.070307
v -15.635262 -32.022293 -2.531389
v -15.635256 -31.961128 -2.470226
v -16.893505 -32.022293 -2.531398
v -16.893499 -31.961128 -2.470226
v -18.151749 -32.022293 -2.531401
v -18.151743 -31.961128 -2.470226
v -19.409992 -32.022293 -2.531403
v -19.409986 -31.961128 -2.470226
v -20.668238 -32.022293 -2.531406
v -20.668232 -31.961128 -2.470226
v -21.926479 -32.022293 -2.531417
v -21.926474 -31.961128 -2.470226
v -23.184742 -32.022293 -2.531450
v -23.184752 -31.961128 -2.470226
v -15.949821 -32.022293 -2.531392
v -15.949816 -31.961128 -2.470226
v -17.208065 -32.022293 -2.531399
v -17.208059 -31.961128 -2.470226
v -18.466311 -32.022293 -2.531401
v -18.466305 -31.961128 -2.470226
v -19.724554 -32.022293 -2.531404
v -19.724548 -31.961128 -2.470226
v -20.982798 -32.022293 -2.531408
v -20.982792 -31.961128 -2.470226
v -22.241043 -32.022293 -2.531423
v -22.241037 -31.961128 -2.470226
v -23.495237 -32.022293 -2.531507
v -23.497746 -31.961128 -2.470267
v -14.683487 -32.022293 -2.531373
v -14.671718 -31.961128 -2.470226
v -14.459862 -31.961128 -2.615364
v -14.510738 -31.961128 -2.532456
v -14.520660 -32.022293 -2.594314
v -15.006197 -32.022293 -2.531381
v -15.006115 -31.961128 -2.470226
v -16.264383 -32.022293 -2.531394
v -16.264378 -31.961128 -2.470226
v -17.522627 -32.022293 -2.531400
v -17.522621 -31.961128 -2.470226
v -18.780870 -32.022293 -2.531402
v -18.780865 -31.961128 -2.470226
v -20.039114 -32.022293 -2.531404
v -20.039108 -31.961128 -2.470226
v -21.297358 -32.022293 -2.531410
v -21.297352 -31.961128 -2.470226
v -22.555603 -32.022293 -2.531429
v -22.555597 -31.961128 -2.470226
v -23.795876 -31.961128 -2.485012
v -23.790012 -32.022293 -2.546109
v -15.320627 -32.022293 -2.531385
v -15.320605 -31.961128 -2.470226
v -16.578943 -32.022293 -2.531396
v -16.578938 -31.961128 -2.470226
v -17.837187 -32.022293 -2.531400
v -17.837181 -31.961128 -2.470226
v -19.095430 -32.022293 -2.531402
v -19.095425 -31.961128 -2.470226
v -20.353678 -32.022293 -2.531404
v -20.353672 -31.961128 -2.470226
v -21.611919 -32.022293 -2.531413
v -21.611914 -31.961128 -2.470226
v -22.870159 -32.022293 -2.531439
v -22.870153 -31.961128 -2.470226
v -23.934927 -32.022293 -2.981944
v -23.996143 -31.961128 -2.981802
v -23.934956 -32.022293 -4.207133
v -23.996143 -31.961128 -4.207124
v -23.934942 -32.022293 -5.432531
v -23.996143 -31.961128 -5.432522
v -23.934870 -32.022293 -6.657928
v -23.996143 -31.961128 -6.657918
v -23.934639 -32.022293 -7.894122
v -23.996143 -31.961128 -7.890882
v -23.934940 -32.022293 -3.288094
v -23.996143 -31.961128 -3.288077
v -23.934956 -32.022293 -4.513482
v -23.996143 -31.961128 -4.513473
v -23.934933 -32.022293 -5.738880
v -23.996143 -31.961128 -5.738871
v -23.934834 -32.022293 -6.964309
v -23.996143 -31.961128 -6.964286
v -24.015820 -31.961128 -8.163157
v -23.996431 -32.022293 -8.102122
v -24.059551 -31.961128 -8.104142
v -23.934912 -32.022293 -2.693928
v -23.996143 -31.961128 -2.689130
v -23.934948 -32.022293 -3.594437
v -23.996143 -31.961128 -3.594426
v -23.934954 -32.022293 -4.819832
v -23.996143 -31.961128 -4.819822
v -23.934917 -32.022293 -6.045231
v -23.996143 -31.961128 -6.045221
v -23.934788 -32.022293 -7.271044
v -23.996143 -31.961128 -7.270899
v -23.934952 -32.022293 -3.900784
v -23.996143 -31.961128 -3.900775
v -23.934950 -32.022293 -5.126183
v -23.996143 -31.961128 -5.126173
v -23.934898 -32.022293 -6.351580
v -23.996143 -31.961128 -6.351570
v -23.934723 -32.022293 -7.579844
v -23.996143 -31.961128 -7.579045
v -23.945671 -31.961128 -2.478861
v -24.003729 -31.961128 -2.537440
v -23.942608 -32.022293 -2.539858
v -18.413761 -30.723591 -28.452204
v -18.474926 -30.723591 -28.513369
v -18.266823 -30.723591 -28.711712
v -18.327690 -30.723591 -28.766857
v -23.996017 -30.721598 -28.598904
v -23.940113 -30.722263 -28.684872
v -23.774467 -30.723591 -28.452204
v -23.713314 -30.723591 -28.513369
v -23.713314 -30.717400 -12.832906
v -23.774479 -30.717400 -12.894071
v -23.774479 -30.717400 -12.504409
v -23.713314 -30.717400 -12.565575
v -20.028336 -30.717400 -12.561483
v -19.967171 -30.717899 -12.500318
v -19.967171 -30.717659 -12.894071
v -20.028336 -30.717400 -12.832906
v -19.696411 -30.723587 -15.071987
v -19.757578 -30.723587 -15.010821
v -19.906004 -30.723587 -18.525381
v -19.967171 -30.723587 -18.464216
v -19.033789 -30.723587 -18.254517
v -18.972622 -30.723587 -18.315681
v -14.740464 -30.723587 -18.315681
v -14.679298 -30.723587 -18.254517
v -14.740464 -30.723587 -18.525381
v -14.679298 -30.723587 -18.586546
v -14.419179 -30.723591 -24.851276
v -14.479454 -30.723591 -24.790117
v -14.786170 -30.723591 -24.851276
v -14.720149 -30.723591 -24.790304
v -14.786170 -30.723591 -25.360304
v -14.721570 -30.723591 -25.421371
v -14.847336 -30.723591 -25.299139
v -14.786170 -30.723591 -25.360304
v -14.847336 -30.723591 -24.912441
v -14.786170 -30.723591 -24.851276
v -14.487499 -30.723591 -25.421049
v -14.419179 -30.723591 -25.360304
v -14.235682 -30.723591 -25.299139
v -14.296846 -30.723591 -25.360304
v -14.296846 -30.723591 -24.851276
v -14.235682 -30.723591 -24.912441
v -14.769104 -30.723591 -26.266678
v -14.707939 -30.723591 -26.205513
v -14.576295 -30.723591 -26.491840
v -14.515907 -30.723591 -26.440395
v -18.266823 -30.723591 -26.531820
v -18.205656 -30.723591 -26.470655
v -18.413761 -30.723591 -26.327843
v -18.352594 -30.723591 -26.266678
v -14.679298 -30.723587 -15.402430
v -14.740341 -30.723587 -15.337378
v -14.679298 -30.723587 -15.010821
v -14.740464 -30.723587 -15.071987
v -14.679298 -30.723587 -14.162179
v -14.740464 -30.723587 -14.101014
v -14.414546 -30.723587 -14.101014
v -14.475712 -30.723587 -14.162179
v -14.307135 -30.723587 -14.039848
v -14.368299 -30.723587 -14.101014
v -14.473000 -30.723587 -13.397823
v -14.535055 -30.723587 -13.333015
v -14.368191 -30.723587 -13.404089
v -14.307135 -30.723587 -13.468904
v -14.753443 -30.723587 -13.399805
v -14.692448 -30.723587 -13.334066
v -14.692448 -30.723587 -11.782571
v -14.631283 -30.723587 -11.721406
v -14.539518 -30.723587 -11.782571
v -14.600684 -30.723587 -11.721406
v -14.859266 -30.723587 -13.468904
v -14.798273 -30.723587 -13.403166
v -14.798101 -30.723587 -14.101014
v -14.859266 -30.723587 -14.039848
v -18.972622 -30.723587 -15.320938
v -19.033789 -30.723587 -15.382103
v -19.696411 -30.723587 -11.721406
v -19.757578 -30.723587 -11.782571
v -19.757578 -30.723587 -11.423505
v -19.696411 -30.723587 -11.484671
v -14.740464 -30.723587 -11.484671
v -14.679298 -30.723587 -11.423505
v -14.539518 -30.723587 -11.660240
v -14.600684 -30.723587 -11.721406
v -14.679298 -30.723587 -8.192425
v -14.740464 -30.723587 -8.131260
v -14.740464 -30.723587 -7.902315
v -14.685862 -30.723587 -7.841502
v -14.711361 -30.723587 -2.737846
v -14.772527 -30.723587 -2.676681
v -23.774479 -30.723587 -2.767416
v -23.713638 -30.723587 -2.699962
v -23.774479 -30.723587 -7.841149
v -23.713314 -30.723587 -7.902315
v -23.997322 -30.723587 -8.163070
v -23.945827 -30.723587 -8.223852
v -23.713314 -30.723587 -8.131260
v -23.774479 -30.723587 -8.192425
v -19.967171 -30.723587 -8.192425
v -20.028336 -30.723587 -8.131260
v -19.696411 -30.723587 -8.131260
v -19.757578 -30.723587 -8.192425
v -14.459743 -30.723587 -2.615162
v -14.510620 -30.723587 -2.532254
v -24.059433 -30.723587 -8.103940
v -24.015701 -30.723587 -8.162954
v -23.945553 -30.723587 -2.478659
v -24.003611 -30.723587 -2.537238
v -18.266682 -29.265009 -27.347153
v -18.327843 -29.203844 -27.331226
v -18.352449 -29.203844 -27.324825
v -18.413620 -29.265009 -27.308918
v -18.413620 -29.265009 -27.035315
v -18.352449 -29.203844 -27.042740
v -18.327843 -29.203844 -27.045734
v -18.266682 -29.265009 -27.053179
v -18.266682 -29.265009 -27.604095
v -18.327843 -29.203844 -27.587973
v -18.352449 -29.203844 -27.581490
v -18.413620 -29.265009 -27.565386
v -18.266682 -29.265009 -27.899416
v -18.327843 -29.203844 -27.891670
v -18.352449 -29.203844 -27.888557
v -18.413620 -29.265009 -27.880833
v -18.327843 -29.203844 -28.202755
v -18.266682 -29.265009 -28.203320
v -18.413620 -29.265009 -28.201984
v -18.352449 -29.203844 -28.202530
v -18.266682 -29.265009 -28.497696
v -18.327843 -29.203844 -28.504112
v -18.413620 -29.265009 -28.451965
v -18.352449 -29.203844 -28.574286
v -18.474787 -29.265009 -28.513130
v -18.327551 -29.265009 -28.766621
v -18.327843 -29.203844 -28.705330
v -18.266682 -29.265009 -28.711473
v -18.413620 -29.265009 -28.758110
v -18.413614 -29.203844 -28.696857
v -18.755543 -29.265009 -28.758110
v -18.755537 -29.203844 -28.696873
v -18.755539 -29.203844 -28.574286
v -18.755545 -29.265009 -28.513130
v -23.939974 -29.263683 -28.684635
v -23.995878 -29.263016 -28.598667
v -23.934711 -29.202335 -28.624538
v -23.774332 -29.203844 -28.695862
v -23.774338 -29.265009 -28.758110
v -23.934689 -29.201748 -28.393021
v -23.995850 -29.262114 -28.347225
v -23.713173 -29.265009 -28.513130
v -23.835510 -29.203844 -28.574286
v -23.774326 -29.265009 -28.451965
v -23.995813 -29.261366 -28.034618
v -23.934650 -29.201206 -28.034615
v -23.835396 -29.202837 -28.034622
v -23.774244 -29.265009 -28.034637
v -23.995798 -29.261297 -27.721991
v -23.934635 -29.201157 -27.721987
v -23.835356 -29.202820 -27.721996
v -23.774204 -29.265009 -27.722012
v -23.995790 -29.261496 -27.409386
v -23.934628 -29.201300 -27.409380
v -23.774164 -29.265009 -27.409401
v -23.835316 -29.202873 -27.409388
v -23.934610 -29.201561 -27.096783
v -23.995775 -29.261858 -27.096786
v -23.835276 -29.202974 -27.096792
v -23.774122 -29.265009 -27.096807
v -23.995754 -29.262213 -26.784174
v -23.934589 -29.201818 -26.784172
v -23.835236 -29.203072 -26.784180
v -23.774082 -29.265009 -26.784197
v -23.995733 -29.262548 -26.471565
v -23.934566 -29.202061 -26.471561
v -23.835197 -29.203165 -26.471573
v -23.774042 -29.265009 -26.471588
v -23.995712 -29.262846 -26.158957
v -23.934544 -29.202278 -26.158953
v -23.774000 -29.265009 -26.158978
v -23.835155 -29.203247 -26.158962
v -23.934523 -29.202490 -25.846344
v -23.995691 -29.263140 -25.846348
v -23.835115 -29.203327 -25.846354
v -23.773960 -29.265009 -25.846369
v -23.995676 -29.263544 -25.533737
v -23.934507 -29.202782 -25.533733
v -23.835077 -29.203440 -25.533743
v -23.773922 -29.265009 -25.533758
v -23.995649 -29.263887 -25.221127
v -23.934479 -29.203032 -25.221123
v -23.835037 -29.203533 -25.221130
v -23.773882 -29.265009 -25.221146
v -23.995609 -29.264242 -24.908537
v -23.934439 -29.203289 -24.908524
v -23.773840 -29.265009 -24.908522
v -23.834993 -29.203632 -24.908516
v -23.934381 -29.203518 -24.595974
v -23.995552 -29.264559 -24.596155
v -23.834951 -29.203720 -24.595694
v -23.773800 -29.265009 -24.595531
v -23.995646 -29.264864 -24.283825
v -23.934477 -29.203739 -24.279009
v -23.834908 -29.203804 -24.271183
v -23.773756 -29.265009 -24.266388
v -23.995741 -29.264978 -24.005589
v -23.934568 -29.203821 -24.010601
v -23.835508 -29.203835 -24.018736
v -23.774338 -29.265009 -24.023769
v -20.104408 -29.265009 -28.513130
v -20.095367 -29.203844 -28.574286
v -20.317265 -29.265009 -28.513130
v -20.323942 -29.203844 -28.574286
v -20.077259 -29.203844 -28.696882
v -20.068222 -29.265009 -28.758110
v -20.344034 -29.265009 -28.758110
v -20.337339 -29.203844 -28.696875
v -20.647823 -29.265009 -28.758110
v -20.646362 -29.203844 -28.696861
v -20.643448 -29.203844 -28.574286
v -20.642000 -29.265009 -28.513130
v -20.959017 -29.265009 -28.758110
v -20.958797 -29.203844 -28.696842
v -20.958372 -29.203844 -28.574287
v -20.958164 -29.265009 -28.513130
v -21.271631 -29.265009 -28.758110
v -21.271610 -29.203844 -28.696817
v -21.271570 -29.265009 -28.513130
v -21.271580 -29.203844 -28.574287
v -21.584448 -29.203844 -28.696781
v -21.584454 -29.265009 -28.758110
v -21.584446 -29.203844 -28.574286
v -21.584452 -29.265009 -28.513130
v -21.897295 -29.265009 -28.758110
v -21.897289 -29.203844 -28.696735
v -21.897289 -29.203844 -28.574286
v -21.897295 -29.265009 -28.513130
v -22.210135 -29.265009 -28.758110
v -22.210129 -29.203844 -28.696671
v -22.210129 -29.203844 -28.574286
v -22.210135 -29.265009 -28.513130
v -22.522978 -29.265009 -28.758110
v -22.522972 -29.203844 -28.696587
v -22.522978 -29.265009 -28.513130
v -22.522972 -29.203844 -28.574286
v -22.835812 -29.203844 -28.696472
v -22.835817 -29.265009 -28.758110
v -22.835812 -29.203844 -28.574286
v -22.835817 -29.265009 -28.513130
v -23.148657 -29.265009 -28.758110
v -23.148651 -29.203844 -28.696323
v -23.148651 -29.203844 -28.574286
v -23.148657 -29.265009 -28.513130
v -23.461498 -29.265009 -28.758110
v -23.461493 -29.203844 -28.696125
v -23.461493 -29.203844 -28.574286
v -23.461498 -29.265009 -28.513130
v -19.756199 -29.203844 -28.574286
v -19.758114 -29.265009 -28.513130
v -19.752369 -29.203844 -28.696884
v -19.750463 -29.265009 -28.758110
v -19.422901 -29.265009 -28.513130
v -19.422621 -29.203844 -28.574287
v -19.422071 -29.203844 -28.696884
v -19.421803 -29.265009 -28.758110
v -19.090643 -29.265009 -28.513130
v -19.090618 -29.203844 -28.574286
v -19.090578 -29.203844 -28.696880
v -19.090563 -29.265009 -28.758110
v -23.995771 -29.265001 -23.695942
v -23.934601 -29.203838 -23.696072
v -23.774338 -29.265009 -23.696445
v -23.835506 -29.203842 -23.696297
v -23.934731 -29.203819 -23.386047
v -23.995901 -29.264975 -23.386074
v -23.835505 -29.203835 -23.386024
v -23.774338 -29.265009 -23.386017
v -23.996405 -29.264612 -23.076185
v -23.935234 -29.203556 -23.075829
v -23.836199 -29.203733 -23.075266
v -23.775034 -29.265011 -23.074928
v -23.996946 -29.262568 -22.766010
v -23.935776 -29.201574 -22.765903
v -23.838959 -29.201847 -22.765751
v -23.777792 -29.263187 -22.765663
v -23.996408 -29.259089 -22.455816
v -23.935238 -29.197611 -22.455990
v -23.774338 -29.257957 -22.456484
v -23.835499 -29.197102 -22.456289
v -23.934750 -29.197378 -22.145838
v -23.995920 -29.258768 -22.145838
v -23.835499 -29.197014 -22.145855
v -23.774338 -29.257957 -22.145874
v -23.995876 -29.261507 -21.835785
v -23.934706 -29.200380 -21.835775
v -23.835499 -29.200443 -21.835777
v -23.774338 -29.261650 -21.835789
v -23.995882 -29.264299 -21.525730
v -23.934711 -29.203329 -21.525719
v -23.835499 -29.203648 -21.525719
v -23.774338 -29.265011 -21.525728
v -23.995882 -29.264925 -21.215658
v -23.934711 -29.203783 -21.215649
v -23.774338 -29.265011 -21.215656
v -23.835499 -29.203819 -21.215647
v -23.934713 -29.203838 -20.905575
v -23.995884 -29.265001 -20.905584
v -23.835499 -29.203842 -20.905573
v -23.774338 -29.265009 -20.905582
v -23.995884 -29.265009 -20.595510
v -23.934713 -29.203844 -20.595501
v -23.835499 -29.203844 -20.595501
v -23.774338 -29.265009 -20.595510
v -23.995884 -29.265009 -20.285439
v -23.934713 -29.203844 -20.285429
v -23.835499 -29.203844 -20.285429
v -23.774338 -29.265009 -20.285439
v -23.995884 -29.265009 -19.975365
v -23.934713 -29.203844 -19.975355
v -23.774338 -29.265009 -19.975365
v -23.835499 -29.203844 -19.975355
v -23.934713 -29.203844 -19.665281
v -23.995884 -29.265009 -19.665291
v -23.835499 -29.203844 -19.665281
v -23.774338 -29.265009 -19.665291
v -23.995882 -29.265009 -19.355217
v -23.934711 -29.203844 -19.355207
v -23.835499 -29.203844 -19.355207
v -23.774338 -29.265009 -19.355217
v -23.995884 -29.265005 -19.045147
v -23.934713 -29.203840 -19.045135
v -23.835499 -29.203840 -19.045132
v -23.774338 -29.265005 -19.045141
v -23.995884 -29.265005 -18.735069
v -23.934713 -29.203840 -18.735060
v -23.774338 -29.265005 -18.735071
v -23.835499 -29.203840 -18.735062
v -23.934713 -29.203840 -18.424988
v -23.995884 -29.265005 -18.424997
v -23.835499 -29.203840 -18.424988
v -23.774338 -29.265005 -18.424997
v -23.995884 -29.265001 -18.114925
v -23.934713 -29.203836 -18.114916
v -23.835499 -29.203838 -18.114914
v -23.774338 -29.265007 -18.114923
v -23.995884 -29.264950 -17.804852
v -23.934713 -29.203798 -17.804842
v -23.835499 -29.203823 -17.804844
v -23.774338 -29.265007 -17.804855
v -23.995884 -29.264477 -17.494778
v -23.934713 -29.203455 -17.494768
v -23.774338 -29.265007 -17.494778
v -23.835499 -29.203693 -17.494768
v -23.934711 -29.201088 -17.184708
v -23.995882 -29.262039 -17.184723
v -23.835497 -29.201437 -17.184700
v -23.774338 -29.262821 -17.184706
v -23.995884 -29.256943 -16.874693
v -23.934713 -29.195679 -16.874683
v -23.835499 -29.195520 -16.874685
v -23.774338 -29.256592 -16.874695
v -23.995886 -29.253204 -16.564653
v -23.934715 -29.191708 -16.564646
v -23.835497 -29.191174 -16.564650
v -23.774338 -29.252010 -16.564663
v -23.995880 -29.254501 -16.254599
v -23.934710 -29.193157 -16.254585
v -23.774338 -29.253860 -16.254583
v -23.835497 -29.192869 -16.254578
v -23.934715 -29.196712 -15.944538
v -23.995886 -29.257690 -15.944548
v -23.835497 -29.197020 -15.944538
v -23.774338 -29.258377 -15.944549
v -23.995880 -29.258699 -15.634478
v -23.934710 -29.197567 -15.634468
v -23.835499 -29.197620 -15.634469
v -23.774338 -29.258820 -15.634480
v -23.995882 -29.258806 -15.324402
v -23.934711 -29.197643 -15.324394
v -23.835499 -29.197649 -15.324398
v -23.774338 -29.258820 -15.324409
v -23.995884 -29.258818 -15.014330
v -23.934713 -29.197653 -15.014319
v -23.774338 -29.258818 -15.014328
v -23.835499 -29.197653 -15.014318
v -23.934713 -29.197653 -14.704248
v -23.995884 -29.258818 -14.704257
v -23.835499 -29.197653 -14.704250
v -23.774338 -29.258818 -14.704262
v -23.995884 -29.258818 -14.394185
v -23.934713 -29.197653 -14.394175
v -23.835499 -29.197653 -14.394173
v -23.774338 -29.258818 -14.394182
v -23.995884 -29.258818 -14.084108
v -23.934713 -29.197653 -14.084100
v -23.835499 -29.197653 -14.084102
v -23.774338 -29.258818 -14.084112
v -23.995865 -29.258818 -13.774037
v -23.934694 -29.197653 -13.774029
v -23.774338 -29.258818 -13.774041
v -23.835499 -29.197653 -13.774031
v -23.934628 -29.197653 -13.463818
v -23.995798 -29.258818 -13.463957
v -23.835499 -29.197653 -13.463608
v -23.774338 -29.258818 -13.463488
v -23.995573 -29.258818 -13.153690
v -23.934401 -29.197653 -13.152901
v -23.835499 -29.197653 -13.151639
v -23.774338 -29.258818 -13.150869
v -23.995291 -29.258818 -12.843541
v -23.934116 -29.197653 -12.840521
v -23.713173 -29.258818 -12.832667
v -23.774338 -29.258818 -12.893833
v -23.835499 -29.197653 -12.771492
v -23.995504 -29.258818 -12.554236
v -23.934326 -29.197653 -12.557297
v -23.774338 -29.258820 -12.504171
v -23.713173 -29.258818 -12.565336
v -23.835499 -29.197653 -12.626492
v -23.451420 -29.258818 -12.565336
v -23.451397 -29.197653 -12.626492
v -23.451342 -29.258818 -12.832667
v -23.451355 -29.197653 -12.771492
v -23.135225 -29.258818 -12.565336
v -23.135212 -29.197653 -12.626492
v -23.135193 -29.197653 -12.771492
v -23.135191 -29.258818 -12.832667
v -22.819008 -29.258818 -12.565336
v -22.819000 -29.197653 -12.626492
v -22.818996 -29.197653 -12.771492
v -22.819000 -29.258818 -12.832667
v -22.502777 -29.258818 -12.565336
v -22.502771 -29.197653 -12.626492
v -22.502777 -29.258818 -12.832667
v -22.502771 -29.197653 -12.771492
v -22.186544 -29.197653 -12.626492
v -22.186550 -29.258818 -12.565336
v -22.186543 -29.197653 -12.771492
v -22.186546 -29.258818 -12.832667
v -21.870317 -29.258818 -12.565336
v -21.870308 -29.197653 -12.626492
v -21.870298 -29.197653 -12.771492
v -21.870300 -29.258818 -12.832667
v -21.554085 -29.258818 -12.565336
v -21.554058 -29.197653 -12.626493
v -21.554007 -29.197653 -12.771492
v -21.553991 -29.258818 -12.832667
v -21.238127 -29.258818 -12.565114
v -21.237980 -29.197653 -12.626270
v -21.237507 -29.258818 -12.832667
v -21.237642 -29.197653 -12.771492
v -20.922155 -29.197653 -12.622860
v -20.922409 -29.258818 -12.561705
v -20.921551 -29.197653 -12.771492
v -20.921309 -29.258818 -12.832667
v -20.605486 -29.258818 -12.561245
v -20.605478 -29.197653 -12.622400
v -20.605473 -29.197653 -12.771492
v -20.605474 -29.258818 -12.832667
v -20.289255 -29.258818 -12.561245
v -20.289259 -29.197653 -12.622400
v -20.289280 -29.197653 -12.771492
v -20.289293 -29.258818 -12.832667
v -19.967030 -29.259317 -12.500080
v -19.905886 -29.198303 -12.622406
v -20.028196 -29.258818 -12.561245
v -20.028196 -29.258818 -12.832667
v -19.905886 -29.198423 -12.771489
v -19.967030 -29.259077 -12.893833
v -19.818571 -29.202034 -12.560747
v -19.757437 -29.265005 -12.560556
v -19.757437 -29.265005 -12.833628
v -19.818571 -29.202034 -12.833338
v -19.757437 -29.265005 -13.113850
v -19.818579 -29.202383 -13.113838
v -19.905876 -29.200302 -13.113836
v -19.967030 -29.260012 -13.113845
v -19.757437 -29.265005 -13.393976
v -19.818586 -29.202730 -13.393969
v -19.905869 -29.201145 -13.393971
v -19.967030 -29.261202 -13.393984
v -19.757437 -29.265005 -13.674101
v -19.818592 -29.203077 -13.674092
v -19.967030 -29.262392 -13.674107
v -19.905865 -29.201988 -13.674095
v -19.818596 -29.203424 -13.954215
v -19.757437 -29.265005 -13.954225
v -19.905861 -29.202831 -13.954216
v -19.967030 -29.263582 -13.954226
v -19.757437 -29.265005 -14.234346
v -19.818596 -29.203703 -14.234337
v -19.905859 -29.203510 -14.234337
v -19.967030 -29.264540 -14.234347
v -19.757437 -29.265005 -14.514468
v -19.818596 -29.203838 -14.514459
v -19.905859 -29.203836 -14.514459
v -19.967030 -29.265001 -14.514469
v -19.757437 -29.265005 -14.794555
v -19.818596 -29.203840 -14.794559
v -19.967030 -29.265005 -14.794600
v -19.905859 -29.203840 -14.794578
v -19.696272 -29.265005 -15.071749
v -19.818596 -29.203840 -15.132904
v -19.757437 -29.265005 -15.010584
v -19.905859 -29.203840 -15.073797
v -19.967030 -29.265005 -15.074656
v -19.905859 -29.203840 -15.379066
v -19.967030 -29.265005 -15.380072
v -19.905859 -29.203840 -15.690167
v -19.967030 -29.265005 -15.690803
v -19.967030 -29.265005 -16.006748
v -19.905859 -29.203840 -16.006527
v -19.905859 -29.203840 -16.324976
v -19.967030 -29.265005 -16.325043
v -19.905859 -29.203840 -16.644100
v -19.967030 -29.265005 -16.644119
v -19.905859 -29.203840 -16.963352
v -19.967030 -29.265005 -16.963346
v -19.967030 -29.265005 -17.282318
v -19.905859 -29.203840 -17.282389
v -19.905859 -29.203840 -17.600513
v -19.967030 -29.265005 -17.600239
v -19.905859 -29.203840 -17.916002
v -19.967030 -29.265005 -17.915207
v -19.905859 -29.203840 -18.225613
v -19.967030 -29.265005 -18.224089
v -19.655958 -29.203840 -18.463968
v -19.655945 -29.265005 -18.525143
v -19.905865 -29.265005 -18.525143
v -19.967030 -29.265005 -18.463978
v -19.905859 -29.203840 -18.463968
v -19.345022 -29.265005 -18.525143
v -19.345282 -29.203840 -18.463968
v -19.033648 -29.265005 -18.254278
v -18.972483 -29.265005 -18.315443
v -19.094807 -29.203840 -18.376598
v -19.033758 -29.203840 -18.463968
v -19.033812 -29.265005 -18.525143
v -18.722984 -29.265005 -18.315443
v -18.722982 -29.203840 -18.376598
v -18.722986 -29.203840 -18.463968
v -18.722996 -29.265005 -18.525143
v -18.412292 -29.265005 -18.315443
v -18.412289 -29.203840 -18.376598
v -18.412294 -29.265005 -18.525143
v -18.412289 -29.203840 -18.463968
v -18.101585 -29.203840 -18.376598
v -18.101591 -29.265005 -18.315443
v -18.101585 -29.203840 -18.463968
v -18.101591 -29.265005 -18.525143
v -17.790888 -29.265005 -18.315443
v -17.790882 -29.203840 -18.376598
v -17.790882 -29.203840 -18.463968
v -17.790888 -29.265005 -18.525143
v -17.480185 -29.265005 -18.315443
v -17.480179 -29.203840 -18.376598
v -17.480179 -29.203840 -18.463968
v -17.480185 -29.265005 -18.525143
v -17.169483 -29.265005 -18.315443
v -17.169477 -29.203840 -18.376598
v -17.169483 -29.265005 -18.525143
v -17.169477 -29.203840 -18.463968
v -16.858774 -29.203840 -18.376598
v -16.858780 -29.265005 -18.315443
v -16.858774 -29.203840 -18.463968
v -16.858780 -29.265005 -18.525143
v -16.548079 -29.265005 -18.315443
v -16.548073 -29.203840 -18.376598
v -16.548073 -29.203840 -18.463968
v -16.548079 -29.265005 -18.525143
v -16.237375 -29.265005 -18.315443
v -16.237370 -29.203840 -18.376598
v -16.237370 -29.203840 -18.463968
v -16.237375 -29.265005 -18.525143
v -15.926672 -29.265005 -18.315443
v -15.926666 -29.203840 -18.376598
v -15.926672 -29.265005 -18.525143
v -15.926666 -29.203840 -18.463968
v -15.615956 -29.203840 -18.376598
v -15.615959 -29.265005 -18.315443
v -15.615961 -29.203840 -18.463968
v -15.615971 -29.265005 -18.525143
v -15.305080 -29.265005 -18.315443
v -15.305121 -29.203840 -18.376598
v -15.305187 -29.203840 -18.463968
v -15.305241 -29.265005 -18.525143
v -14.993303 -29.265005 -18.315443
v -14.993589 -29.203840 -18.376598
v -14.994003 -29.203840 -18.463968
v -14.994301 -29.265005 -18.525143
v -14.679159 -29.265005 -18.254278
v -14.617988 -29.203840 -18.376598
v -14.740324 -29.265005 -18.315443
v -14.679159 -29.265005 -18.586308
v -14.740324 -29.265005 -18.525143
v -14.617987 -29.203840 -18.463968
v -14.536731 -29.203840 -18.306080
v -14.475571 -29.265005 -18.302073
v -14.475571 -29.265005 -18.536903
v -14.536731 -29.203840 -18.533360
v -14.475571 -29.265005 -18.855000
v -14.536731 -29.203840 -18.854975
v -14.617987 -29.203840 -18.854954
v -14.679159 -29.265005 -18.854950
v -14.475571 -29.265009 -19.170509
v -14.536731 -29.203844 -19.170500
v -14.617987 -29.203844 -19.170500
v -14.679159 -29.265009 -19.170509
v -14.475571 -29.265009 -19.486032
v -14.536731 -29.203844 -19.486023
v -14.679159 -29.265009 -19.486032
v -14.617987 -29.203844 -19.486023
v -14.536731 -29.203844 -19.801546
v -14.475571 -29.265009 -19.801556
v -14.617987 -29.203844 -19.801546
v -14.679159 -29.265009 -19.801556
v -14.475571 -29.265009 -20.117081
v -14.536731 -29.203844 -20.117071
v -14.617987 -29.203844 -20.117071
v -14.679159 -29.265009 -20.117081
v -14.475571 -29.265009 -20.432604
v -14.536731 -29.203844 -20.432594
v -14.617987 -29.203844 -20.432592
v -14.679159 -29.265009 -20.432602
v -14.475571 -29.265009 -20.748127
v -14.536731 -29.203844 -20.748117
v -14.679159 -29.265009 -20.748127
v -14.617987 -29.203844 -20.748117
v -14.536731 -29.203844 -21.063643
v -14.475571 -29.265009 -21.063652
v -14.617986 -29.203844 -21.063643
v -14.679159 -29.265009 -21.063652
v -14.475571 -29.265009 -21.379175
v -14.536731 -29.203844 -21.379166
v -14.617985 -29.203844 -21.379166
v -14.679159 -29.265009 -21.379175
v -14.475571 -29.265009 -21.694700
v -14.536731 -29.203844 -21.694691
v -14.617984 -29.203844 -21.694689
v -14.679159 -29.265009 -21.694698
v -14.475571 -29.265009 -22.010233
v -14.536731 -29.203844 -22.010214
v -14.679159 -29.265009 -22.010201
v -14.617983 -29.203844 -22.010201
v -14.536731 -29.203844 -22.325718
v -14.475571 -29.265009 -22.325783
v -14.617981 -29.203844 -22.325645
v -14.679159 -29.265009 -22.325600
v -14.475571 -29.265009 -22.641300
v -14.536731 -29.203844 -22.641102
v -14.617988 -29.203844 -22.640850
v -14.679167 -29.265009 -22.640669
v -14.475571 -29.265009 -22.956665
v -14.536731 -29.203844 -22.956133
v -14.624088 -29.203844 -22.955385
v -14.685263 -29.265009 -22.954872
v -14.475571 -29.265009 -23.272017
v -14.536730 -29.203844 -23.271416
v -14.692070 -29.265009 -23.269928
v -14.630894 -29.203844 -23.270508
v -14.536730 -29.203844 -23.586979
v -14.475571 -29.265009 -23.587315
v -14.637720 -29.203844 -23.586439
v -14.698904 -29.265009 -23.586123
v -14.475571 -29.265009 -23.902739
v -14.536730 -29.203844 -23.902599
v -14.638244 -29.203844 -23.902386
v -14.699432 -29.265009 -23.902267
v -14.475571 -29.265009 -24.218014
v -14.536730 -29.203844 -24.217999
v -14.638239 -29.203844 -24.217989
v -14.699432 -29.265009 -24.217993
v -14.475597 -29.265009 -24.534328
v -14.536756 -29.203844 -24.533598
v -14.699432 -29.265009 -24.531689
v -14.638231 -29.203844 -24.532402
v -14.419039 -29.265009 -24.851038
v -14.542263 -29.203844 -24.912193
v -14.479315 -29.265009 -24.789879
v -14.786030 -29.265009 -24.851038
v -14.720009 -29.265009 -24.790066
v -14.668472 -29.203844 -24.912193
v -14.786030 -29.265009 -25.360065
v -14.667066 -29.203844 -25.298891
v -14.721430 -29.265009 -25.421135
v -14.786030 -29.265009 -25.360065
v -14.847195 -29.265009 -25.298901
v -14.786024 -29.203844 -25.298891
v -14.847195 -29.265009 -25.104366
v -14.786024 -29.203844 -25.104322
v -14.847195 -29.265009 -24.912203
v -14.786030 -29.265009 -24.851038
v -14.786024 -29.203844 -24.912193
v -14.487360 -29.265009 -25.420811
v -14.534216 -29.203844 -25.298891
v -14.419039 -29.265009 -25.360065
v -14.515461 -29.265009 -25.659386
v -14.576771 -29.203844 -25.660292
v -14.707869 -29.265009 -25.662258
v -14.646681 -29.203844 -25.661335
v -14.296700 -29.203844 -25.106735
v -14.235540 -29.265009 -25.107071
v -14.235540 -29.265009 -25.298901
v -14.296706 -29.265009 -25.360065
v -14.296700 -29.203844 -25.298891
v -14.235540 -29.265009 -24.912203
v -14.296700 -29.203844 -24.912193
v -14.296706 -29.265009 -24.851038
v -14.515766 -29.265009 -25.954800
v -14.577053 -29.203844 -25.955444
v -14.707800 -29.265009 -25.956852
v -14.646614 -29.203844 -25.956188
v -14.577040 -29.203844 -26.249716
v -14.515766 -29.265009 -26.241892
v -14.768964 -29.265009 -26.266439
v -14.707798 -29.265009 -26.205275
v -14.646614 -29.203844 -26.327595
v -14.515766 -29.265009 -26.440157
v -14.576155 -29.265009 -26.491604
v -14.577035 -29.203844 -26.430096
v -14.707798 -29.265009 -26.470417
v -14.707792 -29.203844 -26.409077
v -15.031343 -29.265009 -26.470417
v -15.031338 -29.203844 -26.409115
v -15.031338 -29.203844 -26.327595
v -15.031343 -29.265009 -26.266439
v -15.352423 -29.203844 -26.409147
v -15.352428 -29.265009 -26.470417
v -15.352428 -29.265009 -26.266439
v -15.352423 -29.203844 -26.327595
v -15.672262 -29.265009 -26.470417
v -15.672256 -29.203844 -26.409170
v -15.672256 -29.203844 -26.327595
v -15.672262 -29.265009 -26.266439
v -15.991869 -29.265009 -26.470417
v -15.991863 -29.203844 -26.409187
v -15.991869 -29.265009 -26.266439
v -15.991863 -29.203844 -26.327595
v -16.311455 -29.203844 -26.409199
v -16.311460 -29.265009 -26.470417
v -16.311455 -29.203844 -26.327595
v -16.311460 -29.265009 -26.266439
v -16.631056 -29.265009 -26.470417
v -16.631050 -29.203844 -26.409210
v -16.631050 -29.203844 -26.327595
v -16.631056 -29.265009 -26.266439
v -16.950649 -29.265009 -26.470417
v -16.950644 -29.203844 -26.409218
v -16.950644 -29.203844 -26.327595
v -16.950649 -29.265009 -26.266439
v -17.270338 -29.265009 -26.470417
v -17.270298 -29.203844 -26.409222
v -17.270220 -29.265009 -26.266439
v -17.270250 -29.203844 -26.327595
v -17.590725 -29.203844 -26.409225
v -17.591278 -29.265009 -26.470417
v -17.589993 -29.203844 -26.327595
v -17.589451 -29.265009 -26.266439
v -17.918907 -29.265009 -26.470417
v -17.914881 -29.203844 -26.409225
v -17.909517 -29.203844 -26.327595
v -17.905502 -29.265009 -26.266439
v -18.205517 -29.265009 -26.470417
v -18.266682 -29.265009 -26.531582
v -18.327843 -29.203844 -26.409227
v -18.220566 -29.203844 -26.327595
v -18.200821 -29.265009 -26.266439
v -18.352449 -29.203844 -26.484581
v -18.413620 -29.265009 -26.494699
v -18.413620 -29.265009 -26.327604
v -18.352455 -29.265009 -26.266439
v -18.352449 -29.203844 -26.327595
v -18.327843 -29.203844 -26.758083
v -18.266682 -29.265009 -26.757954
v -18.413620 -29.265009 -26.758286
v -18.352449 -29.203844 -26.758137
v -14.617988 -29.203840 -17.976789
v -14.679159 -29.265005 -17.978022
v -14.536731 -29.203840 -17.975166
v -14.475571 -29.265005 -17.973953
v -14.679159 -29.265005 -17.649107
v -14.617988 -29.203840 -17.648876
v -14.536731 -29.203840 -17.648582
v -14.475571 -29.265005 -17.648373
v -14.679159 -29.265005 -17.322964
v -14.617988 -29.203840 -17.322937
v -14.475571 -29.265005 -17.322905
v -14.536731 -29.203840 -17.322912
v -14.617988 -29.203840 -16.996368
v -14.679159 -29.265005 -16.996378
v -14.536731 -29.203840 -16.996368
v -14.475571 -29.265005 -16.996378
v -14.679159 -29.265005 -16.667717
v -14.617988 -29.203840 -16.667707
v -14.536731 -29.203840 -16.667707
v -14.475571 -29.265005 -16.667717
v -14.679159 -29.265005 -16.338072
v -14.617988 -29.203840 -16.338070
v -14.536731 -29.203840 -16.338081
v -14.475571 -29.265005 -16.338100
v -14.679159 -29.265005 -16.008022
v -14.617988 -29.203840 -16.008162
v -14.475571 -29.265005 -16.008516
v -14.536731 -29.203840 -16.008358
v -14.617988 -29.203840 -15.677783
v -14.679159 -29.265005 -15.676695
v -14.536731 -29.203840 -15.679241
v -14.475571 -29.265005 -15.680348
v -14.740200 -29.265005 -15.337140
v -14.617988 -29.203840 -15.283671
v -14.679159 -29.265005 -15.402192
v -14.536731 -29.203840 -15.353557
v -14.475571 -29.265005 -15.358952
v -14.679159 -29.265005 -15.010584
v -14.617988 -29.203840 -15.132904
v -14.740324 -29.265005 -15.071749
v -14.536731 -29.203840 -15.062807
v -14.475571 -29.265005 -15.058981
v -14.679159 -29.265005 -14.745747
v -14.617988 -29.203840 -14.744987
v -14.475571 -29.265005 -14.743248
v -14.536731 -29.203840 -14.743989
v -14.617988 -29.203840 -14.422613
v -14.679159 -29.265005 -14.422718
v -14.536731 -29.203840 -14.422486
v -14.475571 -29.265005 -14.422401
v -14.740324 -29.265005 -14.100776
v -14.617988 -29.203840 -14.039600
v -14.679159 -29.265005 -14.161942
v -14.414406 -29.265005 -14.100776
v -14.475571 -29.265005 -14.161942
v -14.536731 -29.203840 -14.039600
v -14.368154 -29.203840 -13.751785
v -14.306993 -29.265005 -13.752454
v -14.306993 -29.265005 -14.039611
v -14.368159 -29.265005 -14.100776
v -14.368154 -29.203840 -14.039600
v -14.472858 -29.265005 -13.397585
v -14.594136 -29.203840 -13.451598
v -14.534915 -29.265005 -13.332777
v -14.306993 -29.265005 -13.468667
v -14.368154 -29.203840 -13.465109
v -14.368050 -29.265005 -13.403851
v -14.753302 -29.265005 -13.399567
v -14.692308 -29.265005 -13.333829
v -14.631137 -29.203840 -13.451735
v -14.692308 -29.265005 -13.115840
v -14.631137 -29.203840 -13.115627
v -14.599630 -29.203840 -13.115523
v -14.538469 -29.265005 -13.115331
v -14.692308 -29.265005 -12.836923
v -14.631137 -29.203840 -12.836854
v -14.600539 -29.203840 -12.836824
v -14.539379 -29.265005 -12.836776
v -14.631137 -29.203840 -12.557953
v -14.692308 -29.265005 -12.557972
v -14.539379 -29.265005 -12.557949
v -14.600539 -29.203840 -12.557948
v -14.692308 -29.265005 -12.279036
v -14.631137 -29.203840 -12.279025
v -14.600538 -29.203840 -12.279024
v -14.539379 -29.265005 -12.279034
v -14.692308 -29.265005 -12.000100
v -14.631137 -29.203840 -12.000091
v -14.600538 -29.203840 -12.000091
v -14.539379 -29.265005 -12.000100
v -14.631143 -29.265005 -11.721168
v -14.631137 -29.203840 -11.782323
v -14.692308 -29.265005 -11.782333
v -14.539379 -29.265005 -11.782333
v -14.600538 -29.203840 -11.782323
v -14.600544 -29.265005 -11.721168
v -14.797956 -29.203840 -13.751468
v -14.859127 -29.265005 -13.752253
v -14.798132 -29.265005 -13.402928
v -14.797956 -29.203840 -13.464243
v -14.859127 -29.265005 -13.468667
v -14.797961 -29.265005 -14.100776
v -14.859127 -29.265005 -14.039611
v -14.797956 -29.203840 -14.039600
v -14.998402 -29.265005 -15.320700
v -14.997481 -29.203840 -15.259510
v -14.994678 -29.265005 -15.071749
v -14.995587 -29.203840 -15.132904
v -15.307390 -29.265005 -15.320700
v -15.307172 -29.203840 -15.259514
v -15.306730 -29.203840 -15.132904
v -15.306524 -29.265005 -15.071749
v -15.617655 -29.265005 -15.320700
v -15.617615 -29.203840 -15.259517
v -15.617516 -29.265005 -15.071749
v -15.617544 -29.203840 -15.132904
v -15.928307 -29.203840 -15.259519
v -15.928314 -29.265005 -15.320700
v -15.928303 -29.203840 -15.132904
v -15.928307 -29.265005 -15.071749
v -16.239050 -29.265005 -15.320700
v -16.239044 -29.203840 -15.259520
v -16.239042 -29.203840 -15.132904
v -16.239048 -29.265005 -15.071749
v -16.549789 -29.265005 -15.320700
v -16.549784 -29.203840 -15.259521
v -16.549784 -29.203840 -15.132904
v -16.549789 -29.265005 -15.071749
v -16.860531 -29.265005 -15.320700
v -16.860525 -29.203840 -15.259521
v -16.860529 -29.265005 -15.071749
v -16.860523 -29.203840 -15.132904
v -17.171265 -29.203840 -15.259522
v -17.171270 -29.265005 -15.320700
v -17.171265 -29.203840 -15.132904
v -17.171270 -29.265005 -15.071749
v -17.482012 -29.265005 -15.320700
v -17.482006 -29.203840 -15.259523
v -17.482006 -29.203840 -15.132904
v -17.482010 -29.265005 -15.071749
v -17.792753 -29.265005 -15.320700
v -17.792747 -29.203840 -15.259523
v -17.792747 -29.203840 -15.132904
v -17.792753 -29.265005 -15.071749
v -18.103495 -29.265005 -15.320700
v -18.103489 -29.203840 -15.259523
v -18.103497 -29.265005 -15.071749
v -18.103491 -29.203840 -15.132904
v -18.414188 -29.203840 -15.259523
v -18.414158 -29.265005 -15.320700
v -18.414261 -29.203840 -15.132904
v -18.414301 -29.265005 -15.071749
v -18.724493 -29.265005 -15.320700
v -18.724768 -29.203840 -15.259523
v -18.725348 -29.203840 -15.132904
v -18.725634 -29.265005 -15.071749
v -19.033648 -29.265005 -15.381866
v -19.094807 -29.203840 -15.259523
v -18.972483 -29.265005 -15.320700
v -19.038340 -29.203840 -15.132904
v -19.039875 -29.265005 -15.071749
v -19.364323 -29.265005 -15.071749
v -19.363108 -29.203840 -15.132904
v -19.094807 -29.203840 -15.674143
v -19.033648 -29.265005 -15.671956
v -19.033648 -29.265005 -16.002249
v -19.094807 -29.203840 -16.002726
v -19.033648 -29.265005 -16.324121
v -19.094807 -29.203840 -16.324194
v -19.033648 -29.265005 -16.643982
v -19.094807 -29.203840 -16.643982
v -19.094807 -29.203840 -16.963543
v -19.033648 -29.265005 -16.963570
v -19.033648 -29.265005 -17.283600
v -19.094807 -29.203840 -17.283472
v -19.033648 -29.265005 -17.606808
v -19.094807 -29.203840 -17.606041
v -19.094807 -29.203840 -17.940161
v -19.033648 -29.265005 -17.943789
v -19.905870 -29.201071 -12.282374
v -19.967030 -29.261095 -12.282381
v -19.818586 -29.202698 -12.282379
v -19.757437 -29.265005 -12.282393
v -19.967030 -29.263365 -12.004051
v -19.905861 -29.202679 -12.003725
v -19.818596 -29.203362 -12.003273
v -19.757437 -29.265005 -12.002966
v -19.967030 -29.264971 -11.725625
v -19.905859 -29.203815 -11.724315
v -19.696272 -29.265005 -11.721168
v -19.757437 -29.265005 -11.782333
v -19.818596 -29.203840 -11.659992
v -19.967030 -29.265005 -11.476548
v -19.905859 -29.203840 -11.478839
v -19.757437 -29.265005 -11.423267
v -19.696272 -29.265005 -11.484432
v -19.818596 -29.203840 -11.545588
v -19.438322 -29.265005 -11.484432
v -19.438608 -29.203840 -11.545588
v -19.439449 -29.265005 -11.721168
v -19.439154 -29.203840 -11.659992
v -19.123978 -29.265005 -11.484432
v -19.123972 -29.203840 -11.545588
v -19.123972 -29.203840 -11.659992
v -19.123978 -29.265005 -11.721168
v -18.809940 -29.265005 -11.484432
v -18.809935 -29.203840 -11.545588
v -18.809935 -29.203840 -11.659992
v -18.809940 -29.265005 -11.721168
v -18.495903 -29.265005 -11.484432
v -18.495897 -29.203840 -11.545588
v -18.495903 -29.265005 -11.721168
v -18.495897 -29.203840 -11.659992
v -18.181860 -29.203840 -11.545588
v -18.181866 -29.265005 -11.484432
v -18.181860 -29.203840 -11.659992
v -18.181866 -29.265005 -11.721168
v -17.867828 -29.265005 -11.484432
v -17.867823 -29.203840 -11.545588
v -17.867823 -29.203840 -11.659992
v -17.867828 -29.265005 -11.721168
v -17.553793 -29.265005 -11.484432
v -17.553787 -29.203840 -11.545588
v -17.553787 -29.203840 -11.659992
v -17.553793 -29.265005 -11.721168
v -17.239756 -29.265005 -11.484432
v -17.239750 -29.203840 -11.545588
v -17.239756 -29.265005 -11.721168
v -17.239750 -29.203840 -11.659992
v -16.925713 -29.203840 -11.545588
v -16.925718 -29.265005 -11.484432
v -16.925713 -29.203840 -11.659992
v -16.925718 -29.265005 -11.721168
v -16.611681 -29.265005 -11.484432
v -16.611675 -29.203840 -11.545588
v -16.611675 -29.203840 -11.659992
v -16.611681 -29.265005 -11.721168
v -16.297644 -29.265005 -11.484432
v -16.297638 -29.203840 -11.545588
v -16.297638 -29.203840 -11.659992
v -16.297644 -29.265005 -11.721168
v -15.983608 -29.265005 -11.484432
v -15.983602 -29.203840 -11.545588
v -15.983608 -29.265005 -11.721168
v -15.983602 -29.203840 -11.659992
v -15.669479 -29.203840 -11.545588
v -15.669447 -29.265005 -11.484432
v -15.669552 -29.203840 -11.659992
v -15.669596 -29.265005 -11.721168
v -15.353659 -29.265005 -11.484432
v -15.354214 -29.203840 -11.545588
v -15.355263 -29.203840 -11.659992
v -15.355829 -29.265005 -11.721168
v -15.029106 -29.265005 -11.484432
v -15.033007 -29.203840 -11.545588
v -15.040313 -29.203840 -11.659992
v -15.044224 -29.265005 -11.721168
v -14.679159 -29.265005 -11.423267
v -14.617988 -29.203840 -11.545588
v -14.740324 -29.265005 -11.484432
v -14.750422 -29.265005 -11.721168
v -14.732004 -29.203840 -11.659992
v -14.600544 -29.203840 -11.472003
v -14.539379 -29.265005 -11.462348
v -14.539379 -29.265005 -11.660003
v -14.600544 -29.265005 -11.721168
v -14.600544 -29.203840 -11.659992
v -14.617988 -29.203840 -11.173403
v -14.679159 -29.265005 -11.175192
v -14.600545 -29.203840 -11.172894
v -14.539379 -29.265005 -11.171124
v -14.679159 -29.265005 -10.869765
v -14.617988 -29.203840 -10.869543
v -14.600546 -29.203840 -10.869482
v -14.539379 -29.265005 -10.869279
v -14.679159 -29.265005 -10.565300
v -14.617988 -29.203840 -10.565279
v -14.539379 -29.265005 -10.565275
v -14.600548 -29.203840 -10.565276
v -14.617988 -29.203840 -10.261015
v -14.679159 -29.265005 -10.261024
v -14.600551 -29.203840 -10.261015
v -14.539379 -29.265005 -10.261026
v -14.679159 -29.265005 -9.956764
v -14.617988 -29.203840 -9.956755
v -14.600554 -29.203840 -9.956755
v -14.539379 -29.265005 -9.956764
v -14.679159 -29.265005 -9.652501
v -14.617988 -29.203840 -9.652491
v -14.600559 -29.203840 -9.652491
v -14.539379 -29.265005 -9.652501
v -14.679159 -29.265005 -9.348244
v -14.617988 -29.203840 -9.348234
v -14.539379 -29.265005 -9.348244
v -14.600565 -29.203840 -9.348234
v -14.617988 -29.203840 -9.043970
v -14.679159 -29.265005 -9.043981
v -14.600574 -29.203840 -9.043970
v -14.539379 -29.265005 -9.043981
v -14.679159 -29.265005 -8.739718
v -14.617988 -29.203840 -8.739708
v -14.600586 -29.203840 -8.739708
v -14.539379 -29.265005 -8.739718
v -14.679159 -29.265005 -8.435389
v -14.617988 -29.203840 -8.435379
v -14.600601 -29.203840 -8.435379
v -14.539379 -29.265005 -8.435390
v -14.740324 -29.265005 -8.131021
v -14.617988 -29.203840 -8.069846
v -14.679159 -29.265005 -8.192186
v -14.539379 -29.265005 -8.151546
v -14.600622 -29.203840 -8.142543
v -14.740324 -29.265005 -7.902077
v -14.685720 -29.265005 -7.841264
v -14.611284 -29.203840 -7.963232
v -14.600049 -29.203840 -7.895715
v -14.538744 -29.265005 -7.890802
v -14.711222 -29.265005 -7.604961
v -14.649979 -29.203840 -7.604746
v -14.588368 -29.203840 -7.604539
v -14.527224 -29.265005 -7.604343
v -14.711222 -29.265005 -7.300787
v -14.649996 -29.203840 -7.301931
v -14.572124 -29.203840 -7.303398
v -14.511030 -29.265005 -7.304560
v -14.711222 -29.265005 -6.996871
v -14.650009 -29.203840 -6.998333
v -14.494694 -29.265005 -7.002082
v -14.555784 -29.203840 -7.000601
v -14.650020 -29.203840 -6.694539
v -14.711222 -29.265005 -6.693281
v -14.539545 -29.203840 -6.696826
v -14.478436 -29.265005 -6.698102
v -14.711222 -29.265005 -6.388991
v -14.650027 -29.203840 -6.389441
v -14.535730 -29.203840 -6.390299
v -14.474607 -29.265005 -6.390767
v -14.711222 -29.265005 -6.084751
v -14.650033 -29.203840 -6.084822
v -14.535732 -29.203840 -6.084971
v -14.474607 -29.265005 -6.085061
v -14.711222 -29.265005 -5.780571
v -14.650037 -29.203840 -5.780570
v -14.474607 -29.265005 -5.780604
v -14.535729 -29.203840 -5.780586
v -14.650040 -29.203840 -5.476361
v -14.711222 -29.265005 -5.476370
v -14.535725 -29.203840 -5.476361
v -14.474607 -29.265005 -5.476372
v -14.711222 -29.265005 -5.172161
v -14.650043 -29.203840 -5.172152
v -14.535715 -29.203840 -5.172152
v -14.474607 -29.265005 -5.172161
v -14.711222 -29.265005 -4.867950
v -14.650044 -29.203840 -4.867941
v -14.535703 -29.203840 -4.867941
v -14.474607 -29.265005 -4.867950
v -14.711222 -29.265005 -4.563740
v -14.650045 -29.203840 -4.563730
v -14.474607 -29.265005 -4.563740
v -14.535685 -29.203840 -4.563730
v -14.650047 -29.203840 -4.259519
v -14.711222 -29.265005 -4.259528
v -14.535660 -29.203840 -4.259519
v -14.474607 -29.265005 -4.259528
v -14.711222 -29.265005 -3.955317
v -14.650047 -29.203840 -3.955308
v -14.535627 -29.203840 -3.955308
v -14.474607 -29.265005 -3.955317
v -14.711222 -29.265005 -3.651103
v -14.650047 -29.203840 -3.651093
v -14.535583 -29.203840 -3.651093
v -14.474607 -29.265005 -3.651103
v -14.711222 -29.265005 -3.346894
v -14.650048 -29.203840 -3.346887
v -14.474607 -29.265005 -3.346900
v -14.535524 -29.203840 -3.346889
v -14.650049 -29.203840 -3.042567
v -14.711222 -29.265005 -3.042498
v -14.535445 -29.203840 -3.042715
v -14.474607 -29.265005 -3.042803
v -14.772387 -29.265005 -2.676442
v -14.650049 -29.203840 -2.615267
v -14.711222 -29.265005 -2.737608
v -14.535341 -29.203840 -2.740629
v -14.474607 -29.265005 -2.762809
v -15.006111 -29.265005 -2.676442
v -15.006030 -29.203840 -2.615267
v -15.320402 -29.265005 -2.676442
v -15.320380 -29.203840 -2.615267
v -15.634993 -29.203840 -2.615267
v -15.635000 -29.265005 -2.676442
v -15.949558 -29.265005 -2.676442
v -15.949552 -29.203840 -2.615267
v -16.264118 -29.265005 -2.676442
v -16.264112 -29.203840 -2.615267
v -16.578678 -29.265005 -2.676442
v -16.578672 -29.203840 -2.615267
v -16.893234 -29.203840 -2.615267
v -16.893240 -29.265005 -2.676442
v -17.207800 -29.265005 -2.676442
v -17.207794 -29.203840 -2.615267
v -17.522362 -29.265005 -2.676442
v -17.522356 -29.203840 -2.615267
v -17.836922 -29.265005 -2.676442
v -17.836916 -29.203840 -2.615267
v -18.151478 -29.203840 -2.615267
v -18.151484 -29.265005 -2.676442
v -18.466045 -29.265005 -2.676442
v -18.466040 -29.203840 -2.615267
v -18.780605 -29.265005 -2.676442
v -18.780600 -29.203840 -2.615267
v -19.095165 -29.265005 -2.676442
v -19.095160 -29.203840 -2.615267
v -19.409721 -29.203840 -2.615267
v -19.409727 -29.265005 -2.676442
v -19.724289 -29.265005 -2.676442
v -19.724283 -29.203840 -2.615267
v -20.038849 -29.265005 -2.676442
v -20.038843 -29.203840 -2.615267
v -20.353413 -29.265005 -2.676442
v -20.353407 -29.203840 -2.615267
v -20.667967 -29.203840 -2.615266
v -20.667973 -29.265005 -2.676442
v -20.982533 -29.265005 -2.676442
v -20.982527 -29.203840 -2.615266
v -21.297092 -29.265005 -2.676442
v -21.297087 -29.203840 -2.615265
v -21.611654 -29.265005 -2.676442
v -21.611649 -29.203840 -2.615265
v -21.926208 -29.203840 -2.615264
v -21.926214 -29.265005 -2.676442
v -22.240778 -29.265005 -2.676442
v -22.240772 -29.203840 -2.615263
v -22.555338 -29.265005 -2.676442
v -22.555332 -29.203840 -2.615261
v -22.869892 -29.265005 -2.676442
v -22.869886 -29.203840 -2.615259
v -23.184454 -29.203840 -2.615256
v -23.184444 -29.265005 -2.676442
v -23.488998 -29.265005 -2.676521
v -23.491505 -29.203840 -2.615333
v -23.713497 -29.265005 -2.699724
v -23.774338 -29.265005 -2.767178
v -23.835499 -29.203840 -2.650884
v -23.835499 -29.203840 -2.981700
v -23.774338 -29.265005 -2.981842
v -23.774338 -29.265005 -3.287661
v -23.835499 -29.203840 -3.287644
v -23.774338 -29.265005 -3.593987
v -23.835499 -29.203840 -3.593977
v -23.774338 -29.265005 -3.900334
v -23.835499 -29.203840 -3.900325
v -23.835499 -29.203840 -4.206674
v -23.774338 -29.265005 -4.206683
v -23.774338 -29.265005 -4.513032
v -23.835499 -29.203840 -4.513022
v -23.774338 -29.265005 -4.819382
v -23.835499 -29.203840 -4.819372
v -23.774338 -29.265005 -5.125732
v -23.835499 -29.203840 -5.125723
v -23.835499 -29.203840 -5.432072
v -23.774338 -29.265005 -5.432081
v -23.774338 -29.265005 -5.738430
v -23.835499 -29.203840 -5.738420
v -23.774338 -29.265005 -6.044781
v -23.835499 -29.203840 -6.044771
v -23.774338 -29.265005 -6.351130
v -23.835499 -29.203840 -6.351120
v -23.835499 -29.203840 -6.657468
v -23.774338 -29.265005 -6.657478
v -23.774338 -29.265005 -6.963891
v -23.835499 -29.203840 -6.963869
v -23.774338 -29.265005 -7.270948
v -23.835499 -29.203840 -7.270803
v -23.774338 -29.265005 -7.581453
v -23.835499 -29.203840 -7.580657
v -23.774338 -29.265005 -7.840911
v -23.713173 -29.265005 -7.902077
v -23.835499 -29.203840 -7.963232
v -23.945688 -29.265005 -8.223614
v -23.997183 -29.265005 -8.162832
v -23.864952 -29.203840 -8.102489
v -23.923491 -29.203840 -8.467949
v -23.984842 -29.265005 -8.468161
v -23.932598 -29.203840 -8.782125
v -23.993902 -29.265005 -8.782143
v -23.995504 -29.265007 -9.096451
v -23.934233 -29.203840 -9.096439
v -23.934566 -29.203840 -9.410761
v -23.995813 -29.265007 -9.410770
v -23.934641 -29.203840 -9.725077
v -23.995869 -29.265007 -9.725086
v -23.934666 -29.203823 -10.039400
v -23.995880 -29.264984 -10.039410
v -23.995884 -29.263622 -10.353714
v -23.934681 -29.202757 -10.353710
v -23.934689 -29.194759 -10.667924
v -23.995884 -29.256107 -10.667934
v -23.934694 -29.191423 -10.982215
v -23.995884 -29.252842 -10.982224
v -23.934696 -29.194689 -11.296508
v -23.995882 -29.255825 -11.296518
v -23.995876 -29.258476 -11.610824
v -23.934694 -29.197403 -11.610814
v -23.934666 -29.197649 -11.925133
v -23.995846 -29.258816 -11.925140
v -23.934555 -29.197653 -12.239532
v -23.995733 -29.258818 -12.239469
v -23.835499 -29.197651 -11.925138
v -23.774338 -29.258820 -11.925150
v -23.835499 -29.197653 -12.239650
v -23.774338 -29.258820 -12.239733
v -23.835499 -29.197557 -11.610814
v -23.774338 -29.258820 -11.610824
v -23.835499 -29.194740 -11.296507
v -23.774338 -29.255941 -11.296516
v -23.835497 -29.191015 -10.982217
v -23.774338 -29.251932 -10.982227
v -23.835497 -29.194466 -10.667923
v -23.774338 -29.255453 -10.667933
v -23.835497 -29.203247 -10.353722
v -23.774338 -29.264719 -10.353739
v -23.774338 -29.265009 -10.039413
v -23.835499 -29.203833 -10.039402
v -23.835499 -29.203840 -9.725077
v -23.774338 -29.265007 -9.725086
v -23.835499 -29.203840 -9.410761
v -23.774338 -29.265007 -9.410770
v -23.835499 -29.203840 -9.096439
v -23.774338 -29.265007 -9.096448
v -23.835499 -29.203840 -8.782114
v -23.774338 -29.265007 -8.782118
v -23.835499 -29.203840 -8.467659
v -23.774338 -29.265007 -8.467468
v -23.713173 -29.265005 -8.131021
v -23.774338 -29.265007 -8.192186
v -23.835499 -29.203840 -8.069846
v -23.670538 -29.265005 -7.902077
v -23.698265 -29.203840 -7.963232
v -23.328068 -29.203840 -7.963232
v -23.325579 -29.265005 -7.902077
v -23.334913 -29.265005 -8.131021
v -23.332415 -29.203840 -8.069846
v -23.016510 -29.265005 -7.902077
v -23.017056 -29.203840 -7.963232
v -23.018019 -29.203840 -8.069846
v -23.018576 -29.265005 -8.131021
v -22.713089 -29.265005 -7.902077
v -22.713131 -29.203840 -7.963232
v -22.713213 -29.203840 -8.069846
v -22.713266 -29.265005 -8.131021
v -22.409676 -29.265005 -7.902077
v -22.409670 -29.203840 -7.963232
v -22.409670 -29.203840 -8.069846
v -22.409676 -29.265005 -8.131021
v -22.106197 -29.203840 -7.963232
v -22.106203 -29.265005 -7.902077
v -22.106203 -29.265005 -8.131021
v -22.106197 -29.203840 -8.069846
v -21.802734 -29.265005 -7.902077
v -21.802729 -29.203840 -7.963232
v -21.802729 -29.203840 -8.069846
v -21.802734 -29.265005 -8.131021
v -21.499264 -29.265005 -7.902077
v -21.499258 -29.203840 -7.963232
v -21.499258 -29.203840 -8.069846
v -21.499264 -29.265005 -8.131021
v -21.195793 -29.265005 -7.902077
v -21.195787 -29.203840 -7.963232
v -21.195787 -29.203840 -8.069846
v -21.195793 -29.265005 -8.131021
v -20.892319 -29.203840 -7.963232
v -20.892336 -29.265005 -7.902077
v -20.892292 -29.265005 -8.131021
v -20.892298 -29.203840 -8.069846
v -20.589127 -29.265005 -7.902077
v -20.588911 -29.203840 -7.963232
v -20.588547 -29.203840 -8.069846
v -20.588343 -29.265005 -8.131021
v -20.287476 -29.265005 -7.902077
v -20.285963 -29.203840 -7.963232
v -20.283337 -29.203840 -8.069846
v -20.281836 -29.265005 -8.131021
v -19.992857 -29.265005 -7.902077
v -19.985952 -29.203840 -7.963232
v -19.967030 -29.265005 -8.192186
v -20.028196 -29.265005 -8.131021
v -19.905859 -29.203840 -8.069846
v -19.733536 -29.203840 -7.963232
v -19.724829 -29.265005 -7.902077
v -19.696272 -29.265005 -8.131021
v -19.757437 -29.265005 -8.192186
v -19.818596 -29.203840 -8.069846
v -19.757437 -29.265005 -8.437757
v -19.818596 -29.203840 -8.437748
v -19.967030 -29.265005 -8.437759
v -19.905859 -29.203840 -8.437749
v -19.757437 -29.265005 -8.741501
v -19.818596 -29.203840 -8.741491
v -19.905859 -29.203840 -8.741492
v -19.967030 -29.265005 -8.741503
v -19.757437 -29.265005 -9.045232
v -19.818596 -29.203840 -9.045221
v -19.905859 -29.203840 -9.045221
v -19.967030 -29.265005 -9.045231
v -19.818596 -29.203840 -9.348957
v -19.757437 -29.265005 -9.348967
v -19.967030 -29.265005 -9.348967
v -19.905859 -29.203840 -9.348957
v -19.757437 -29.265005 -9.652700
v -19.818596 -29.203840 -9.652691
v -19.905859 -29.203840 -9.652691
v -19.967030 -29.265005 -9.652700
v -19.757437 -29.265005 -9.956431
v -19.818596 -29.203840 -9.956422
v -19.905859 -29.203840 -9.956422
v -19.967030 -29.265005 -9.956432
v -19.757437 -29.265005 -10.260166
v -19.818596 -29.203840 -10.260157
v -19.905859 -29.203840 -10.260157
v -19.967030 -29.265005 -10.260166
v -19.818596 -29.203840 -10.563902
v -19.757437 -29.265005 -10.563913
v -19.967030 -29.265005 -10.563908
v -19.905859 -29.203840 -10.563900
v -19.757437 -29.265005 -10.867685
v -19.818596 -29.203840 -10.867672
v -19.905859 -29.203840 -10.867668
v -19.967030 -29.265005 -10.867675
v -19.818596 -29.203840 -11.171449
v -19.757437 -29.265005 -11.171471
v -19.905859 -29.203840 -11.171431
v -19.967030 -29.265005 -11.171429
v -19.420731 -29.265005 -7.902077
v -19.422613 -29.203840 -7.963232
v -19.425903 -29.203840 -8.069846
v -19.427795 -29.265005 -8.131021
v -19.107821 -29.203840 -7.963232
v -19.107552 -29.265005 -7.902077
v -19.108576 -29.265005 -8.131021
v -19.108297 -29.203840 -8.069846
v -18.792578 -29.265005 -7.902077
v -18.792591 -29.203840 -7.963232
v -18.792622 -29.203840 -8.069846
v -18.792645 -29.265005 -8.131021
v -18.477320 -29.265005 -7.902077
v -18.477314 -29.203840 -7.963232
v -18.477314 -29.203840 -8.069846
v -18.477320 -29.265005 -8.131021
v -18.162043 -29.265005 -7.902077
v -18.162037 -29.203840 -7.963232
v -18.162037 -29.203840 -8.069846
v -18.162043 -29.265005 -8.131021
v -17.846760 -29.203840 -7.963232
v -17.846766 -29.265005 -7.902077
v -17.846766 -29.265005 -8.131021
v -17.846760 -29.203840 -8.069846
v -17.531487 -29.265005 -7.902077
v -17.531481 -29.203840 -7.963232
v -17.531481 -29.203840 -8.069846
v -17.531487 -29.265005 -8.131021
v -17.216209 -29.265005 -7.902077
v -17.216204 -29.203840 -7.963232
v -17.216204 -29.203840 -8.069846
v -17.216209 -29.265005 -8.131021
v -16.900932 -29.265005 -7.902077
v -16.900927 -29.203840 -7.963232
v -16.900927 -29.203840 -8.069846
v -16.900932 -29.265005 -8.131021
v -16.585648 -29.203840 -7.963232
v -16.585653 -29.265005 -7.902077
v -16.585653 -29.265005 -8.131021
v -16.585648 -29.203840 -8.069846
v -16.270376 -29.265005 -7.902077
v -16.270370 -29.203840 -7.963232
v -16.270370 -29.203840 -8.069846
v -16.270376 -29.265005 -8.131021
v -15.955099 -29.265005 -7.902077
v -15.955093 -29.203840 -7.963232
v -15.955093 -29.203840 -8.069846
v -15.955099 -29.265005 -8.131021
v -15.639786 -29.265005 -7.902077
v -15.639780 -29.203840 -7.963232
v -15.639780 -29.203840 -8.069846
v -15.639786 -29.265005 -8.131021
v -15.323888 -29.203840 -7.963232
v -15.323895 -29.265005 -7.902077
v -15.323893 -29.265005 -8.131021
v -15.323887 -29.203840 -8.069846
v -15.004740 -29.265005 -7.902077
v -15.004734 -29.203840 -7.963232
v -15.004732 -29.203840 -8.069846
v -15.004736 -29.265005 -8.131021
v -15.634996 -29.265005 -2.469786
v -15.634992 -29.203840 -2.530930
v -16.893240 -29.265005 -2.469786
v -16.893234 -29.203840 -2.530938
v -18.151484 -29.265005 -2.469786
v -18.151478 -29.203840 -2.530941
v -19.409727 -29.265005 -2.469786
v -19.409721 -29.203840 -2.530943
v -20.667973 -29.265005 -2.469786
v -20.667967 -29.203840 -2.530947
v -21.926214 -29.265005 -2.469786
v -21.926208 -29.203840 -2.530957
v -23.184492 -29.265005 -2.469786
v -23.184473 -29.203840 -2.530991
v -15.949556 -29.265005 -2.469786
v -15.949551 -29.203840 -2.530932
v -17.207800 -29.265005 -2.469786
v -17.207794 -29.203840 -2.530939
v -18.466045 -29.265005 -2.469786
v -18.466040 -29.203840 -2.530941
v -19.724289 -29.265005 -2.469786
v -19.724283 -29.203840 -2.530944
v -20.982533 -29.265005 -2.469786
v -20.982527 -29.203840 -2.530949
v -22.240778 -29.265005 -2.469786
v -22.240772 -29.203840 -2.530963
v -23.497486 -29.265005 -2.469827
v -23.494967 -29.203840 -2.531048
v -14.671459 -29.265005 -2.469786
v -14.683216 -29.203840 -2.530913
v -14.459602 -29.265005 -2.614923
v -14.520391 -29.203840 -2.593854
v -14.510479 -29.265005 -2.532017
v -15.005856 -29.265005 -2.469786
v -15.005926 -29.203840 -2.530921
v -16.264118 -29.265005 -2.469786
v -16.264112 -29.203840 -2.530934
v -17.522362 -29.265005 -2.469786
v -17.522356 -29.203840 -2.530940
v -18.780605 -29.265005 -2.469786
v -18.780600 -29.203840 -2.530942
v -20.038849 -29.265005 -2.469786
v -20.038843 -29.203840 -2.530944
v -21.297092 -29.265005 -2.469786
v -21.297087 -29.203840 -2.530951
v -22.555338 -29.265005 -2.469786
v -22.555332 -29.203840 -2.530970
v -23.789742 -29.203840 -2.545650
v -23.795616 -29.265005 -2.484571
v -15.320347 -29.265005 -2.469786
v -15.320357 -29.203840 -2.530926
v -16.578678 -29.265005 -2.469786
v -16.578672 -29.203840 -2.530936
v -17.836922 -29.265005 -2.469786
v -17.836916 -29.203840 -2.530940
v -19.095165 -29.265005 -2.469786
v -19.095160 -29.203840 -2.530942
v -20.353413 -29.265005 -2.469786
v -20.353407 -29.203840 -2.530945
v -21.611654 -29.265005 -2.469786
v -21.611649 -29.203840 -2.530953
v -22.869894 -29.265005 -2.469786
v -22.869888 -29.203840 -2.530979
v -23.995884 -29.265005 -2.981361
v -23.934658 -29.203840 -2.981484
v -23.995884 -29.265005 -4.206683
v -23.934685 -29.203840 -4.206674
v -23.995884 -29.265005 -5.432081
v -23.934671 -29.203840 -5.432072
v -23.995884 -29.265005 -6.657478
v -23.934601 -29.203840 -6.657468
v -23.995884 -29.265005 -7.890441
v -23.934368 -29.203840 -7.893662
v -23.995884 -29.265005 -3.287637
v -23.934669 -29.203840 -3.287634
v -23.995884 -29.265005 -4.513032
v -23.934685 -29.203840 -4.513022
v -23.995884 -29.265005 -5.738430
v -23.934662 -29.203840 -5.738420
v -23.995884 -29.265005 -6.963846
v -23.934565 -29.203840 -6.963849
v -24.015562 -29.265005 -8.162716
v -24.059294 -29.265005 -8.103703
v -23.996162 -29.203840 -8.101662
v -23.995884 -29.265005 -2.688689
v -23.934641 -29.203840 -2.693468
v -23.995884 -29.265005 -3.593986
v -23.934677 -29.203840 -3.593977
v -23.995884 -29.265005 -4.819382
v -23.934683 -29.203840 -4.819372
v -23.995884 -29.265005 -6.044781
v -23.934647 -29.203840 -6.044771
v -23.995884 -29.265005 -7.270459
v -23.934517 -29.203840 -7.270584
v -23.995884 -29.265005 -3.900334
v -23.934681 -29.203840 -3.900325
v -23.995884 -29.265005 -5.125732
v -23.934679 -29.203840 -5.125723
v -23.995884 -29.265005 -6.351130
v -23.934628 -29.203840 -6.351120
v -23.995884 -29.265005 -7.578605
v -23.934452 -29.203840 -7.579384
v -23.945412 -29.265005 -2.478420
v -23.942337 -29.203840 -2.539398
v -24.003471 -29.265005 -2.537000
vn -0.0000 -1.0000 -0.0000
vn -0.0000 1.0000 -0.0000
vn -0.3015 -0.9045 0.3015
vn 0.5382 -0.5978 -0.5941
vn -0.7187 -0.5184 -0.4634
vn 0.3015 -0.9046 0.3014
vn 0.3015 -0.9045 -0.3015
vn 0.3015 -0.9045 0.3015
vn -0.3068 -0.9034 0.2995
vn -0.3061 -0.9028 -0.3022
vn -0.5774 -0.5773 -0.5774
vn -0.3015 -0.9045 -0.3015
vn 0.3019 -0.9057 0.2975
vn -0.2988 -0.8978 0.3235
vn -0.2997 -0.8998 -0.3170
vn -0.5774 -0.5772 -0.5774
vn -0.5773 -0.5774 0.5773
vn 0.2973 -0.8943 -0.3344
vn 0.5774 -0.5773 -0.5774
vn 0.5773 -0.5774 0.5773
vn 0.5127 -0.6124 -0.6018
vn -0.3191 -0.8992 -0.2994
vn 0.3175 -0.8982 0.3040
vn 0.5996 -0.5670 0.5648
vn -0.3221 -0.8983 0.2989
vn -0.6051 -0.5646 0.5614
vn 0.5773 -0.5774 -0.5773
vn -0.3036 -0.9130 0.2726
vn 0.3300 -0.8958 -0.2976
vn -0.3057 -0.9162 -0.2590
vn 0.7090 -0.5550 0.4351
vn -0.6125 -0.6471 -0.4539
vn -0.5716 -0.5936 0.5665
vn -0.3015 0.9045 0.3015
vn 0.5382 0.5978 -0.5941
vn -0.7141 0.5202 -0.4684
vn 0.3015 0.9045 0.3015
vn 0.3015 0.9045 -0.3015
vn 0.3015 0.9045 0.3016
vn -0.2962 0.9056 0.3036
vn -0.2970 0.9062 -0.3009
vn -0.5773 0.5775 -0.5773
vn -0.3015 0.9045 -0.3015
vn 0.3019 0.9057 0.2975
vn -0.2988 0.8978 0.3235
vn -0.2997 0.8998 -0.3170
vn -0.5773 0.5774 -0.5773
vn -0.5774 0.5773 0.5774
vn 0.2973 0.8943 -0.3344
vn 0.5773 0.5774 -0.5773
vn 0.5774 0.5773 0.5774
vn 0.5126 0.6125 -0.6017
vn 0.3015 0.9046 -0.3015
vn -0.3191 0.8992 -0.2994
vn 0.3176 0.8982 0.3041
vn 0.5997 0.5668 0.5649
vn -0.3221 0.8983 0.2989
vn -0.6051 0.5645 0.5614
vn -0.3036 0.9130 0.2726
vn 0.3300 0.8958 -0.2976
vn -0.3056 0.9163 -0.2590
vn 0.7091 0.5548 0.4351
vn -0.6124 0.6473 -0.4538
vn -0.5716 0.5935 0.5665
vn 0.7071 -0.7071 -0.0000
vn 0.7017 -0.7124 -0.0002
vn 0.7039 -0.7103 -0.0002
vn 0.7061 -0.7081 -0.0002
vn -0.0000 -0.7072 0.7071
vn 0.7070 -0.7072 -0.0000
vn 0.7086 -0.7056 0.0001
vn 0.7060 -0.7082 0.0051
vn 0.7070 -0.7071 -0.0099
vn -0.0000 -0.7072 0.7070
vn -0.0000 -0.7070 -0.7072
vn -0.7146 -0.6995 0.0035
vn -0.7105 -0.7037 0.0025
vn -0.7071 -0.7071 -0.0000
vn -0.0000 -0.7071 -0.7072
vn -0.7069 -0.7071 0.0153
vn -0.7055 -0.7065 0.0562
vn -0.7071 -0.7072 -0.0000
vn 0.7069 -0.7073 -0.0000
vn 0.7064 -0.7078 -0.0017
vn 0.7065 -0.7067 -0.0378
vn 0.7073 -0.7069 -0.0000
vn 0.7076 -0.7066 -0.0000
vn 0.7087 -0.7055 -0.0001
vn -0.0000 -0.7071 -0.7071
vn 0.0002 -0.7071 -0.7071
vn -0.7066 -0.7076 0.0007
vn -0.7072 -0.7068 -0.0174
vn -0.7074 -0.7068 0.0006
vn -0.7121 -0.7021 0.0014
vn -0.7119 -0.7023 -0.0006
vn -0.7098 -0.7044 -0.0007
vn -0.7076 -0.7066 -0.0008
vn -0.0000 -0.7074 -0.7068
vn -0.0001 -0.7081 -0.7061
vn -0.0002 -0.7101 -0.7041
vn -0.0000 -0.7074 -0.7069
vn -0.7075 -0.7067 -0.0004
vn -0.7066 -0.7076 -0.0065
vn -0.7074 -0.7067 0.0120
vn -0.7078 -0.7064 -0.0021
vn -0.7071 -0.7071 0.0005
vn -0.0010 -0.7072 0.7071
vn 0.6966 -0.7175 -0.0000
vn 0.7055 -0.7087 0.0004
vn 0.7044 -0.7050 -0.0830
vn 0.7064 -0.7078 -0.0000
vn -0.0000 -0.7073 -0.7069
vn -0.0000 -0.7072 -0.7071
vn 0.0422 -0.7072 0.7058
vn 0.7070 -0.7071 0.0116
vn 0.6985 -0.7156 -0.0008
vn -0.7118 -0.7024 -0.0049
vn -0.7045 -0.7056 -0.0760
vn -0.7070 -0.7072 -0.0000
vn 0.7068 -0.7074 0.0001
vn 0.7038 -0.7104 0.0006
vn 0.7023 -0.7119 -0.0002
vn 0.7044 -0.7098 -0.0002
vn 0.7067 -0.7076 -0.0002
vn 0.7067 -0.7075 0.0017
vn 0.7076 -0.7066 -0.0081
vn 0.7067 -0.7074 0.0139
vn 0.7064 -0.7078 -0.0012
vn 0.6976 -0.7165 0.0004
vn -0.7087 -0.7055 0.0021
vn -0.7070 -0.7072 0.0012
vn 0.7063 -0.7079 -0.0007
vn 0.7024 -0.7118 -0.0008
vn 0.7068 -0.7074 -0.0000
vn 0.7070 -0.7066 -0.0284
vn 0.7072 -0.7069 -0.0088
vn 0.7078 -0.7064 -0.0000
vn 0.7092 -0.7050 -0.0001
vn 0.0727 -0.7067 -0.7037
vn -0.7017 -0.7035 0.1124
vn -0.7068 -0.7074 0.0001
vn -0.7058 -0.7084 -0.0074
vn -0.7071 -0.7071 -0.0002
vn -0.7130 -0.7012 0.0002
vn -0.7113 -0.7029 -0.0006
vn -0.7092 -0.7050 -0.0006
vn -0.7073 -0.7069 -0.0005
vn -0.0000 -0.7075 -0.7067
vn -0.0001 -0.7084 -0.7058
vn -0.0002 -0.7111 -0.7031
vn -0.7080 -0.7062 0.0033
vn -0.7078 -0.7064 -0.0066
vn -0.7072 -0.7070 0.0001
vn -0.7059 -0.7083 0.0088
vn -0.7072 -0.7070 -0.0002
vn -0.7071 -0.7071 0.0006
vn 0.6996 -0.7145 0.0004
vn 0.7067 -0.7075 0.0002
vn -0.7071 -0.7072 -0.0002
vn -0.1129 -0.7036 -0.7016
vn -0.0000 -0.7072 -0.7070
vn -0.0529 -0.7072 0.7051
vn -0.0450 -0.7068 -0.7060
vn -0.7085 -0.7057 -0.0035
vn -0.7068 -0.7074 -0.0000
vn 0.7067 -0.7075 0.0064
vn -0.0697 -0.7058 -0.7050
vn 0.7012 -0.7130 -0.0001
vn 0.7029 -0.7113 -0.0002
vn 0.7050 -0.7092 -0.0002
vn 0.7069 -0.7073 0.0016
vn 0.7062 -0.7080 0.0105
vn 0.7064 -0.7078 -0.0075
vn 0.7083 -0.7059 0.0102
vn -0.7145 -0.6996 0.0025
vn -0.7075 -0.7067 0.0010
vn -0.7070 -0.7071 0.0137
vn -0.0000 -0.7079 -0.7063
vn 0.7054 -0.7088 -0.0006
vn 0.7068 -0.7075 -0.0000
vn 0.7067 -0.7065 -0.0381
vn 0.7074 -0.7068 -0.0000
vn 0.7080 -0.7062 -0.0001
vn -0.7061 -0.7078 0.0204
vn -0.7069 -0.7073 -0.0000
vn -0.7064 -0.7078 0.0070
vn 0.7077 -0.7065 0.0087
vn -0.0000 -0.7075 -0.7068
vn -0.7129 -0.7013 -0.0004
vn -0.7108 -0.7034 -0.0005
vn -0.7086 -0.7056 -0.0006
vn -0.0000 -0.7077 -0.7066
vn -0.0001 -0.7088 -0.7054
vn -0.7072 -0.7070 -0.0001
vn -0.7067 -0.7074 0.0097
vn -0.7078 -0.7064 -0.0012
vn -0.7076 -0.7066 0.0009
vn -0.7057 -0.7085 -0.0031
vn -0.7072 -0.7071 -0.0000
vn -0.7071 -0.7071 -0.0005
vn -0.0005 -0.7072 0.7070
vn -0.0007 -0.7057 0.7086
vn 0.7016 -0.7125 0.0004
vn 0.7071 -0.7071 -0.0001
vn -0.7062 -0.7069 -0.0397
vn -0.0000 -0.7077 -0.7065
vn 0.7071 -0.7071 0.0023
vn 0.7083 -0.7058 -0.0078
vn 0.7013 -0.7129 -0.0002
vn 0.7034 -0.7108 -0.0002
vn 0.7056 -0.7086 -0.0002
vn 0.7075 -0.7067 0.0035
vn 0.7064 -0.7078 -0.0002
vn 0.7066 -0.7076 0.0001
vn 0.7085 -0.7057 -0.0040
vn -0.0008 -0.7053 -0.7090
vn -0.7125 -0.7016 0.0025
vn -0.7070 -0.7071 0.0153
vn 0.7067 -0.7076 -0.0000
vn 0.7065 -0.7066 -0.0381
vn 0.7075 -0.7067 -0.0000
vn 0.7083 -0.7059 -0.0001
vn -0.7065 -0.7077 0.0036
vn -0.7078 -0.7064 -0.0027
vn -0.7074 -0.7068 0.0060
vn 0.7066 -0.7073 -0.0203
vn -0.3022 -0.6809 -0.6671
vn -0.7102 -0.7040 0.0022
vn -0.7124 -0.7017 -0.0007
vn -0.7103 -0.7039 -0.0005
vn -0.7081 -0.7061 -0.0005
vn -0.0000 -0.7078 -0.7064
vn -0.0001 -0.7094 -0.7048
vn -0.0003 -0.7124 -0.7017
vn -0.0000 -0.7071 0.7071
vn -0.7056 -0.7086 0.0017
vn -0.7082 -0.7060 0.0055
vn -0.7072 -0.7070 -0.0077
vn -0.7071 -0.7071 0.0002
vn -0.0076 -0.7072 0.7070
vn 0.7037 -0.7105 0.0004
vn 0.7070 -0.7072 -0.0103
vn -0.7138 -0.7004 -0.0057
vn 0.7062 -0.7080 -0.0010
vn 0.6950 -0.7155 -0.0707
vn -0.0349 -0.7079 0.7055
vn -0.0001 -0.7075 0.7067
vn -0.0000 -0.7074 0.7068
vn -0.0000 -0.7074 0.7069
vn -0.0000 -0.7073 0.7069
vn -0.0000 -0.7071 0.7072
vn -0.0000 -0.7070 0.7072
vn 0.2547 -0.7077 0.6589
vn -0.0045 -0.7071 -0.7071
vn 0.0291 -0.7051 0.7085
vn -0.6848 -0.6997 0.2035
vn -0.7054 -0.7088 -0.0001
vn -0.7058 -0.7084 -0.0001
vn -0.7061 -0.7081 -0.0001
vn -0.7064 -0.7078 -0.0000
vn -0.7066 -0.7077 -0.0000
vn -0.7067 -0.7075 -0.0000
vn -0.7070 -0.7073 -0.0000
vn -0.7076 -0.7057 -0.0354
vn -0.7071 0.0002 -0.7071
vn -0.7071 -0.0000 0.7071
vn -0.6785 -0.0001 0.7346
vn 0.7071 -0.0002 0.7071
vn 0.7071 -0.0000 -0.7071
vn 0.7279 -0.0002 0.6857
vn 0.7072 -0.0002 0.7070
vn 0.6714 0.0001 -0.7411
vn -0.7441 -0.0000 0.6681
vn -0.7292 0.0002 -0.6843
vn -0.7331 -0.0000 0.6802
vn -0.7630 0.0002 -0.6464
vn 0.7426 -0.0000 -0.6698
vn 0.6645 0.0001 -0.7473
vn 0.7122 -0.0002 0.7019
vn 0.6485 0.0001 -0.7612
vn 0.7223 -0.0002 0.6916
vn 0.8523 -0.0002 0.5230
vn -0.8383 0.0002 -0.5452
vn -0.8034 0.0002 -0.5954
vn -0.7103 -0.0000 0.7039
vn -0.6870 0.0002 -0.7267
vn 0.7071 0.7071 -0.0000
vn 0.7124 0.7017 -0.0000
vn 0.7104 0.7038 -0.0000
vn 0.7082 0.7061 -0.0000
vn -0.0000 0.7071 0.7072
vn -0.0000 0.7070 0.7072
vn 0.7056 0.7086 -0.0001
vn 0.7072 0.7070 -0.0000
vn 0.7082 0.7060 -0.0051
vn 0.7072 0.7070 0.0099
vn -0.0000 0.7072 -0.7070
vn -0.6996 0.7145 -0.0036
vn -0.7037 0.7105 -0.0026
vn -0.7071 0.7071 -0.0000
vn -0.0000 0.7072 -0.7071
vn -0.7070 0.7072 -0.0000
vn -0.7069 0.7072 0.0153
vn -0.7054 0.7065 0.0562
vn 0.7070 0.7073 -0.0000
vn 0.7065 0.7078 -0.0017
vn 0.7066 0.7066 -0.0378
vn 0.7074 0.7068 -0.0000
vn 0.7077 0.7065 -0.0000
vn 0.7088 0.7054 -0.0001
vn 0.0002 0.7072 -0.7070
vn -0.7066 0.7076 0.0007
vn -0.7065 0.7075 0.0175
vn -0.7067 0.7075 -0.0007
vn 0.7072 0.7071 -0.0000
vn -0.7021 0.7121 -0.0013
vn -0.7023 0.7119 0.0007
vn -0.7044 0.7098 0.0008
vn -0.7066 0.7076 0.0004
vn -0.0000 0.7075 -0.7067
vn -0.0001 0.7082 -0.7060
vn -0.0002 0.7102 -0.7040
vn -0.0000 0.7075 -0.7068
vn -0.7067 0.7075 -0.0019
vn -0.7076 0.7066 0.0066
vn -0.7067 0.7074 -0.0120
vn -0.7064 0.7078 0.0021
vn -0.7071 0.7071 0.0005
vn -0.0010 0.7070 0.7072
vn 0.7175 0.6966 -0.0000
vn 0.7087 0.7055 -0.0004
vn 0.7044 0.7049 -0.0830
vn 0.7065 0.7077 -0.0000
vn -0.0000 0.7074 -0.7068
vn -0.0000 0.7073 -0.7070
vn 0.0422 0.7070 0.7059
vn 0.7071 0.7070 0.0116
vn 0.7156 0.6985 0.0009
vn -0.7024 0.7118 0.0050
vn -0.7045 0.7057 -0.0760
vn -0.7069 0.7073 -0.0000
vn -0.7071 0.7072 -0.0000
vn 0.7074 0.7068 -0.0001
vn 0.7104 0.7038 -0.0009
vn 0.7119 0.7023 -0.0000
vn 0.7098 0.7044 -0.0000
vn 0.7075 0.7068 0.0015
vn 0.7066 0.7076 0.0081
vn 0.7074 0.7066 -0.0138
vn 0.7078 0.7064 0.0012
vn 0.7165 0.6976 -0.0004
vn -0.7055 0.7087 -0.0021
vn -0.7070 0.7072 0.0012
vn 0.7063 0.7079 -0.0007
vn 0.7118 0.7024 0.0008
vn 0.7071 0.7072 -0.0000
vn 0.7069 0.7073 -0.0000
vn 0.7071 0.7066 -0.0284
vn 0.7073 0.7069 -0.0088
vn 0.7079 0.7064 -0.0000
vn 0.7093 0.7049 -0.0001
vn 0.0727 0.7069 -0.7036
vn -0.7017 0.7036 0.1124
vn -0.7067 0.7075 0.0001
vn -0.7082 0.7060 0.0074
vn -0.7070 0.7072 -0.0003
vn -0.7012 0.7130 -0.0001
vn -0.7029 0.7113 0.0007
vn -0.7050 0.7092 0.0007
vn -0.0000 0.7076 -0.7066
vn -0.0001 0.7085 -0.7057
vn -0.0002 0.7112 -0.7030
vn -0.7062 0.7080 -0.0058
vn -0.7064 0.7078 0.0065
vn -0.7070 0.7072 -0.0001
vn -0.7083 0.7059 -0.0088
vn -0.7070 0.7072 0.0002
vn -0.7071 0.7071 0.0006
vn 0.7145 0.6996 -0.0004
vn 0.7075 0.7067 -0.0002
vn -0.7070 0.7072 -0.0002
vn -0.1128 0.7037 -0.7015
vn -0.0000 0.7073 -0.7069
vn -0.0529 0.7071 0.7052
vn -0.0449 0.7069 -0.7059
vn -0.7057 0.7085 0.0035
vn -0.7067 0.7075 -0.0000
vn -0.7070 0.7073 -0.0000
vn 0.7075 0.7067 -0.0064
vn -0.0697 0.7059 -0.7049
vn 0.7130 0.7012 -0.0001
vn 0.7113 0.7029 -0.0000
vn 0.7092 0.7050 -0.0000
vn 0.7073 0.7069 0.0017
vn 0.7079 0.7063 0.0021
vn 0.7078 0.7064 0.0075
vn 0.7059 0.7083 -0.0102
vn 0.7073 0.7070 -0.0000
vn -0.6996 0.7145 -0.0026
vn -0.7067 0.7075 -0.0010
vn -0.7069 0.7071 0.0137
vn -0.0000 0.7080 -0.7062
vn 0.7088 0.7054 0.0006
vn 0.7070 0.7072 -0.0000
vn 0.7068 0.7074 -0.0000
vn 0.7067 0.7065 -0.0381
vn 0.7073 0.7069 -0.0000
vn 0.7075 0.7067 -0.0000
vn 0.7081 0.7061 -0.0001
vn -0.7060 0.7079 0.0204
vn -0.7068 0.7074 0.0001
vn -0.7076 0.7066 -0.0070
vn 0.7065 0.7077 -0.0087
vn -0.7013 0.7129 0.0004
vn -0.7034 0.7108 0.0006
vn -0.7056 0.7086 0.0008
vn -0.0000 0.7078 -0.7064
vn -0.0001 0.7089 -0.7053
vn -0.7075 0.7067 -0.0073
vn -0.7064 0.7078 0.0012
vn -0.7066 0.7076 -0.0009
vn -0.7085 0.7057 0.0031
vn -0.7070 0.7072 -0.0005
vn -0.0005 0.7071 0.7072
vn 0.0007 0.7086 0.7056
vn 0.7125 0.7016 -0.0004
vn 0.7071 0.7071 -0.0001
vn -0.7061 0.7070 -0.0397
vn 0.7071 0.7071 0.0023
vn -0.7070 0.7072 0.0001
vn -0.7068 0.7074 -0.0000
vn 0.7059 0.7083 0.0079
vn 0.7129 0.7013 -0.0000
vn 0.7108 0.7034 -0.0000
vn 0.7087 0.7055 -0.0000
vn 0.7066 0.7074 -0.0193
vn 0.7078 0.7064 0.0002
vn 0.7076 0.7066 -0.0001
vn 0.7057 0.7085 0.0041
vn 0.0009 0.7090 -0.7052
vn -0.7016 0.7125 -0.0026
vn 0.7067 0.7075 -0.0000
vn 0.7066 0.7066 -0.0381
vn 0.7074 0.7069 -0.0000
vn 0.7076 0.7066 -0.0000
vn 0.7084 0.7058 -0.0001
vn -0.7064 0.7078 0.0036
vn -0.7060 0.7082 0.0028
vn -0.7066 0.7076 -0.0060
vn 0.7074 0.7065 0.0203
vn -0.2919 0.6821 -0.6705
vn -0.7040 0.7102 -0.0021
vn -0.7017 0.7124 0.0007
vn -0.7039 0.7103 0.0006
vn -0.7061 0.7081 0.0007
vn -0.0000 0.7079 -0.7063
vn -0.0001 0.7095 -0.7047
vn -0.0003 0.7125 -0.7016
vn -0.7086 0.7056 0.0005
vn -0.7060 0.7082 -0.0055
vn -0.7070 0.7071 0.0077
vn -0.7071 0.7071 0.0002
vn -0.0076 0.7070 0.7071
vn 0.7105 0.7037 -0.0004
vn 0.7070 0.7071 -0.0103
vn 0.7064 0.7078 -0.0000
vn -0.7005 0.7137 0.0058
vn 0.7081 0.7062 0.0010
vn 0.6951 0.7155 -0.0707
vn -0.0349 0.7078 0.7056
vn -0.0001 0.7074 0.7068
vn -0.0000 0.7073 0.7069
vn -0.0000 0.7072 0.7070
vn -0.0000 0.7072 0.7071
vn -0.0000 0.7071 0.7071
vn -0.0000 0.7070 0.7073
vn -0.0000 0.7069 0.7073
vn 0.2548 0.7076 0.6591
vn -0.0045 0.7072 -0.7070
vn 0.0291 0.7050 0.7087
vn -0.6848 0.6997 0.2035
vn -0.7053 0.7089 -0.0001
vn -0.7058 0.7085 -0.0001
vn -0.7061 0.7081 -0.0001
vn -0.7063 0.7079 -0.0000
vn -0.7065 0.7077 -0.0000
vn -0.7066 0.7076 -0.0000
vn -0.7069 0.7074 -0.0000
vn -0.7076 0.7058 -0.0354
vn 1.0000 -0.0001 -0.0000
vn -1.0000 0.0001 -0.0000
vn -0.0000 -0.0002 1.0000
vn -0.0984 0.0002 -0.9951
vn -0.0000 0.0002 -1.0000
vn -0.4055 0.0002 -0.9141
vn -0.0147 -0.9999 -0.0009
vn -1.0000 0.0001 0.0001
vn -0.0172 -0.9999 0.0017
vn 1.0000 -0.0001 -0.0002
vn -0.0166 -0.9999 0.0001
vn 1.0000 -0.0001 -0.0001
vn -0.0163 -0.9999 -0.0003
vn -0.0150 -0.9999 -0.0006
vn -0.0134 -0.9999 -0.0006
vn -0.0119 -0.9999 -0.0005
vn -0.0104 -0.9999 -0.0005
vn -0.0091 -1.0000 -0.0005
vn -0.0075 -1.0000 -0.0006
vn -0.0058 -1.0000 -0.0005
vn -0.0043 -1.0000 -0.0006
vn -0.0027 -1.0000 -0.0005
vn -1.0000 0.0001 0.0002
vn -0.0013 -1.0000 -0.0005
vn -1.0000 0.0001 -0.0003
vn -0.0004 -1.0000 -0.0002
vn 1.0000 -0.0001 0.0024
vn -0.0001 -1.0000 -0.0000
vn -1.0000 0.0001 -0.0001
vn -1.0000 0.0001 -0.0004
vn -0.0010 -1.0000 0.0006
vn -1.0000 0.0001 -0.0016
vn 1.0000 -0.0001 0.0022
vn -0.0023 -1.0000 0.0062
vn -1.0000 0.0001 -0.0017
vn 1.0000 -0.0001 0.0089
vn 0.0012 -0.9999 0.0141
vn -1.0000 0.0001 0.0017
vn 0.9999 -0.0001 -0.0112
vn 0.0044 -1.0000 0.0005
vn -1.0000 0.0001 0.0016
vn 0.0015 -0.9999 -0.0104
vn -0.0019 -0.9999 -0.0099
vn -0.0018 -1.0000 -0.0010
vn -0.0002 -1.0000 -0.0001
vn -0.0001 -1.0000 0.0001
vn -0.0013 -1.0000 0.0008
vn -0.0030 -1.0000 0.0075
vn -0.0010 -0.9998 0.0183
vn 0.0035 -0.9999 0.0134
vn 0.0041 -1.0000 -0.0051
vn -0.0001 -0.9999 -0.0124
vn -0.0018 -1.0000 -0.0023
vn -0.0003 -1.0000 -0.0002
vn -1.0000 0.0001 0.0007
vn -1.0000 0.0001 0.0009
vn -1.0000 0.0001 -0.0007
vn -0.0007 -0.0002 1.0000
vn -0.0108 -0.0002 0.9999
vn -0.0015 -0.0002 1.0000
vn -0.0019 -1.0000 0.0004
vn -0.0420 -0.9991 0.0003
vn -0.0287 -0.9996 -0.0055
vn -0.0313 -0.9995 0.0036
vn -0.0210 -0.9998 0.0021
vn -0.0153 -0.9999 0.0021
vn -0.0096 -1.0000 0.0021
vn -0.0045 -1.0000 0.0017
vn -0.0011 -1.0000 0.0008
vn -0.9998 0.0001 0.0194
vn -0.9998 0.0001 0.0216
vn 0.9999 -0.0001 -0.0145
vn -0.9968 0.0001 0.0794
vn -0.9984 0.0001 -0.0562
vn 0.9931 -0.0001 -0.1170
vn 1.0000 -0.0001 -0.0010
vn -1.0000 0.0001 -0.0002
vn -0.1589 0.0002 -0.9873
vn -0.0635 0.0002 -0.9980
vn 0.0597 -0.0002 0.9982
vn 0.9999 -0.0001 0.0163
vn -0.0748 -0.0002 0.9972
vn 1.0000 -0.0001 0.0033
vn -0.0132 -0.9999 -0.0041
vn -0.0031 -1.0000 -0.0026
vn -0.0001 -1.0000 -0.0001
vn 1.0000 -0.0001 -0.0024
vn -0.9942 0.0001 -0.1073
vn 0.9992 -0.0001 -0.0402
vn 0.9985 -0.0001 -0.0539
vn 0.9986 -0.0001 -0.0534
vn 0.9999 -0.0001 -0.0125
vn 0.9949 -0.0001 -0.1009
vn 0.0003 0.0002 -1.0000
vn 0.1028 0.0002 -0.9947
vn -0.0063 0.0002 -1.0000
vn -0.9874 0.0001 0.1581
vn -0.9996 0.0001 0.0288
vn -1.0000 0.0001 0.0051
vn -1.0000 0.0001 0.0010
vn -0.0025 -1.0000 -0.0026
vn -0.0010 -0.9996 -0.0267
vn 0.0035 -0.9999 -0.0108
vn 0.0018 -0.9999 0.0111
vn -0.0010 -1.0000 0.0088
vn -0.0008 -1.0000 0.0005
vn -0.0001 -0.0002 1.0000
vn -0.0494 -0.0002 0.9988
vn 0.3606 -0.0002 0.9327
vn 0.0410 -0.0002 0.9992
vn -0.9585 -0.0000 0.2850
vn -0.9988 0.0001 -0.0499
vn 0.0147 0.9999 0.0009
vn 0.0172 0.9999 -0.0017
vn 0.0166 0.9999 -0.0001
vn 0.0163 0.9999 0.0003
vn 0.0150 0.9999 0.0006
vn 0.0134 0.9999 0.0006
vn 0.0119 0.9999 0.0005
vn 0.0104 0.9999 0.0005
vn 0.0091 1.0000 0.0005
vn 0.0075 1.0000 0.0006
vn 0.0058 1.0000 0.0005
vn 0.0043 1.0000 0.0006
vn 0.0027 1.0000 0.0005
vn 0.0013 1.0000 0.0005
vn 0.0004 1.0000 0.0002
vn 0.0001 1.0000 -0.0000
vn 0.0010 1.0000 -0.0006
vn 0.0023 1.0000 -0.0062
vn -0.0012 0.9999 -0.0141
vn -0.0044 1.0000 -0.0005
vn -0.0015 0.9999 0.0104
vn 0.0019 0.9999 0.0099
vn 0.0018 1.0000 0.0010
vn 0.0002 1.0000 0.0001
vn 0.0001 1.0000 -0.0001
vn 0.0013 1.0000 -0.0008
vn 0.0030 1.0000 -0.0075
vn 0.0010 0.9998 -0.0183
vn -0.0035 0.9999 -0.0134
vn -0.0041 1.0000 0.0051
vn 0.0001 0.9999 0.0124
vn 0.0018 1.0000 0.0023
vn 0.0003 1.0000 0.0002
vn 0.0019 1.0000 -0.0004
vn 0.0420 0.9991 -0.0003
vn 0.0287 0.9996 0.0055
vn 0.0313 0.9995 -0.0036
vn 0.0210 0.9998 -0.0021
vn 0.0153 0.9999 -0.0021
vn 0.0096 1.0000 -0.0021
vn 0.0045 1.0000 -0.0017
vn 0.0011 1.0000 -0.0008
vn 0.0132 0.9999 0.0041
vn 0.0031 1.0000 0.0026
vn 0.0001 1.0000 0.0001
vn 0.0025 1.0000 0.0026
vn 0.0010 0.9996 0.0267
vn -0.0035 0.9999 0.0108
vn -0.0018 0.9999 -0.0111
vn 0.0010 1.0000 -0.0088
vn 0.0008 1.0000 -0.0005
s 0
f 16//1 1//1 2//1 17//1
f 18//1 3//1 4//1 19//1
f 18//1 17//1 2//1 3//1
f 20//1 5//1 6//1 21//1
f 20//1 19//1 4//1 5//1
f 22//1 7//1 8//1 23//1
f 22//1 21//1 6//1 7//1
f 24//1 9//1 10//1 11//1
f 24//1 23//1 8//1 9//1
f 692//2 693//2 678//2 677//2
f 694//2 695//2 680//2 679//2
f 694//2 679//2 678//2 693//2
f 696//2 697//2 682//2 681//2
f 696//2 681//2 680//2 695//2
f 698//2 699//2 684//2 683//2
f 698//2 683//2 682//2 697//2
f 700//2 687//2 686//2 685//2
f 700//2 685//2 684//2 699//2
f 723//3 724//3 725//3
f 726//4 727//4 728//4
f 735//5 736//5 737//5
f 742//6 743//6 744//6
f 1003//7 1004//7 1005//7
f 1008//8 1009//8 1010//8
f 1055//9 1056//9 1057//9
f 1058//10 1059//10 1060//10
f 1093//8 1094//8 1095//8
f 1120//11 1121//11 1122//11
f 1125//8 1126//8 1127//8
f 1182//3 1183//3 1184//3
f 1185//12 1186//12 1187//12
f 1268//13 1269//13 1270//13
f 1271//14 1272//14 1273//14
f 1274//15 1275//15 1276//15
f 1277//16 1278//16 1279//16
f 1282//17 1283//17 1284//17
f 1285//18 1286//18 1287//18
f 1294//19 1295//19 1296//19
f 1297//20 1298//20 1299//20
f 1306//3 1307//3 1308//3
f 1309//21 1310//21 1311//21
f 1354//7 1355//7 1356//7
f 1361//17 1362//17 1363//17
f 1400//22 1401//22 1402//22
f 1405//3 1406//3 1407//3
f 1418//12 1419//12 1420//12
f 1421//7 1422//7 1423//7
f 1426//19 1427//19 1428//19
f 1429//23 1430//23 1431//23
f 1432//24 1433//24 1434//24
f 1435//25 1436//25 1437//25
f 1458//17 1459//17 1460//17
f 1461//20 1462//20 1463//20
f 1466//26 1467//26 1468//26
f 1469//16 1470//16 1471//16
f 1524//7 1525//7 1526//7
f 1557//7 1558//7 1559//7
f 1562//8 1563//8 1564//8
f 1625//3 1626//3 1627//3
f 1632//27 1633//27 1634//27
f 1675//12 1676//12 1677//12
f 1680//28 1681//28 1682//28
f 1749//12 1750//12 1751//12
f 1810//29 1811//29 1812//29
f 1845//8 1846//8 1847//8
f 1848//30 1849//30 1850//30
f 1903//7 1904//7 1905//7
f 1954//12 1955//12 1956//12
f 1959//7 1960//7 1961//7
f 2092//31 2093//31 2094//31
f 2143//32 2144//32 2145//32
f 2164//33 2165//33 2166//33
f 2297//34 2298//34 2299//34
f 2300//35 2301//35 2302//35
f 2309//36 2310//36 2311//36
f 2316//37 2317//37 2318//37
f 2577//38 2578//38 2579//38
f 2582//39 2583//39 2584//39
f 2629//40 2630//40 2631//40
f 2632//41 2633//41 2634//41
f 2667//37 2668//37 2669//37
f 2694//42 2695//42 2696//42
f 2699//37 2700//37 2701//37
f 2756//34 2757//34 2758//34
f 2759//43 2760//43 2761//43
f 2842//44 2843//44 2844//44
f 2845//45 2846//45 2847//45
f 2848//46 2849//46 2850//46
f 2851//47 2852//47 2853//47
f 2856//48 2857//48 2858//48
f 2859//49 2860//49 2861//49
f 2868//50 2869//50 2870//50
f 2871//51 2872//51 2873//51
f 2880//34 2881//34 2882//34
f 2883//52 2884//52 2885//52
f 2928//53 2929//53 2930//53
f 2935//48 2936//48 2937//48
f 2974//54 2975//54 2976//54
f 2979//34 2980//34 2981//34
f 2992//43 2993//43 2994//43
f 2995//38 2996//38 2997//38
f 3000//50 3001//50 3002//50
f 3003//55 3004//55 3005//55
f 3006//56 3007//56 3008//56
f 3009//57 3010//57 3011//57
f 3032//48 3033//48 3034//48
f 3035//51 3036//51 3037//51
f 3040//58 3041//58 3042//58
f 3043//42 3044//42 3045//42
f 3098//38 3099//38 3100//38
f 3131//38 3132//38 3133//38
f 3136//37 3137//37 3138//37
f 3199//34 3200//34 3201//34
f 3206//50 3207//50 3208//50
f 3249//43 3250//43 3251//43
f 3254//59 3255//59 3256//59
f 3323//43 3324//43 3325//43
f 3384//60 3385//60 3386//60
f 3419//37 3420//37 3421//37
f 3422//61 3423//61 3424//61
f 3477//38 3478//38 3479//38
f 3528//43 3529//43 3530//43
f 3533//38 3534//38 3535//38
f 3666//62 3667//62 3668//62
f 3717//63 3718//63 3719//63
f 3738//64 3739//64 3740//64
f 702//65 707//65 708//65 701//65
f 701//65 709//65 710//65 702//65
f 718//65 721//65 722//65 717//65
f 756//66 759//66 760//66 755//66
f 772//67 775//67 776//67 771//67
f 788//68 791//68 792//68 787//68
f 804//69 811//69 812//69 803//69
f 820//69 823//69 824//69 819//69
f 836//69 839//69 840//69 835//69
f 864//70 867//70 868//70 863//70
f 880//71 883//71 884//71 879//71
f 896//70 899//70 900//70 895//70
f 912//65 915//65 916//65 911//65
f 928//65 931//65 932//65 927//65
f 944//72 947//72 948//72 943//72
f 960//73 963//73 964//73 959//73
f 976//65 979//65 980//65 975//65
f 992//65 995//65 996//65 991//65
f 1010//74 1011//74 1012//74 1008//74
f 1026//75 1029//75 1030//75 1025//75
f 1042//75 1045//75 1046//75 1041//75
f 1058//76 1067//76 1068//76 1059//76
f 1076//77 1079//77 1080//77 1075//77
f 1092//78 1096//78 1097//78 1091//78
f 1103//78 1104//78 1105//78 1102//78
f 1111//78 1112//78 1113//78 1110//78
f 1137//75 1140//75 1141//75 1136//75
f 1153//79 1156//79 1157//79 1152//79
f 1169//75 1172//75 1173//75 1168//75
f 1185//78 1194//78 1195//78 1186//78
f 1203//78 1206//78 1207//78 1202//78
f 1219//78 1222//78 1223//78 1218//78
f 1235//78 1238//78 1239//78 1234//78
f 1251//80 1254//80 1255//80 1250//80
f 1267//81 1271//81 1273//81 1266//81
f 1303//82 1306//82 1308//82 1302//82
f 1329//69 1332//69 1333//69 1328//69
f 1345//69 1348//69 1349//69 1344//69
f 1379//65 1382//65 1383//65 1378//65
f 1395//65 1398//65 1399//65 1394//65
f 1413//65 1416//65 1417//65 1412//65
f 1447//78 1450//78 1451//78 1446//78
f 1465//78 1467//78 1466//78 1464//78
f 1464//78 1469//78 1471//78 1465//78
f 1483//74 1486//74 1487//74 1482//74
f 1499//74 1502//74 1503//74 1498//74
f 1515//74 1518//74 1519//74 1514//74
f 1564//74 1565//74 1566//74 1562//74
f 1580//75 1583//75 1584//75 1579//75
f 1596//75 1599//75 1600//75 1595//75
f 1612//75 1615//75 1616//75 1611//75
f 1629//75 1632//75 1634//75 1628//75
f 1646//70 1649//70 1650//70 1645//70
f 1662//83 1665//83 1666//83 1661//83
f 1679//84 1683//84 1684//84 1678//84
f 1696//85 1699//85 1700//85 1695//85
f 1712//86 1715//86 1716//86 1711//86
f 1728//87 1731//87 1732//87 1727//87
f 1744//88 1747//88 1748//88 1743//88
f 1759//79 1760//79 1761//79 1758//79
f 1767//79 1768//79 1769//79 1766//79
f 1775//79 1776//79 1777//79 1774//79
f 1783//79 1784//79 1785//79 1782//79
f 1791//79 1792//79 1793//79 1790//79
f 1799//89 1800//89 1801//89 1798//89
f 1807//90 1808//90 1809//90 1806//90
f 1814//65 1815//65 1816//65 1813//65
f 1822//65 1823//65 1824//65 1821//65
f 1830//65 1831//65 1832//65 1829//65
f 1838//65 1839//65 1840//65 1837//65
f 1856//91 1857//91 1858//91 1855//91
f 1864//92 1865//92 1866//92 1863//92
f 1872//93 1873//93 1874//93 1871//93
f 1009//65 1879//65 1880//65 1010//65
f 1892//65 1893//65 1894//65 1891//65
f 1847//69 1906//69 1907//69 1845//69
f 1909//69 1912//69 1913//69 1908//69
f 1925//74 1928//74 1929//74 1924//74
f 1941//69 1944//69 1945//69 1940//69
f 1975//65 1978//65 1979//65 1974//65
f 1991//65 1994//65 1995//65 1990//65
f 1563//65 1998//65 1999//65 1564//65
f 1958//74 2002//74 2003//74 1957//74
f 2007//69 2010//69 2011//69 2006//69
f 2023//74 2026//74 2027//74 2022//74
f 2039//74 2042//74 2043//74 2038//74
f 2055//74 2058//74 2059//74 2054//74
f 704//78 705//78 706//78 703//78
f 703//78 711//78 712//78 704//78
f 720//78 723//78 725//78 719//78
f 741//94 745//94 746//94 740//94
f 758//95 761//95 762//95 757//95
f 774//96 777//96 778//96 773//96
f 790//97 793//97 794//97 789//97
f 806//98 807//98 808//98 805//98
f 822//99 825//99 826//99 821//99
f 838//100 841//100 842//100 837//100
f 805//101 851//101 852//101 806//101
f 850//74 853//74 854//74 849//74
f 866//102 869//102 870//102 865//102
f 882//103 885//103 886//103 881//103
f 898//78 901//78 902//78 897//78
f 914//78 917//78 918//78 913//78
f 930//78 933//78 934//78 929//78
f 946//104 949//104 950//104 945//104
f 962//105 965//105 966//105 961//105
f 978//78 981//78 982//78 977//78
f 994//106 997//106 998//106 993//106
f 1011//74 1015//74 1016//74 1012//74
f 1028//74 1031//74 1032//74 1027//74
f 1044//107 1047//107 1048//107 1043//107
f 1062//108 1063//108 1064//108 1061//108
f 1078//109 1081//109 1082//109 1077//109
f 1139//74 1142//74 1143//74 1138//74
f 1155//74 1158//74 1159//74 1154//74
f 1171//74 1174//74 1175//74 1170//74
f 1189//65 1190//65 1191//65 1188//65
f 1205//65 1208//65 1209//65 1204//65
f 1221//65 1224//65 1225//65 1220//65
f 1237//65 1240//65 1241//65 1236//65
f 1253//65 1256//65 1257//65 1252//65
f 1287//110 1288//110 1289//110 1285//110
f 1286//75 1294//75 1296//75 1287//75
f 1270//69 1298//69 1297//69 1268//69
f 1305//111 1310//111 1309//111 1304//111
f 1331//112 1334//112 1335//112 1330//112
f 1347//113 1350//113 1351//113 1346//113
f 1188//65 1370//65 1371//65 1189//65
f 1381//78 1384//78 1385//78 1380//78
f 1397//78 1401//78 1400//78 1396//78
f 1415//78 1419//78 1418//78 1414//78
f 1431//114 1433//114 1432//114 1429//114
f 1430//115 1440//115 1441//115 1431//115
f 1449//65 1452//65 1453//65 1448//65
f 1485//89 1488//89 1489//89 1484//89
f 1501//79 1504//79 1505//79 1500//79
f 1517//79 1520//79 1521//79 1516//79
f 1095//74 1529//74 1530//74 1093//74
f 1061//116 1549//116 1550//116 1062//116
f 1548//117 1551//117 1552//117 1547//117
f 1565//74 1569//74 1570//74 1566//74
f 1582//74 1585//74 1586//74 1581//74
f 1598//74 1601//74 1602//74 1597//74
f 1614//74 1617//74 1618//74 1613//74
f 1631//70 1634//70 1633//70 1630//70
f 1630//70 1637//70 1638//70 1631//70
f 1648//78 1651//78 1652//78 1647//78
f 1664//78 1667//78 1668//78 1663//78
f 1682//118 1685//118 1686//118 1680//118
f 1698//119 1701//119 1702//119 1697//119
f 1714//78 1717//78 1718//78 1713//78
f 1730//78 1733//78 1734//78 1729//78
f 1746//78 1750//78 1749//78 1745//78
f 1878//65 1880//65 1879//65 1877//65
f 1877//120 1881//120 1882//120 1878//120
f 1893//65 1895//65 1896//65 1894//65
f 1911//75 1914//75 1915//75 1910//75
f 1927//75 1930//75 1931//75 1926//75
f 1943//75 1946//75 1947//75 1942//75
f 1961//65 1962//65 1963//65 1959//65
f 1977//78 1980//78 1981//78 1976//78
f 1993//78 1996//78 1997//78 1992//78
f 1960//79 2004//79 2005//79 1961//79
f 2009//75 2012//75 2013//75 2008//75
f 2025//79 2028//79 2029//79 2024//79
f 2041//75 2044//75 2045//75 2040//75
f 2057//79 2060//79 2061//79 2056//79
f 1681//69 2059//69 2058//69 1682//69
f 721//65 727//65 726//65 722//65
f 742//121 747//121 748//121 743//121
f 759//122 763//122 764//122 760//122
f 775//123 779//123 780//123 776//123
f 791//124 795//124 796//124 792//124
f 807//98 809//98 810//98 808//98
f 823//69 827//69 828//69 824//69
f 839//69 843//69 844//69 840//69
f 851//112 855//112 856//112 852//112
f 867//125 871//125 872//125 868//125
f 883//126 887//126 888//126 884//126
f 899//65 903//65 904//65 900//65
f 915//65 919//65 920//65 916//65
f 931//65 935//65 936//65 932//65
f 947//127 951//127 952//127 948//127
f 963//128 967//128 968//128 964//128
f 979//65 983//65 984//65 980//65
f 995//65 999//65 1000//65 996//65
f 1014//75 1017//75 1018//75 1013//75
f 1029//75 1033//75 1034//75 1030//75
f 1045//75 1049//75 1050//75 1046//75
f 1063//129 1065//129 1066//129 1064//129
f 1079//130 1083//130 1084//130 1080//130
f 1096//78 1098//78 1099//78 1097//78
f 1104//78 1106//78 1107//78 1105//78
f 1112//78 1114//78 1115//78 1113//78
f 1124//75 1128//75 1129//75 1123//75
f 1140//75 1144//75 1145//75 1141//75
f 1156//75 1160//75 1161//75 1157//75
f 1172//75 1176//75 1177//75 1173//75
f 1190//65 1192//65 1193//65 1191//65
f 1206//78 1210//78 1211//78 1207//78
f 1222//78 1226//78 1227//78 1223//78
f 1238//78 1242//78 1243//78 1239//78
f 1254//131 1258//131 1259//131 1255//131
f 1272//69 1282//69 1284//69 1273//69
f 1288//132 1300//132 1301//132 1289//132
f 1307//69 1316//69 1317//69 1308//69
f 1332//69 1336//69 1337//69 1333//69
f 1348//69 1352//69 1353//69 1349//69
f 705//78 1366//78 1367//78 706//78
f 1382//65 1386//65 1387//65 1383//65
f 1398//65 1403//65 1404//65 1399//65
f 1416//65 1421//65 1423//65 1417//65
f 1450//78 1454//78 1455//78 1451//78
f 1486//74 1490//74 1491//74 1487//74
f 1502//74 1506//74 1507//74 1503//74
f 1518//74 1522//74 1523//74 1519//74
f 1532//65 1533//65 1534//65 1531//65
f 1540//65 1541//65 1542//65 1539//65
f 1549//133 1553//133 1554//133 1550//133
f 1568//75 1571//75 1572//75 1567//75
f 1583//75 1587//75 1588//75 1584//75
f 1599//75 1603//75 1604//75 1600//75
f 1615//75 1619//75 1620//75 1616//75
f 1649//70 1653//70 1654//70 1650//70
f 1665//134 1669//134 1670//134 1666//134
f 1683//135 1687//135 1688//135 1684//135
f 1699//136 1703//136 1704//136 1700//136
f 1715//86 1719//86 1720//86 1716//86
f 1731//137 1735//137 1736//137 1732//137
f 1747//138 1752//138 1753//138 1748//138
f 1760//79 1762//79 1763//79 1761//79
f 1768//79 1770//79 1771//79 1769//79
f 1776//79 1778//79 1779//79 1777//79
f 1784//79 1786//79 1787//79 1785//79
f 1792//79 1794//79 1795//79 1793//79
f 1800//89 1802//89 1803//89 1801//89
f 1808//139 1811//139 1810//139 1809//139
f 1815//65 1817//65 1818//65 1816//65
f 1823//65 1825//65 1826//65 1824//65
f 1831//65 1833//65 1834//65 1832//65
f 1839//65 1841//65 1842//65 1840//65
f 1848//140 1851//140 1852//140 1849//140
f 1857//141 1859//141 1860//141 1858//141
f 1865//142 1867//142 1868//142 1866//142
f 1873//143 1875//143 1876//143 1874//143
f 1895//65 1897//65 1898//65 1896//65
f 1912//74 1916//74 1917//74 1913//74
f 1928//74 1932//74 1933//74 1929//74
f 1944//74 1948//74 1949//74 1945//74
f 1962//65 1966//65 1967//65 1963//65
f 1978//65 1982//65 1983//65 1979//65
f 1994//65 1999//65 1998//65 1995//65
f 2010//74 2014//74 2015//74 2011//74
f 2026//74 2030//74 2031//74 2027//74
f 2042//74 2046//74 2047//74 2043//74
f 724//74 733//74 734//74 725//74
f 745//144 749//144 750//144 746//144
f 761//145 765//145 766//145 762//145
f 777//146 781//146 782//146 778//146
f 793//147 797//147 798//147 794//147
f 809//148 813//148 814//148 810//148
f 825//149 829//149 830//149 826//149
f 841//150 845//150 846//150 842//150
f 853//69 857//69 858//69 854//69
f 869//151 873//151 874//151 870//151
f 885//152 889//152 890//152 886//152
f 901//78 905//78 906//78 902//78
f 917//78 921//78 922//78 918//78
f 933//153 937//153 938//153 934//153
f 949//154 953//154 954//154 950//154
f 965//155 969//155 970//155 966//155
f 981//78 985//78 986//78 982//78
f 997//156 1001//156 1002//156 998//156
f 1015//74 1019//74 1020//74 1016//74
f 1031//74 1035//74 1036//74 1032//74
f 1047//69 1051//69 1052//69 1048//69
f 1065//157 1069//157 1070//157 1066//157
f 1081//158 1085//158 1086//158 1082//158
f 1127//74 1130//74 1131//74 1125//74
f 1142//74 1146//74 1147//74 1143//74
f 1158//74 1162//74 1163//74 1159//74
f 1174//69 1178//69 1179//69 1175//69
f 1192//65 1196//65 1197//65 1193//65
f 1208//65 1212//65 1213//65 1209//65
f 1224//65 1228//65 1229//65 1225//65
f 1240//65 1244//65 1245//65 1241//65
f 1256//65 1260//65 1261//65 1257//65
f 1291//159 1303//159 1302//159 1290//159
f 1310//160 1312//160 1313//160 1311//160
f 1319//148 1322//148 1323//148 1318//148
f 1334//161 1338//161 1339//161 1335//161
f 1350//89 1355//89 1354//89 1351//89
f 707//65 1364//65 1365//65 708//65
f 1369//78 1372//78 1373//78 1368//78
f 1384//78 1388//78 1389//78 1385//78
f 1437//78 1438//78 1439//78 1435//78
f 1452//65 1456//65 1457//65 1453//65
f 1436//162 1468//162 1467//162 1437//162
f 1419//79 1471//79 1470//79 1420//79
f 1401//163 1472//163 1473//163 1402//163
f 1472//89 1476//89 1477//89 1473//89
f 1488//89 1492//89 1493//89 1489//89
f 1504//79 1508//79 1509//79 1505//79
f 1520//79 1525//79 1524//79 1521//79
f 1533//65 1535//65 1536//65 1534//65
f 1541//65 1543//65 1544//65 1542//65
f 1126//65 1545//65 1546//65 1127//65
f 1551//164 1555//164 1556//164 1552//164
f 1569//74 1573//74 1574//74 1570//74
f 1585//74 1589//74 1590//74 1586//74
f 1601//74 1605//74 1606//74 1602//74
f 1617//74 1621//74 1622//74 1618//74
f 1636//78 1639//78 1640//78 1635//78
f 1651//78 1655//78 1656//78 1652//78
f 1667//78 1671//78 1672//78 1668//78
f 1685//165 1689//165 1690//165 1686//165
f 1701//119 1705//119 1706//119 1702//119
f 1717//78 1721//78 1722//78 1718//78
f 1733//78 1737//78 1738//78 1734//78
f 1750//79 1754//79 1755//79 1751//79
f 1881//166 1883//166 1884//166 1882//166
f 1897//65 1899//65 1900//65 1898//65
f 1914//75 1918//75 1919//75 1915//75
f 1930//75 1934//75 1935//75 1931//75
f 1946//75 1950//75 1951//75 1947//75
f 1965//78 1968//78 1969//78 1964//78
f 1980//78 1984//78 1985//78 1981//78
f 1996//78 2000//78 2001//78 1997//78
f 2012//75 2016//75 2017//75 2013//75
f 2028//75 2032//75 2033//75 2029//75
f 2044//75 2048//75 2049//75 2045//75
f 709//65 713//65 714//65 710//65
f 727//167 729//167 730//167 728//167
f 747//168 751//168 752//168 748//168
f 763//169 767//169 768//169 764//169
f 779//170 783//170 784//170 780//170
f 795//171 799//171 800//171 796//171
f 811//69 815//69 816//69 812//69
f 827//69 831//69 832//69 828//69
f 843//69 847//69 848//69 844//69
f 855//101 859//101 860//101 856//101
f 871//172 875//172 876//172 872//172
f 887//173 891//173 892//173 888//173
f 903//65 907//65 908//65 904//65
f 919//65 923//65 924//65 920//65
f 935//70 939//70 940//70 936//70
f 951//174 955//174 956//174 952//174
f 967//70 971//70 972//70 968//70
f 983//65 987//65 988//65 984//65
f 999//65 1003//65 1005//65 1000//65
f 1017//75 1021//75 1022//75 1018//75
f 1033//75 1037//75 1038//75 1034//75
f 1049//75 1053//75 1054//75 1050//75
f 1067//175 1071//175 1072//175 1068//175
f 1083//176 1087//176 1088//176 1084//176
f 1098//78 1100//78 1101//78 1099//78
f 1106//78 1108//78 1109//78 1107//78
f 1114//78 1116//78 1117//78 1115//78
f 1128//75 1132//75 1133//75 1129//75
f 1144//75 1148//75 1149//75 1145//75
f 1160//75 1164//75 1165//75 1161//75
f 1176//75 1180//75 1181//75 1177//75
f 1194//78 1198//78 1199//78 1195//78
f 1210//78 1214//78 1215//78 1211//78
f 1226//78 1230//78 1231//78 1227//78
f 1242//177 1246//177 1247//177 1243//177
f 1258//119 1262//119 1263//119 1259//119
f 1293//65 1296//65 1295//65 1292//65
f 1292//65 1299//65 1298//65 1293//65
f 1312//178 1314//178 1315//178 1313//178
f 1321//69 1324//69 1325//69 1320//69
f 1336//69 1340//69 1341//69 1337//69
f 1352//69 1357//69 1358//69 1353//69
f 1370//65 1374//65 1375//65 1371//65
f 1386//65 1390//65 1391//65 1387//65
f 1403//65 1408//65 1409//65 1404//65
f 1422//75 1426//75 1428//75 1423//75
f 1438//78 1442//78 1443//78 1439//78
f 1454//78 1459//78 1458//78 1455//78
f 1475//74 1478//74 1479//74 1474//74
f 1490//74 1494//74 1495//74 1491//74
f 1506//74 1510//74 1511//74 1507//74
f 1522//74 1527//74 1528//74 1523//74
f 1553//179 1557//179 1559//179 1554//179
f 1571//75 1575//75 1576//75 1572//75
f 1587//75 1591//75 1592//75 1588//75
f 1603//75 1607//75 1608//75 1604//75
f 1619//75 1623//75 1624//75 1620//75
f 1637//70 1641//70 1642//70 1638//70
f 1653//70 1657//70 1658//70 1654//70
f 1669//180 1673//180 1674//180 1670//180
f 1687//181 1691//181 1692//181 1688//181
f 1703//86 1707//86 1708//86 1704//86
f 1719//182 1723//182 1724//182 1720//182
f 1735//183 1739//183 1740//183 1736//183
f 1754//79 1756//79 1757//79 1755//79
f 1762//79 1764//79 1765//79 1763//79
f 1770//79 1772//79 1773//79 1771//79
f 1778//79 1780//79 1781//79 1779//79
f 1786//79 1788//79 1789//79 1787//79
f 1794//89 1796//89 1797//89 1795//89
f 1802//89 1804//89 1805//89 1803//89
f 1811//65 1814//65 1813//65 1812//65
f 1817//65 1819//65 1820//65 1818//65
f 1825//65 1827//65 1828//65 1826//65
f 1833//65 1835//65 1836//65 1834//65
f 1841//65 1843//65 1844//65 1842//65
f 1851//184 1853//184 1854//184 1852//184
f 1859//185 1861//185 1862//185 1860//185
f 1867//186 1869//186 1870//186 1868//186
f 1883//187 1885//187 1886//187 1884//187
f 1899//65 1901//65 1902//65 1900//65
f 1916//69 1920//69 1921//69 1917//69
f 1932//74 1936//74 1937//74 1933//74
f 1948//74 1952//74 1953//74 1949//74
f 1966//65 1970//65 1971//65 1967//65
f 1982//65 1986//65 1987//65 1983//65
f 2014//74 2018//74 2019//74 2015//74
f 2030//74 2034//74 2035//74 2031//74
f 2046//74 2050//74 2051//74 2047//74
f 711//78 715//78 716//78 712//78
f 729//188 731//188 732//188 730//188
f 749//189 753//189 754//189 750//189
f 765//190 769//190 770//190 766//190
f 781//191 785//191 786//191 782//191
f 813//192 817//192 818//192 814//192
f 829//193 833//193 834//193 830//193
f 797//194 861//194 862//194 798//194
f 873//195 877//195 878//195 874//195
f 889//196 893//196 894//196 890//196
f 905//78 909//78 910//78 906//78
f 921//78 925//78 926//78 922//78
f 937//197 941//197 942//197 938//197
f 953//198 957//198 958//198 954//198
f 969//199 973//199 974//199 970//199
f 985//78 989//78 990//78 986//78
f 1001//200 1006//200 1007//200 1002//200
f 1019//74 1023//74 1024//74 1020//74
f 1035//201 1039//201 1040//201 1036//201
f 1051//202 1056//202 1055//202 1052//202
f 1069//203 1073//203 1074//203 1070//203
f 1085//65 1089//65 1090//65 1086//65
f 1130//74 1134//74 1135//74 1131//74
f 1146//74 1150//74 1151//74 1147//74
f 1162//74 1166//74 1167//74 1163//74
f 1178//74 1183//74 1182//74 1179//74
f 1196//65 1200//65 1201//65 1197//65
f 1212//65 1216//65 1217//65 1213//65
f 1228//65 1232//65 1233//65 1229//65
f 1244//65 1248//65 1249//65 1245//65
f 1260//204 1264//204 1265//204 1261//204
f 1276//75 1278//75 1277//75 1274//75
f 1275//205 1291//205 1290//205 1276//205
f 1314//206 1319//206 1318//206 1315//206
f 1322//98 1326//98 1327//98 1323//98
f 1338//161 1342//161 1343//161 1339//161
f 1355//65 1365//65 1364//65 1356//65
f 1372//78 1376//78 1377//78 1373//78
f 1388//78 1392//78 1393//78 1389//78
f 1407//78 1410//78 1411//78 1405//78
f 1440//207 1444//207 1445//207 1441//207
f 1456//65 1461//65 1463//65 1457//65
f 1406//74 1475//74 1474//74 1407//74
f 1476//89 1480//89 1481//89 1477//89
f 1492//89 1496//89 1497//89 1493//89
f 1508//79 1512//79 1513//79 1509//79
f 1525//65 1532//65 1531//65 1526//65
f 1555//194 1560//194 1561//194 1556//194
f 1573//74 1577//74 1578//74 1574//74
f 1589//74 1593//74 1594//74 1590//74
f 1605//74 1609//74 1610//74 1606//74
f 1621//69 1626//69 1625//69 1622//69
f 1639//78 1643//78 1644//78 1640//78
f 1655//78 1659//78 1660//78 1656//78
f 1671//78 1676//78 1675//78 1672//78
f 1689//185 1693//185 1694//185 1690//185
f 1705//82 1709//82 1710//82 1706//82
f 1721//78 1725//78 1726//78 1722//78
f 1737//78 1741//78 1742//78 1738//78
f 1885//208 1887//208 1888//208 1886//208
f 1901//65 1903//65 1905//65 1902//65
f 1918//75 1922//75 1923//75 1919//75
f 1934//75 1938//75 1939//75 1935//75
f 1950//79 1954//79 1956//79 1951//79
f 1968//78 1972//78 1973//78 1969//78
f 1984//78 1988//78 1989//78 1985//78
f 2016//75 2020//75 2021//75 2017//75
f 2032//75 2036//75 2037//75 2033//75
f 2048//75 2052//75 2053//75 2049//75
f 713//65 718//65 717//65 714//65
f 751//209 756//209 755//209 752//209
f 767//210 772//210 771//210 768//210
f 783//211 788//211 787//211 784//211
f 815//69 820//69 819//69 816//69
f 831//69 836//69 835//69 832//69
f 731//98 860//98 859//98 732//98
f 799//70 864//70 863//70 800//70
f 875//212 880//212 879//212 876//212
f 891//213 896//213 895//213 892//213
f 907//65 912//65 911//65 908//65
f 923//65 928//65 927//65 924//65
f 939//214 944//214 943//214 940//214
f 955//215 960//215 959//215 956//215
f 971//65 976//65 975//65 972//65
f 987//65 992//65 991//65 988//65
f 1004//75 1014//75 1013//75 1005//75
f 1021//75 1026//75 1025//75 1022//75
f 1037//75 1042//75 1041//75 1038//75
f 1053//216 1060//216 1059//216 1054//216
f 1071//217 1076//217 1075//217 1072//217
f 1087//78 1092//78 1091//78 1088//78
f 1100//78 1103//78 1102//78 1101//78
f 1108//78 1111//78 1110//78 1109//78
f 1116//78 1120//78 1122//78 1117//78
f 1132//75 1137//75 1136//75 1133//75
f 1148//75 1153//75 1152//75 1149//75
f 1164//75 1169//75 1168//75 1165//75
f 1180//75 1187//75 1186//75 1181//75
f 1198//78 1203//78 1202//78 1199//78
f 1214//78 1219//78 1218//78 1215//78
f 1230//78 1235//78 1234//78 1231//78
f 1246//218 1251//218 1250//218 1247//218
f 1262//119 1267//119 1266//119 1263//119
f 1278//78 1280//78 1281//78 1279//78
f 1316//69 1321//69 1320//69 1317//69
f 1324//69 1329//69 1328//69 1325//69
f 1340//69 1345//69 1344//69 1341//69
f 1357//69 1361//69 1363//69 1358//69
f 1374//65 1379//65 1378//65 1375//65
f 1390//65 1395//65 1394//65 1391//65
f 1408//65 1413//65 1412//65 1409//65
f 1442//78 1447//78 1446//78 1443//78
f 1459//74 1463//74 1462//74 1460//74
f 1478//74 1483//74 1482//74 1479//74
f 1494//74 1499//74 1498//74 1495//74
f 1510//74 1515//74 1514//74 1511//74
f 1527//74 1530//74 1529//74 1528//74
f 1535//65 1537//65 1538//65 1536//65
f 1543//65 1546//65 1545//65 1544//65
f 1558//75 1568//75 1567//75 1559//75
f 1575//75 1580//75 1579//75 1576//75
f 1591//75 1596//75 1595//75 1592//75
f 1607//75 1612//75 1611//75 1608//75
f 1623//75 1629//75 1628//75 1624//75
f 1641//70 1646//70 1645//70 1642//70
f 1657//83 1662//83 1661//83 1658//83
f 1673//219 1679//219 1678//219 1674//219
f 1691//220 1696//220 1695//220 1692//220
f 1707//86 1712//86 1711//86 1708//86
f 1723//221 1728//221 1727//221 1724//221
f 1739//222 1744//222 1743//222 1740//222
f 1756//79 1759//79 1758//79 1757//79
f 1764//79 1767//79 1766//79 1765//79
f 1772//79 1775//79 1774//79 1773//79
f 1780//79 1783//79 1782//79 1781//79
f 1788//79 1791//79 1790//79 1789//79
f 1796//79 1799//79 1798//79 1797//79
f 1804//89 1807//89 1806//89 1805//89
f 1819//65 1822//65 1821//65 1820//65
f 1827//65 1830//65 1829//65 1828//65
f 1835//65 1838//65 1837//65 1836//65
f 1843//65 1847//65 1846//65 1844//65
f 1853//223 1856//223 1855//223 1854//223
f 1861//224 1864//224 1863//224 1862//224
f 1869//225 1872//225 1871//225 1870//225
f 1887//226 1889//226 1890//226 1888//226
f 1904//75 1911//75 1910//75 1905//75
f 1920//69 1925//69 1924//69 1921//69
f 1936//74 1941//74 1940//74 1937//74
f 1952//74 1958//74 1957//74 1953//74
f 1970//65 1975//65 1974//65 1971//65
f 1986//65 1991//65 1990//65 1987//65
f 2002//74 2007//74 2006//74 2003//74
f 2018//74 2023//74 2022//74 2019//74
f 2034//74 2039//74 2038//74 2035//74
f 2050//69 2055//69 2054//69 2051//69
f 715//78 720//78 719//78 716//78
f 735//227 738//227 739//227 736//227
f 736//228 741//228 740//228 737//228
f 753//229 758//229 757//229 754//229
f 769//230 774//230 773//230 770//230
f 785//231 790//231 789//231 786//231
f 802//69 804//69 803//69 801//69
f 817//232 822//232 821//232 818//232
f 833//233 838//233 837//233 834//233
f 845//234 739//234 738//234 846//234
f 801//69 850//69 849//69 802//69
f 733//235 858//235 857//235 734//235
f 861//155 866//155 865//155 862//155
f 877//236 882//236 881//236 878//236
f 893//155 898//155 897//155 894//155
f 909//78 914//78 913//78 910//78
f 925//78 930//78 929//78 926//78
f 941//237 946//237 945//237 942//237
f 957//238 962//238 961//238 958//238
f 973//78 978//78 977//78 974//78
f 989//239 994//239 993//239 990//239
f 1023//74 1028//74 1027//74 1024//74
f 1039//240 1044//240 1043//240 1040//240
f 1073//241 1078//241 1077//241 1074//241
f 1089//65 1095//65 1094//65 1090//65
f 1119//75 1122//75 1121//75 1118//75
f 1118//75 1124//75 1123//75 1119//75
f 1134//74 1139//74 1138//74 1135//74
f 1150//74 1155//74 1154//74 1151//74
f 1166//74 1171//74 1170//74 1167//74
f 1200//65 1205//65 1204//65 1201//65
f 1216//65 1221//65 1220//65 1217//65
f 1232//65 1237//65 1236//65 1233//65
f 1248//65 1253//65 1252//65 1249//65
f 1264//242 1270//242 1269//242 1265//242
f 1280//78 1284//78 1283//78 1281//78
f 1300//111 1305//111 1304//111 1301//111
f 1326//112 1331//112 1330//112 1327//112
f 1342//113 1347//113 1346//113 1343//113
f 1360//78 1363//78 1362//78 1359//78
f 1359//78 1367//78 1366//78 1360//78
f 1183//78 1369//78 1368//78 1184//78
f 1376//78 1381//78 1380//78 1377//78
f 1392//78 1397//78 1396//78 1393//78
f 1410//78 1415//78 1414//78 1411//78
f 1425//65 1428//65 1427//65 1424//65
f 1424//65 1434//65 1433//65 1425//65
f 1444//65 1449//65 1448//65 1445//65
f 1480//89 1485//89 1484//89 1481//89
f 1496//79 1501//79 1500//79 1497//79
f 1512//79 1517//79 1516//79 1513//79
f 1537//65 1540//65 1539//65 1538//65
f 1056//243 1548//243 1547//243 1057//243
f 1577//74 1582//74 1581//74 1578//74
f 1593//74 1598//74 1597//74 1594//74
f 1609//74 1614//74 1613//74 1610//74
f 1626//78 1636//78 1635//78 1627//78
f 1643//78 1648//78 1647//78 1644//78
f 1659//78 1664//78 1663//78 1660//78
f 1693//185 1698//185 1697//185 1694//185
f 1709//78 1714//78 1713//78 1710//78
f 1725//78 1730//78 1729//78 1726//78
f 1741//78 1746//78 1745//78 1742//78
f 1006//200 1876//200 1875//200 1007//200
f 1889//244 1892//244 1891//244 1890//244
f 1906//74 1909//74 1908//74 1907//74
f 1922//75 1927//75 1926//75 1923//75
f 1938//75 1943//75 1942//75 1939//75
f 1955//78 1965//78 1964//78 1956//78
f 1972//78 1977//78 1976//78 1973//78
f 1988//78 1993//78 1992//78 1989//78
f 1560//78 2001//78 2000//78 1561//78
f 2004//75 2009//75 2008//75 2005//75
f 2020//75 2025//75 2024//75 2021//75
f 2036//79 2041//79 2040//79 2037//79
f 2052//75 2057//75 2056//75 2053//75
f 1676//79 2061//79 2060//79 1677//79
f 847//69 744//69 743//69 848//69
f 1752//245 2092//245 2094//245 1753//245
f 2089//246 2109//246 2110//246 2088//246
f 2075//247 2089//247 2088//247 2074//247
f 2124//248 2075//248 2074//248 2123//248
f 2108//249 2124//249 2123//249 2107//249
f 2087//250 2108//250 2107//250 2086//250
f 2073//250 2087//250 2086//250 2072//250
f 2122//74 2073//74 2072//74 2121//74
f 2106//74 2122//74 2121//74 2105//74
f 2085//74 2106//74 2105//74 2084//74
f 2071//74 2085//74 2084//74 2070//74
f 2120//74 2071//74 2070//74 2119//74
f 2104//74 2120//74 2119//74 2103//74
f 2083//74 2104//74 2103//74 2082//74
f 2069//74 2083//74 2082//74 2068//74
f 2118//74 2069//74 2068//74 2117//74
f 2102//69 2118//69 2117//69 2101//69
f 2081//69 2102//69 2101//69 2080//69
f 2067//69 2081//69 2080//69 2066//69
f 2116//69 2067//69 2066//69 2115//69
f 2100//69 2116//69 2115//69 2099//69
f 2079//235 2100//235 2099//235 2078//235
f 2065//235 2079//235 2078//235 2064//235
f 2114//235 2065//235 2064//235 2113//235
f 2098//235 2114//235 2113//235 2097//235
f 2077//235 2098//235 2097//235 2076//235
f 2063//235 2077//235 2076//235 2062//235
f 2112//235 2063//235 2062//235 2111//235
f 2096//251 2112//251 2111//251 2095//251
f 2091//252 2096//252 2095//252 2090//252
f 2090//253 2094//253 2093//253 2091//253
f 1849//254 2144//254 2143//254 1850//254
f 2109//255 2164//255 2166//255 2110//255
f 2134//256 2145//256 2144//256 2133//256
f 2163//257 2134//257 2133//257 2162//257
f 2155//258 2163//258 2162//258 2154//258
f 2142//259 2155//259 2154//259 2141//259
f 2132//260 2142//260 2141//260 2131//260
f 2161//261 2132//261 2131//261 2160//261
f 2153//262 2161//262 2160//262 2152//262
f 2140//165 2153//165 2152//165 2139//165
f 2130//185 2140//185 2139//185 2129//185
f 2159//185 2130//185 2129//185 2158//185
f 2151//263 2159//263 2158//263 2150//263
f 2138//119 2151//119 2150//119 2137//119
f 2128//119 2138//119 2137//119 2127//119
f 2157//119 2128//119 2127//119 2156//119
f 2149//185 2157//185 2156//185 2148//185
f 2136//185 2149//185 2148//185 2135//185
f 2126//165 2136//165 2135//165 2125//165
f 2147//165 2126//165 2125//165 2146//165
f 2146//264 2166//264 2165//264 2147//264
f 2694//265 2185//265 2186//265 2695//265
f 2210//266 2881//266 2880//266 2209//266
f 2856//266 2201//266 2202//266 2857//266
f 2196//267 2846//267 2845//267 2195//267
f 2634//265 2181//265 2182//265 2632//265
f 3325//265 2255//265 2256//265 3323//265
f 3419//268 2259//268 2260//268 3420//268
f 2176//269 2578//269 2577//269 2175//269
f 2178//268 2583//268 2582//268 2177//268
f 3131//269 2243//269 2244//269 3132//269
f 3201//266 2247//266 2248//266 3199//266
f 2234//266 3032//266 3034//266 2233//266
f 2631//266 2179//266 2180//266 2629//266
f 2224//269 2996//269 2995//269 2223//269
f 2188//268 2700//268 2699//268 2187//268
f 2873//268 2207//268 2208//268 2871//268
f 3528//265 2265//265 2266//265 3529//265
f 2206//269 2869//269 2868//269 2205//269
f 3206//269 2249//269 2250//269 3207//269
f 3477//269 2263//269 2264//269 3478//269
f 3008//270 2229//270 2230//270 3006//270
f 3136//268 2245//268 2246//268 3137//268
f 2226//269 3001//269 3000//269 2225//269
f 2174//271 2316//271 2318//271 2173//271
f 2242//269 3098//269 3100//269 2241//269
f 2170//272 2300//272 2302//272 2169//272
f 2254//273 3255//273 3254//273 2253//273
f 2252//265 3249//265 3251//265 2251//265
f 2758//266 2189//266 2190//266 2756//266
f 2976//274 2217//274 2218//274 2974//274
f 2216//266 2936//266 2935//266 2215//266
f 2268//269 3534//269 3533//269 2267//269
f 2994//265 2221//265 2222//265 2992//265
f 2240//265 3044//265 3043//265 2239//265
f 3042//275 2237//275 2238//275 3040//275
f 2232//275 3010//275 3009//275 2231//275
f 1850//276 2261//276 2262//276 1848//276
f 1426//269 2226//269 2225//269 1427//269
f 2229//270 1432//270 1434//270 2230//270
f 2263//269 1904//269 1903//269 2264//269
f 1294//269 2206//269 2205//269 1295//269
f 2265//265 1955//265 1954//265 2266//265
f 2207//268 1297//268 1299//268 2208//268
f 1421//269 2224//269 2223//269 1422//269
f 2179//266 1055//266 1057//266 2180//266
f 1460//266 2234//266 2233//266 1458//266
f 723//266 2167//266 2168//266 724//266
f 2247//266 1625//266 1627//266 2248//266
f 2243//269 1558//269 1557//269 2244//269
f 1003//269 2176//269 2175//269 1004//269
f 2181//265 1058//265 1060//265 2182//265
f 2185//265 1121//265 1120//265 2186//265
f 2192//265 1185//265 1187//265 2191//265
f 2258//277 1810//277 1812//277 2257//277
f 2204//278 1286//278 1285//278 2203//278
f 2194//279 1269//279 1268//279 2193//279
f 2200//265 1277//265 1279//265 2199//265
f 1311//280 2211//280 2212//280 1309//280
f 2215//266 1362//266 1361//266 2216//266
f 2251//265 1675//265 1677//265 2252//265
f 2173//271 742//271 744//271 2174//271
f 1402//274 2218//274 2217//274 1400//274
f 1461//268 2235//268 2236//268 1462//268
f 1420//265 2222//265 2221//265 1418//265
f 2228//281 1430//281 1429//281 2227//281
f 2270//282 2093//282 2092//282 2269//282
f 2184//268 1094//268 1093//268 2183//268
f 2187//268 1126//268 1125//268 2188//268
f 1845//268 2260//268 2259//268 1846//268
f 1632//269 2250//269 2249//269 1633//269
f 2177//268 1009//268 1008//268 2178//268
f 2253//273 1681//273 1680//273 2254//273
f 1356//269 2213//269 2214//269 1354//269
f 1751//265 2256//265 2255//265 1749//265
f 2195//267 1272//267 1271//267 2196//267
f 2209//266 1307//266 1306//266 2210//266
f 2231//275 1436//275 1435//275 2232//275
f 2267//269 1960//269 1959//269 2268//269
f 2237//275 1466//275 1468//275 2238//275
f 1469//265 2240//265 2239//265 1470//265
f 737//283 2171//283 2172//283 735//283
f 728//272 2170//272 2169//272 726//272
f 1526//269 2242//269 2241//269 1524//269
f 2145//284 2271//284 2272//284 2143//284
f 2245//268 1563//268 1562//268 2246//268
f 1184//266 2190//266 2189//266 1182//266
f 2274//285 2165//285 2164//285 2273//285
f 2198//286 1275//286 1274//286 2197//286
f 2201//266 1283//266 1282//266 2202//266
f 2220//266 1406//266 1405//266 2219//266
f 2276//287 2281//287 2282//287 2275//287
f 2275//287 2283//287 2284//287 2276//287
f 2292//287 2295//287 2296//287 2291//287
f 2330//288 2333//288 2334//288 2329//288
f 2346//289 2349//289 2350//289 2345//289
f 2362//290 2365//290 2366//290 2361//290
f 2378//291 2385//291 2386//291 2377//291
f 2394//292 2397//292 2398//292 2393//292
f 2410//292 2413//292 2414//292 2409//292
f 2438//287 2441//287 2442//287 2437//287
f 2454//293 2457//293 2458//293 2453//293
f 2470//294 2473//294 2474//294 2469//294
f 2486//287 2489//287 2490//287 2485//287
f 2502//287 2505//287 2506//287 2501//287
f 2518//295 2521//295 2522//295 2517//295
f 2534//296 2537//296 2538//296 2533//296
f 2550//287 2553//287 2554//287 2549//287
f 2566//287 2569//287 2570//287 2565//287
f 2583//292 2585//292 2586//292 2584//292
f 2600//297 2603//297 2604//297 2599//297
f 2616//297 2619//297 2620//297 2615//297
f 2633//298 2641//298 2642//298 2634//298
f 2650//299 2653//299 2654//299 2649//299
f 2666//300 2670//300 2671//300 2665//300
f 2677//300 2678//300 2679//300 2676//300
f 2685//300 2686//300 2687//300 2684//300
f 2711//297 2714//297 2715//297 2710//297
f 2727//301 2730//301 2731//301 2726//301
f 2743//297 2746//297 2747//297 2742//297
f 2761//300 2768//300 2769//300 2759//300
f 2777//300 2780//300 2781//300 2776//300
f 2793//300 2796//300 2797//300 2792//300
f 2809//302 2812//302 2813//302 2808//302
f 2825//303 2828//303 2829//303 2824//303
f 2841//304 2847//304 2846//304 2840//304
f 2877//302 2882//302 2881//302 2876//302
f 2903//291 2906//291 2907//291 2902//291
f 2919//291 2922//291 2923//291 2918//291
f 2953//287 2956//287 2957//287 2952//287
f 2969//287 2972//287 2973//287 2968//287
f 2987//287 2990//287 2991//287 2986//287
f 3021//300 3024//300 3025//300 3020//300
f 3039//300 3042//300 3041//300 3038//300
f 3038//300 3045//300 3044//300 3039//300
f 3057//292 3060//292 3061//292 3056//292
f 3073//292 3076//292 3077//292 3072//292
f 3089//292 3092//292 3093//292 3088//292
f 3137//292 3139//292 3140//292 3138//292
f 3154//297 3157//297 3158//297 3153//297
f 3170//297 3173//297 3174//297 3169//297
f 3186//297 3189//297 3190//297 3185//297
f 3203//297 3208//297 3207//297 3202//297
f 3220//287 3223//287 3224//287 3219//287
f 3236//305 3239//305 3240//305 3235//305
f 3253//306 3257//306 3258//306 3252//306
f 3270//307 3273//307 3274//307 3269//307
f 3286//308 3289//308 3290//308 3285//308
f 3302//309 3305//309 3306//309 3301//309
f 3318//310 3321//310 3322//310 3317//310
f 3333//297 3334//297 3335//297 3332//297
f 3341//301 3342//301 3343//301 3340//301
f 3349//301 3350//301 3351//301 3348//301
f 3357//297 3358//297 3359//297 3356//297
f 3365//297 3366//297 3367//297 3364//297
f 3373//297 3374//297 3375//297 3372//297
f 3381//311 3382//311 3383//311 3380//311
f 3388//287 3389//287 3390//287 3387//287
f 3396//287 3397//287 3398//287 3395//287
f 3404//287 3405//287 3406//287 3403//287
f 3412//287 3413//287 3414//287 3411//287
f 3430//312 3431//312 3432//312 3429//312
f 3438//313 3439//313 3440//313 3437//313
f 3446//314 3447//314 3448//314 3445//314
f 2584//315 3453//315 3454//315 2582//315
f 3466//294 3467//294 3468//294 3465//294
f 3420//291 3480//291 3481//291 3421//291
f 3483//292 3486//292 3487//292 3482//292
f 3499//292 3502//292 3503//292 3498//292
f 3515//291 3518//291 3519//291 3514//291
f 3549//287 3552//287 3553//287 3548//287
f 3565//287 3568//287 3569//287 3564//287
f 3138//287 3572//287 3573//287 3136//287
f 3532//292 3576//292 3577//292 3531//292
f 3581//292 3584//292 3585//292 3580//292
f 3597//291 3600//291 3601//291 3596//291
f 3613//292 3616//292 3617//292 3612//292
f 3629//292 3632//292 3633//292 3628//292
f 2278//300 2279//300 2280//300 2277//300
f 2277//300 2285//300 2286//300 2278//300
f 2294//300 2298//300 2297//300 2293//300
f 2315//316 2319//316 2320//316 2314//316
f 2332//317 2335//317 2336//317 2331//317
f 2348//318 2351//318 2352//318 2347//318
f 2364//319 2367//319 2368//319 2363//319
f 2380//320 2381//320 2382//320 2379//320
f 2396//321 2399//321 2400//321 2395//321
f 2412//322 2415//322 2416//322 2411//322
f 2379//323 2425//323 2426//323 2380//323
f 2424//292 2427//292 2428//292 2423//292
f 2440//324 2443//324 2444//324 2439//324
f 2456//325 2459//325 2460//325 2455//325
f 2472//300 2475//300 2476//300 2471//300
f 2488//300 2491//300 2492//300 2487//300
f 2504//300 2507//300 2508//300 2503//300
f 2520//326 2523//326 2524//326 2519//326
f 2536//327 2539//327 2540//327 2535//327
f 2552//300 2555//300 2556//300 2551//300
f 2568//328 2571//328 2572//328 2567//328
f 2585//291 2589//291 2590//291 2586//291
f 2602//292 2605//292 2606//292 2601//292
f 2618//329 2621//329 2622//329 2617//329
f 2636//330 2637//330 2638//330 2635//330
f 2652//331 2655//331 2656//331 2651//331
f 2713//292 2716//292 2717//292 2712//292
f 2729//292 2732//292 2733//292 2728//292
f 2745//291 2748//291 2749//291 2744//291
f 2763//287 2764//287 2765//287 2762//287
f 2779//287 2782//287 2783//287 2778//287
f 2795//287 2798//287 2799//287 2794//287
f 2811//287 2814//287 2815//287 2810//287
f 2827//287 2830//287 2831//287 2826//287
f 2859//332 2862//332 2863//332 2860//332
f 2860//301 2870//301 2869//301 2861//301
f 2842//291 2873//291 2872//291 2843//291
f 2879//333 2883//333 2885//333 2878//333
f 2905//334 2908//334 2909//334 2904//334
f 2921//335 2924//335 2925//335 2920//335
f 2762//287 2944//287 2945//287 2763//287
f 2955//300 2958//300 2959//300 2954//300
f 2971//300 2976//300 2975//300 2970//300
f 2989//300 2994//300 2993//300 2988//300
f 3003//336 3008//336 3007//336 3004//336
f 3004//337 3014//337 3015//337 3005//337
f 3023//287 3026//287 3027//287 3022//287
f 3059//297 3062//297 3063//297 3058//297
f 3075//297 3078//297 3079//297 3074//297
f 3091//297 3094//297 3095//297 3090//297
f 2667//292 3103//292 3104//292 2668//292
f 2635//338 3123//338 3124//338 2636//338
f 3122//339 3125//339 3126//339 3121//339
f 3139//292 3143//292 3144//292 3140//292
f 3156//292 3159//292 3160//292 3155//292
f 3172//292 3175//292 3176//292 3171//292
f 3188//292 3191//292 3192//292 3187//292
f 3205//287 3206//287 3208//287 3204//287
f 3204//287 3211//287 3212//287 3205//287
f 3222//300 3225//300 3226//300 3221//300
f 3238//300 3241//300 3242//300 3237//300
f 3255//340 3259//340 3260//340 3256//340
f 3272//341 3275//341 3276//341 3271//341
f 3288//302 3291//302 3292//302 3287//302
f 3304//342 3307//342 3308//342 3303//342
f 3320//300 3325//300 3324//300 3319//300
f 3452//315 3454//315 3453//315 3451//315
f 3451//343 3455//343 3456//343 3452//343
f 3467//315 3469//315 3470//315 3468//315
f 3485//301 3488//301 3489//301 3484//301
f 3501//297 3504//297 3505//297 3500//297
f 3517//301 3520//301 3521//301 3516//301
f 3534//287 3536//287 3537//287 3535//287
f 3551//300 3554//300 3555//300 3550//300
f 3567//300 3570//300 3571//300 3566//300
f 3535//297 3578//297 3579//297 3533//297
f 3583//301 3586//301 3587//301 3582//301
f 3599//297 3602//297 3603//297 3598//297
f 3615//301 3618//301 3619//301 3614//301
f 3631//301 3634//301 3635//301 3630//301
f 3256//291 3633//291 3632//291 3254//291
f 2295//287 2302//287 2301//287 2296//287
f 2317//344 2321//344 2322//344 2318//344
f 2333//345 2337//345 2338//345 2334//345
f 2349//346 2353//346 2354//346 2350//346
f 2365//309 2369//309 2370//309 2366//309
f 2381//320 2383//320 2384//320 2382//320
f 2397//291 2401//291 2402//291 2398//291
f 2413//292 2417//292 2418//292 2414//292
f 2425//334 2429//334 2430//334 2426//334
f 2441//347 2445//347 2446//347 2442//347
f 2457//348 2461//348 2462//348 2458//348
f 2473//287 2477//287 2478//287 2474//287
f 2489//287 2493//287 2494//287 2490//287
f 2505//287 2509//287 2510//287 2506//287
f 2521//349 2525//349 2526//349 2522//349
f 2537//350 2541//350 2542//350 2538//350
f 2553//287 2557//287 2558//287 2554//287
f 2569//287 2573//287 2574//287 2570//287
f 2588//301 2591//301 2592//301 2587//301
f 2603//297 2607//297 2608//297 2604//297
f 2619//297 2623//297 2624//297 2620//297
f 2637//351 2639//351 2640//351 2638//351
f 2653//352 2657//352 2658//352 2654//352
f 2670//300 2672//300 2673//300 2671//300
f 2678//300 2680//300 2681//300 2679//300
f 2686//300 2688//300 2689//300 2687//300
f 2698//297 2702//297 2703//297 2697//297
f 2714//297 2718//297 2719//297 2715//297
f 2730//297 2734//297 2735//297 2731//297
f 2746//297 2750//297 2751//297 2747//297
f 2764//287 2766//287 2767//287 2765//287
f 2780//300 2784//300 2785//300 2781//300
f 2796//342 2800//342 2801//342 2797//342
f 2812//302 2816//302 2817//302 2813//302
f 2828//353 2832//353 2833//353 2829//353
f 2847//292 2858//292 2857//292 2845//292
f 2862//354 2874//354 2875//354 2863//354
f 2882//292 2890//292 2891//292 2880//292
f 2906//292 2910//292 2911//292 2907//292
f 2922//292 2926//292 2927//292 2923//292
f 2279//300 2940//300 2941//300 2280//300
f 2956//287 2960//287 2961//287 2957//287
f 2972//287 2977//287 2978//287 2973//287
f 2990//287 2997//287 2996//287 2991//287
f 3024//300 3028//300 3029//300 3025//300
f 3060//292 3064//292 3065//292 3061//292
f 3076//292 3080//292 3081//292 3077//292
f 3092//292 3096//292 3097//292 3093//292
f 3106//287 3107//287 3108//287 3105//287
f 3114//287 3115//287 3116//287 3113//287
f 3123//355 3127//355 3128//355 3124//355
f 3142//297 3145//297 3146//297 3141//297
f 3157//297 3161//297 3162//297 3158//297
f 3173//297 3177//297 3178//297 3174//297
f 3189//301 3193//301 3194//301 3190//301
f 3223//356 3227//356 3228//356 3224//356
f 3239//357 3243//357 3244//357 3240//357
f 3257//358 3261//358 3262//358 3258//358
f 3273//359 3277//359 3278//359 3274//359
f 3289//308 3293//308 3294//308 3290//308
f 3305//360 3309//360 3310//360 3306//360
f 3321//361 3326//361 3327//361 3322//361
f 3334//301 3336//301 3337//301 3335//301
f 3342//301 3344//301 3345//301 3343//301
f 3350//301 3352//301 3353//301 3351//301
f 3358//301 3360//301 3361//301 3359//301
f 3366//297 3368//297 3369//297 3367//297
f 3374//297 3376//297 3377//297 3375//297
f 3382//362 3384//362 3386//362 3383//362
f 3389//287 3391//287 3392//287 3390//287
f 3397//287 3399//287 3400//287 3398//287
f 3405//287 3407//287 3408//287 3406//287
f 3413//287 3415//287 3416//287 3414//287
f 3424//363 3425//363 3426//363 3422//363
f 3431//364 3433//364 3434//364 3432//364
f 3439//365 3441//365 3442//365 3440//365
f 3447//366 3449//366 3450//366 3448//366
f 3469//287 3471//287 3472//287 3470//287
f 3486//291 3490//291 3491//291 3487//291
f 3502//291 3506//291 3507//291 3503//291
f 3518//292 3522//292 3523//292 3519//292
f 3536//287 3540//287 3541//287 3537//287
f 3552//287 3556//287 3557//287 3553//287
f 3568//287 3573//287 3572//287 3569//287
f 3584//291 3588//291 3589//291 3585//291
f 3600//292 3604//292 3605//292 3601//292
f 3616//292 3620//292 3621//292 3617//292
f 2298//292 2307//292 2308//292 2299//292
f 2319//367 2323//367 2324//367 2320//367
f 2335//368 2339//368 2340//368 2336//368
f 2351//369 2355//369 2356//369 2352//369
f 2367//341 2371//341 2372//341 2368//341
f 2383//370 2387//370 2388//370 2384//370
f 2399//371 2403//371 2404//371 2400//371
f 2415//372 2419//372 2420//372 2416//372
f 2427//292 2431//292 2432//292 2428//292
f 2443//373 2447//373 2448//373 2444//373
f 2459//374 2463//374 2464//374 2460//374
f 2475//300 2479//300 2480//300 2476//300
f 2491//300 2495//300 2496//300 2492//300
f 2507//375 2511//375 2512//375 2508//375
f 2523//376 2527//376 2528//376 2524//376
f 2539//377 2543//377 2544//377 2540//377
f 2555//300 2559//300 2560//300 2556//300
f 2571//378 2575//378 2576//378 2572//378
f 2589//292 2593//292 2594//292 2590//292
f 2605//291 2609//291 2610//291 2606//291
f 2621//292 2625//292 2626//292 2622//292
f 2639//379 2643//379 2644//379 2640//379
f 2655//380 2659//380 2660//380 2656//380
f 2700//292 2704//292 2705//292 2701//292
f 2716//292 2720//292 2721//292 2717//292
f 2732//292 2736//292 2737//292 2733//292
f 2748//292 2752//292 2753//292 2749//292
f 2766//287 2770//287 2771//287 2767//287
f 2782//287 2786//287 2787//287 2783//287
f 2798//287 2802//287 2803//287 2799//287
f 2814//287 2818//287 2819//287 2815//287
f 2830//287 2834//287 2835//287 2831//287
f 2865//381 2877//381 2876//381 2864//381
f 2884//382 2886//382 2887//382 2885//382
f 2893//370 2896//370 2897//370 2892//370
f 2908//383 2912//383 2913//383 2909//383
f 2924//335 2928//335 2930//335 2925//335
f 2281//287 2938//287 2939//287 2282//287
f 2943//300 2946//300 2947//300 2942//300
f 2958//300 2962//300 2963//300 2959//300
f 3010//300 3012//300 3013//300 3011//300
f 3026//287 3030//287 3031//287 3027//287
f 3011//384 3041//384 3040//384 3009//384
f 2992//297 3043//297 3045//297 2993//297
f 2974//385 3046//385 3047//385 2975//385
f 3046//297 3050//297 3051//297 3047//297
f 3062//297 3066//297 3067//297 3063//297
f 3078//297 3082//297 3083//297 3079//297
f 3094//297 3100//297 3099//297 3095//297
f 3107//287 3109//287 3110//287 3108//287
f 3115//287 3117//287 3118//287 3116//287
f 2701//287 3119//287 3120//287 2699//287
f 3125//386 3129//386 3130//386 3126//386
f 3143//292 3147//292 3148//292 3144//292
f 3159//292 3163//292 3164//292 3160//292
f 3175//292 3179//292 3180//292 3176//292
f 3191//292 3195//292 3196//292 3192//292
f 3210//300 3213//300 3214//300 3209//300
f 3225//300 3229//300 3230//300 3226//300
f 3241//300 3245//300 3246//300 3242//300
f 3259//387 3263//387 3264//387 3260//387
f 3275//388 3279//388 3280//388 3276//388
f 3291//302 3295//302 3296//302 3292//302
f 3307//342 3311//342 3312//342 3308//342
f 3323//297 3328//297 3329//297 3324//297
f 3455//389 3457//389 3458//389 3456//389
f 3471//315 3473//315 3474//315 3472//315
f 3488//297 3492//297 3493//297 3489//297
f 3504//297 3508//297 3509//297 3505//297
f 3520//301 3524//301 3525//301 3521//301
f 3539//300 3542//300 3543//300 3538//300
f 3554//300 3558//300 3559//300 3555//300
f 3570//300 3574//300 3575//300 3571//300
f 3586//301 3590//301 3591//301 3587//301
f 3602//301 3606//301 3607//301 3603//301
f 3618//301 3622//301 3623//301 3619//301
f 2283//287 2287//287 2288//287 2284//287
f 2300//390 2303//390 2304//390 2301//390
f 2321//391 2325//391 2326//391 2322//391
f 2337//392 2341//392 2342//392 2338//392
f 2353//393 2357//393 2358//393 2354//393
f 2369//394 2373//394 2374//394 2370//394
f 2385//292 2389//292 2390//292 2386//292
f 2401//292 2405//292 2406//292 2402//292
f 2417//291 2421//291 2422//291 2418//291
f 2429//320 2433//320 2434//320 2430//320
f 2445//395 2449//395 2450//395 2446//395
f 2461//396 2465//396 2466//396 2462//396
f 2477//287 2481//287 2482//287 2478//287
f 2493//287 2497//287 2498//287 2494//287
f 2509//294 2513//294 2514//294 2510//294
f 2525//397 2529//397 2530//397 2526//397
f 2541//398 2545//398 2546//398 2542//398
f 2557//287 2561//287 2562//287 2558//287
f 2573//287 2579//287 2578//287 2574//287
f 2591//297 2595//297 2596//297 2592//297
f 2607//297 2611//297 2612//297 2608//297
f 2623//297 2627//297 2628//297 2624//297
f 2641//399 2645//399 2646//399 2642//399
f 2657//400 2661//400 2662//400 2658//400
f 2672//300 2674//300 2675//300 2673//300
f 2680//300 2682//300 2683//300 2681//300
f 2688//300 2690//300 2691//300 2689//300
f 2702//297 2706//297 2707//297 2703//297
f 2718//297 2722//297 2723//297 2719//297
f 2734//297 2738//297 2739//297 2735//297
f 2750//297 2754//297 2755//297 2751//297
f 2768//300 2772//300 2773//300 2769//300
f 2784//300 2788//300 2789//300 2785//300
f 2800//342 2804//342 2805//342 2801//342
f 2816//401 2820//401 2821//401 2817//401
f 2832//388 2836//388 2837//388 2833//388
f 2867//287 2868//287 2870//287 2866//287
f 2866//287 2872//287 2871//287 2867//287
f 2886//402 2888//402 2889//402 2887//402
f 2895//292 2898//292 2899//292 2894//292
f 2910//292 2914//292 2915//292 2911//292
f 2926//291 2931//291 2932//291 2927//291
f 2944//287 2948//287 2949//287 2945//287
f 2960//287 2964//287 2965//287 2961//287
f 2977//287 2982//287 2983//287 2978//287
f 2997//297 3002//297 3001//297 2995//297
f 3012//300 3016//300 3017//300 3013//300
f 3028//300 3034//300 3033//300 3029//300
f 3049//292 3052//292 3053//292 3048//292
f 3064//292 3068//292 3069//292 3065//292
f 3080//292 3084//292 3085//292 3081//292
f 3096//292 3101//292 3102//292 3097//292
f 3127//403 3133//403 3132//403 3128//403
f 3145//297 3149//297 3150//297 3146//297
f 3161//297 3165//297 3166//297 3162//297
f 3177//297 3181//297 3182//297 3178//297
f 3193//297 3197//297 3198//297 3194//297
f 3211//287 3215//287 3216//287 3212//287
f 3227//404 3231//404 3232//404 3228//404
f 3243//405 3247//405 3248//405 3244//405
f 3261//406 3265//406 3266//406 3262//406
f 3277//407 3281//407 3282//407 3278//407
f 3293//408 3297//408 3298//408 3294//408
f 3309//409 3313//409 3314//409 3310//409
f 3328//297 3330//297 3331//297 3329//297
f 3336//301 3338//301 3339//301 3337//301
f 3344//301 3346//301 3347//301 3345//301
f 3352//301 3354//301 3355//301 3353//301
f 3360//297 3362//297 3363//297 3361//297
f 3368//297 3370//297 3371//297 3369//297
f 3376//297 3378//297 3379//297 3377//297
f 3385//287 3388//287 3387//287 3386//287
f 3391//287 3393//287 3394//287 3392//287
f 3399//287 3401//287 3402//287 3400//287
f 3407//287 3409//287 3410//287 3408//287
f 3415//287 3417//287 3418//287 3416//287
f 3425//410 3427//410 3428//410 3426//410
f 3433//411 3435//411 3436//411 3434//411
f 3441//412 3443//412 3444//412 3442//412
f 3457//413 3459//413 3460//413 3458//413
f 3473//287 3475//287 3476//287 3474//287
f 3490//292 3494//292 3495//292 3491//292
f 3506//291 3510//291 3511//291 3507//291
f 3522//292 3526//292 3527//292 3523//292
f 3540//287 3544//287 3545//287 3541//287
f 3556//287 3560//287 3561//287 3557//287
f 3588//292 3592//292 3593//292 3589//292
f 3604//292 3608//292 3609//292 3605//292
f 3620//292 3624//292 3625//292 3621//292
f 2285//300 2289//300 2290//300 2286//300
f 2303//370 2305//370 2306//370 2304//370
f 2323//414 2327//414 2328//414 2324//414
f 2339//415 2343//415 2344//415 2340//415
f 2355//416 2359//416 2360//416 2356//416
f 2387//417 2391//417 2392//417 2388//417
f 2403//418 2407//418 2408//418 2404//418
f 2371//302 2435//302 2436//302 2372//302
f 2447//419 2451//419 2452//419 2448//419
f 2463//420 2467//420 2468//420 2464//420
f 2479//300 2483//300 2484//300 2480//300
f 2495//300 2499//300 2500//300 2496//300
f 2511//421 2515//421 2516//421 2512//421
f 2527//422 2531//422 2532//422 2528//422
f 2543//300 2547//300 2548//300 2544//300
f 2559//300 2563//300 2564//300 2560//300
f 2575//423 2580//423 2581//423 2576//423
f 2593//291 2597//291 2598//291 2594//291
f 2609//424 2613//424 2614//424 2610//424
f 2625//425 2631//425 2630//425 2626//425
f 2643//426 2647//426 2648//426 2644//426
f 2659//287 2663//287 2664//287 2660//287
f 2704//292 2708//292 2709//292 2705//292
f 2720//292 2724//292 2725//292 2721//292
f 2736//292 2740//292 2741//292 2737//292
f 2752//291 2758//291 2757//291 2753//291
f 2770//287 2774//287 2775//287 2771//287
f 2786//287 2790//287 2791//287 2787//287
f 2802//287 2806//287 2807//287 2803//287
f 2818//287 2822//287 2823//287 2819//287
f 2834//427 2838//427 2839//427 2835//427
f 2848//301 2851//301 2853//301 2849//301
f 2849//428 2865//428 2864//428 2850//428
f 2888//417 2893//417 2892//417 2889//417
f 2896//320 2900//320 2901//320 2897//320
f 2912//383 2916//383 2917//383 2913//383
f 2929//287 2939//287 2938//287 2930//287
f 2946//300 2950//300 2951//300 2947//300
f 2962//300 2966//300 2967//300 2963//300
f 2979//300 2984//300 2985//300 2980//300
f 3014//429 3018//429 3019//429 3015//429
f 3030//287 3036//287 3035//287 3031//287
f 2980//292 3049//292 3048//292 2981//292
f 3050//297 3054//297 3055//297 3051//297
f 3066//297 3070//297 3071//297 3067//297
f 3082//297 3086//297 3087//297 3083//297
f 3098//287 3106//287 3105//287 3099//287
f 3129//430 3134//430 3135//430 3130//430
f 3147//292 3151//292 3152//292 3148//292
f 3163//292 3167//292 3168//292 3164//292
f 3179//292 3183//292 3184//292 3180//292
f 3195//292 3201//292 3200//292 3196//292
f 3213//300 3217//300 3218//300 3214//300
f 3229//300 3233//300 3234//300 3230//300
f 3245//300 3251//300 3250//300 3246//300
f 3263//431 3267//431 3268//431 3264//431
f 3279//302 3283//302 3284//302 3280//302
f 3295//302 3299//302 3300//302 3296//302
f 3311//342 3315//342 3316//342 3312//342
f 3459//432 3461//432 3462//432 3460//432
f 3475//287 3479//287 3478//287 3476//287
f 3492//297 3496//297 3497//297 3493//297
f 3508//297 3512//297 3513//297 3509//297
f 3524//301 3530//301 3529//301 3525//301
f 3542//300 3546//300 3547//300 3543//300
f 3558//300 3562//300 3563//300 3559//300
f 3590//301 3594//301 3595//301 3591//301
f 3606//301 3610//301 3611//301 3607//301
f 3622//301 3626//301 3627//301 3623//301
f 2287//287 2292//287 2291//287 2288//287
f 2325//433 2330//433 2329//433 2326//433
f 2341//434 2346//434 2345//434 2342//434
f 2357//435 2362//435 2361//435 2358//435
f 2389//291 2394//291 2393//291 2390//291
f 2405//291 2410//291 2409//291 2406//291
f 2305//320 2434//320 2433//320 2306//320
f 2373//287 2438//287 2437//287 2374//287
f 2449//436 2454//436 2453//436 2450//436
f 2465//437 2470//437 2469//437 2466//437
f 2481//287 2486//287 2485//287 2482//287
f 2497//287 2502//287 2501//287 2498//287
f 2513//438 2518//438 2517//438 2514//438
f 2529//439 2534//439 2533//439 2530//439
f 2545//315 2550//315 2549//315 2546//315
f 2561//287 2566//287 2565//287 2562//287
f 2579//297 2588//297 2587//297 2577//297
f 2595//297 2600//297 2599//297 2596//297
f 2611//297 2616//297 2615//297 2612//297
f 2627//440 2633//440 2632//440 2628//440
f 2645//441 2650//441 2649//441 2646//441
f 2661//300 2666//300 2665//300 2662//300
f 2674//300 2677//300 2676//300 2675//300
f 2682//300 2685//300 2684//300 2683//300
f 2690//300 2696//300 2695//300 2691//300
f 2706//297 2711//297 2710//297 2707//297
f 2722//297 2727//297 2726//297 2723//297
f 2738//297 2743//297 2742//297 2739//297
f 2754//297 2761//297 2760//297 2755//297
f 2772//300 2777//300 2776//300 2773//300
f 2788//300 2793//300 2792//300 2789//300
f 2804//302 2809//302 2808//302 2805//302
f 2820//303 2825//303 2824//303 2821//303
f 2836//341 2841//341 2840//341 2837//341
f 2852//300 2854//300 2855//300 2853//300
f 2890//292 2895//292 2894//292 2891//292
f 2898//292 2903//292 2902//292 2899//292
f 2914//292 2919//292 2918//292 2915//292
f 2931//292 2937//292 2936//292 2932//292
f 2948//287 2953//287 2952//287 2949//287
f 2964//287 2969//287 2968//287 2965//287
f 2982//287 2987//287 2986//287 2983//287
f 3016//300 3021//300 3020//300 3017//300
f 3032//292 3037//292 3036//292 3033//292
f 3052//292 3057//292 3056//292 3053//292
f 3068//292 3073//292 3072//292 3069//292
f 3084//292 3089//292 3088//292 3085//292
f 3101//292 3104//292 3103//292 3102//292
f 3109//287 3111//287 3112//287 3110//287
f 3117//287 3120//287 3119//287 3118//287
f 3133//297 3142//297 3141//297 3131//297
f 3149//297 3154//297 3153//297 3150//297
f 3165//297 3170//297 3169//297 3166//297
f 3181//301 3186//301 3185//301 3182//301
f 3197//297 3203//297 3202//297 3198//297
f 3215//287 3220//287 3219//287 3216//287
f 3231//404 3236//404 3235//404 3232//404
f 3247//442 3253//442 3252//442 3248//442
f 3265//443 3270//443 3269//443 3266//443
f 3281//444 3286//444 3285//444 3282//444
f 3297//445 3302//445 3301//445 3298//445
f 3313//446 3318//446 3317//446 3314//446
f 3330//297 3333//297 3332//297 3331//297
f 3338//301 3341//301 3340//301 3339//301
f 3346//301 3349//301 3348//301 3347//301
f 3354//301 3357//301 3356//301 3355//301
f 3362//301 3365//301 3364//301 3363//301
f 3370//297 3373//297 3372//297 3371//297
f 3378//297 3381//297 3380//297 3379//297
f 3393//287 3396//287 3395//287 3394//287
f 3401//287 3404//287 3403//287 3402//287
f 3409//287 3412//287 3411//287 3410//287
f 3417//287 3419//287 3421//287 3418//287
f 3427//447 3430//447 3429//447 3428//447
f 3435//448 3438//448 3437//448 3436//448
f 3443//449 3446//449 3445//449 3444//449
f 3461//450 3463//450 3464//450 3462//450
f 3479//297 3485//297 3484//297 3477//297
f 3494//292 3499//292 3498//292 3495//292
f 3510//291 3515//291 3514//291 3511//291
f 3526//292 3532//292 3531//292 3527//292
f 3544//287 3549//287 3548//287 3545//287
f 3560//287 3565//287 3564//287 3561//287
f 3576//292 3581//292 3580//292 3577//292
f 3592//292 3597//292 3596//292 3593//292
f 3608//291 3613//291 3612//291 3609//291
f 3624//292 3629//292 3628//292 3625//292
f 2289//300 2294//300 2293//300 2290//300
f 2311//451 2312//451 2313//451 2309//451
f 2310//452 2315//452 2314//452 2311//452
f 2327//453 2332//453 2331//453 2328//453
f 2343//454 2348//454 2347//454 2344//454
f 2359//455 2364//455 2363//455 2360//455
f 2376//291 2378//291 2377//291 2375//291
f 2391//456 2396//456 2395//456 2392//456
f 2407//457 2412//457 2411//457 2408//457
f 2419//458 2313//458 2312//458 2420//458
f 2375//292 2424//292 2423//292 2376//292
f 2307//291 2432//291 2431//291 2308//291
f 2435//366 2440//366 2439//366 2436//366
f 2451//459 2456//459 2455//459 2452//459
f 2467//430 2472//430 2471//430 2468//430
f 2483//300 2488//300 2487//300 2484//300
f 2499//300 2504//300 2503//300 2500//300
f 2515//460 2520//460 2519//460 2516//460
f 2531//461 2536//461 2535//461 2532//461
f 2547//300 2552//300 2551//300 2548//300
f 2563//462 2568//462 2567//462 2564//462
f 2597//291 2602//291 2601//291 2598//291
f 2613//463 2618//463 2617//463 2614//463
f 2647//464 2652//464 2651//464 2648//464
f 2663//287 2669//287 2668//287 2664//287
f 2693//297 2694//297 2696//297 2692//297
f 2692//301 2698//301 2697//301 2693//301
f 2708//291 2713//291 2712//291 2709//291
f 2724//292 2729//292 2728//292 2725//292
f 2740//292 2745//292 2744//292 2741//292
f 2774//287 2779//287 2778//287 2775//287
f 2790//287 2795//287 2794//287 2791//287
f 2806//287 2811//287 2810//287 2807//287
f 2822//287 2827//287 2826//287 2823//287
f 2838//465 2844//465 2843//465 2839//465
f 2854//300 2856//300 2858//300 2855//300
f 2874//466 2879//466 2878//466 2875//466
f 2900//334 2905//334 2904//334 2901//334
f 2916//383 2921//383 2920//383 2917//383
f 2934//300 2935//300 2937//300 2933//300
f 2933//300 2941//300 2940//300 2934//300
f 2756//300 2943//300 2942//300 2757//300
f 2950//300 2955//300 2954//300 2951//300
f 2966//300 2971//300 2970//300 2967//300
f 2984//300 2989//300 2988//300 2985//300
f 2999//287 3000//287 3002//287 2998//287
f 2998//287 3007//287 3006//287 2999//287
f 3018//287 3023//287 3022//287 3019//287
f 3054//297 3059//297 3058//297 3055//297
f 3070//297 3075//297 3074//297 3071//297
f 3086//297 3091//297 3090//297 3087//297
f 3111//287 3114//287 3113//287 3112//287
f 2629//467 3122//467 3121//467 2630//467
f 3151//292 3156//292 3155//292 3152//292
f 3167//292 3172//292 3171//292 3168//292
f 3183//292 3188//292 3187//292 3184//292
f 3199//300 3210//300 3209//300 3200//300
f 3217//300 3222//300 3221//300 3218//300
f 3233//300 3238//300 3237//300 3234//300
f 3267//341 3272//341 3271//341 3268//341
f 3283//302 3288//302 3287//302 3284//302
f 3299//342 3304//342 3303//342 3300//342
f 3315//300 3320//300 3319//300 3316//300
f 2580//423 3450//423 3449//423 2581//423
f 3463//468 3466//468 3465//468 3464//468
f 3480//292 3483//292 3482//292 3481//292
f 3496//297 3501//297 3500//297 3497//297
f 3512//297 3517//297 3516//297 3513//297
f 3530//300 3539//300 3538//300 3528//300
f 3546//300 3551//300 3550//300 3547//300
f 3562//300 3567//300 3566//300 3563//300
f 3134//300 3575//300 3574//300 3135//300
f 3578//297 3583//297 3582//297 3579//297
f 3594//301 3599//301 3598//301 3595//301
f 3610//297 3615//297 3614//297 3611//297
f 3626//301 3631//301 3630//301 3627//301
f 3249//297 3635//297 3634//297 3250//297
f 2421//292 2317//292 2316//292 2422//292
f 3326//469 3667//469 3666//469 3327//469
f 3663//470 3683//470 3684//470 3662//470
f 3649//471 3663//471 3662//471 3648//471
f 3698//472 3649//472 3648//472 3697//472
f 3682//473 3698//473 3697//473 3681//473
f 3661//473 3682//473 3681//473 3660//473
f 3647//474 3661//474 3660//474 3646//474
f 3696//475 3647//475 3646//475 3695//475
f 3680//475 3696//475 3695//475 3679//475
f 3659//475 3680//475 3679//475 3658//475
f 3645//475 3659//475 3658//475 3644//475
f 3694//475 3645//475 3644//475 3693//475
f 3678//475 3694//475 3693//475 3677//475
f 3657//291 3678//291 3677//291 3656//291
f 3643//475 3657//475 3656//475 3642//475
f 3692//291 3643//291 3642//291 3691//291
f 3676//291 3692//291 3691//291 3675//291
f 3655//292 3676//292 3675//292 3654//292
f 3641//291 3655//291 3654//291 3640//291
f 3690//291 3641//291 3640//291 3689//291
f 3674//292 3690//292 3689//292 3673//292
f 3653//292 3674//292 3673//292 3652//292
f 3639//292 3653//292 3652//292 3638//292
f 3688//292 3639//292 3638//292 3687//292
f 3672//292 3688//292 3687//292 3671//292
f 3651//292 3672//292 3671//292 3650//292
f 3637//292 3651//292 3650//292 3636//292
f 3686//292 3637//292 3636//292 3685//292
f 3670//476 3686//476 3685//476 3669//476
f 3665//477 3670//477 3669//477 3664//477
f 3664//478 3668//478 3667//478 3665//478
f 3423//479 3717//479 3719//479 3424//479
f 3683//480 3739//480 3738//480 3684//480
f 3708//481 3719//481 3718//481 3707//481
f 3737//482 3708//482 3707//482 3736//482
f 3729//483 3737//483 3736//483 3728//483
f 3716//484 3729//484 3728//484 3715//484
f 3706//485 3716//485 3715//485 3705//485
f 3735//486 3706//486 3705//486 3734//486
f 3727//487 3735//487 3734//487 3726//487
f 3714//387 3727//387 3726//387 3713//387
f 3704//431 3714//431 3713//431 3703//431
f 3733//488 3704//488 3703//488 3732//488
f 3725//341 3733//341 3732//341 3724//341
f 3712//341 3725//341 3724//341 3711//341
f 3702//341 3712//341 3711//341 3701//341
f 3731//341 3702//341 3701//341 3730//341
f 3723//341 3731//341 3730//341 3722//341
f 3710//431 3723//431 3722//431 3709//431
f 3700//431 3710//431 3709//431 3699//431
f 3721//387 3700//387 3699//387 3720//387
f 3720//489 3740//489 3739//489 3721//489
f 2759//265 2192//265 2191//265 2760//265
f 3384//277 2258//277 2257//277 3385//277
f 2851//265 2200//265 2199//265 2852//265
f 2299//266 2168//266 2167//266 2297//266
f 2235//268 3035//268 3037//268 2236//268
f 3668//282 2270//282 2269//282 3666//282
f 2261//276 3423//276 3422//276 2262//276
f 2171//283 2310//283 2309//283 2172//283
f 2861//278 2204//278 2203//278 2859//278
f 2271//284 3718//284 3717//284 2272//284
f 2844//279 2194//279 2193//279 2842//279
f 2211//280 2884//280 2883//280 2212//280
f 3740//285 2274//285 2273//285 3738//285
f 3005//281 2228//281 2227//281 3003//281
f 2850//286 2198//286 2197//286 2848//286
f 2669//268 2184//268 2183//268 2667//268
f 2928//269 2214//269 2213//269 2929//269
f 2981//266 2220//266 2219//266 2979//266
f 707//490 702//490 25//490 28//490
f 701//1 708//1 705//1 704//1
f 701//1 704//1 712//1 709//1
f 702//490 710//490 29//490 25//490
f 711//491 703//491 26//491 30//491
f 703//491 706//491 27//491 26//491
f 1366//1 705//1 708//1 1365//1
f 706//491 1367//491 320//491 27//491
f 1364//490 707//490 28//490 319//490
f 712//1 716//1 713//1 709//1
f 710//490 714//490 31//490 29//490
f 715//491 711//491 30//491 32//491
f 716//1 719//1 718//1 713//1
f 714//490 717//490 33//490 31//490
f 720//491 715//491 32//491 34//491
f 719//1 725//1 721//1 718//1
f 717//490 722//490 35//490 33//490
f 723//491 720//491 34//491 2167//491
f 725//1 729//1 727//1 721//1
f 722//490 726//490 2169//490 35//490
f 729//1 725//1 734//1 731//1
f 733//492 724//492 2168//492 38//492
f 728//493 730//493 36//493 2170//493
f 730//494 732//494 37//494 36//494
f 860//1 731//1 734//1 857//1
f 732//494 859//494 98//494 37//494
f 858//492 733//492 38//492 97//492
f 738//495 735//495 2172//495 39//495
f 739//496 743//496 741//496 736//496
f 737//497 740//497 40//497 2171//497
f 848//1 743//1 739//1 845//1
f 846//494 738//494 39//494 91//494
f 743//498 748//498 745//498 741//498
f 740//497 746//497 41//497 40//497
f 744//492 847//492 92//492 2174//492
f 747//499 742//499 2173//499 42//499
f 748//500 752//500 749//500 745//500
f 746//491 750//491 43//491 41//491
f 751//501 747//501 42//501 44//501
f 752//502 755//502 753//502 749//502
f 750//491 754//491 45//491 43//491
f 756//501 751//501 44//501 46//501
f 755//503 760//503 758//503 753//503
f 754//491 757//491 47//491 45//491
f 759//501 756//501 46//501 48//501
f 760//504 764//504 761//504 758//504
f 757//497 762//497 49//497 47//497
f 763//501 759//501 48//501 50//501
f 764//505 768//505 765//505 761//505
f 762//497 766//497 51//497 49//497
f 767//501 763//501 50//501 52//501
f 768//506 771//506 769//506 765//506
f 766//497 770//497 53//497 51//497
f 772//501 767//501 52//501 54//501
f 771//507 776//507 774//507 769//507
f 770//497 773//497 55//497 53//497
f 775//501 772//501 54//501 56//501
f 776//508 780//508 777//508 774//508
f 773//491 778//491 57//491 55//491
f 779//501 775//501 56//501 58//501
f 780//509 784//509 781//509 777//509
f 778//497 782//497 59//497 57//497
f 783//501 779//501 58//501 60//501
f 784//510 787//510 785//510 781//510
f 782//497 786//497 61//497 59//497
f 788//501 783//501 60//501 62//501
f 787//511 792//511 790//511 785//511
f 786//512 789//512 63//512 61//512
f 791//501 788//501 62//501 64//501
f 792//513 796//513 793//513 790//513
f 789//514 794//514 65//514 63//514
f 795//501 791//501 64//501 66//501
f 796//515 800//515 797//515 793//515
f 794//514 798//514 67//514 65//514
f 799//516 795//516 66//516 68//516
f 800//517 863//517 861//517 797//517
f 798//518 862//518 99//518 67//518
f 864//490 799//490 68//490 100//490
f 804//492 802//492 69//492 70//492
f 803//1 807//1 806//1 801//1
f 806//1 852//1 850//1 801//1
f 802//492 849//492 93//492 69//492
f 807//1 803//1 812//1 809//1
f 811//492 804//492 70//492 74//492
f 805//494 808//494 72//494 71//494
f 851//494 805//494 71//494 94//494
f 808//494 810//494 73//494 72//494
f 812//1 816//1 813//1 809//1
f 810//494 814//494 75//494 73//494
f 815//492 811//492 74//492 76//492
f 816//1 819//1 817//1 813//1
f 814//494 818//494 77//494 75//494
f 820//492 815//492 76//492 78//492
f 819//1 824//1 822//1 817//1
f 818//494 821//494 79//494 77//494
f 823//492 820//492 78//492 80//492
f 824//1 828//1 825//1 822//1
f 821//494 826//494 81//494 79//494
f 827//492 823//492 80//492 82//492
f 828//1 832//1 829//1 825//1
f 826//494 830//494 83//494 81//494
f 831//492 827//492 82//492 84//492
f 832//1 835//1 833//1 829//1
f 830//494 834//494 85//494 83//494
f 836//492 831//492 84//492 86//492
f 835//1 840//1 838//1 833//1
f 834//494 837//494 87//494 85//494
f 839//492 836//492 86//492 88//492
f 840//1 844//1 841//1 838//1
f 837//494 842//494 89//494 87//494
f 843//492 839//492 88//492 90//492
f 844//1 848//1 845//1 841//1
f 842//494 846//494 91//494 89//494
f 847//492 843//492 90//492 92//492
f 852//1 856//1 853//1 850//1
f 849//492 854//492 95//492 93//492
f 855//494 851//494 94//494 96//494
f 856//1 860//1 857//1 853//1
f 854//492 858//492 97//492 95//492
f 859//494 855//494 96//494 98//494
f 863//517 868//517 866//517 861//517
f 862//519 865//519 101//519 99//519
f 867//490 864//490 100//490 102//490
f 868//520 872//520 869//520 866//520
f 865//521 870//521 103//521 101//521
f 871//522 867//522 102//522 104//522
f 872//523 876//523 873//523 869//523
f 870//524 874//524 105//524 103//524
f 875//525 871//525 104//525 106//525
f 876//526 879//526 877//526 873//526
f 874//527 878//527 107//527 105//527
f 880//528 875//528 106//528 108//528
f 879//529 884//529 882//529 877//529
f 878//530 881//530 109//530 107//530
f 883//490 880//490 108//490 110//490
f 884//531 888//531 885//531 882//531
f 881//497 886//497 111//497 109//497
f 887//490 883//490 110//490 112//490
f 888//532 892//532 889//532 885//532
f 886//491 890//491 113//491 111//491
f 891//490 887//490 112//490 114//490
f 892//533 895//533 893//533 889//533
f 890//491 894//491 115//491 113//491
f 896//490 891//490 114//490 116//490
f 895//534 900//534 898//534 893//534
f 894//491 897//491 117//491 115//491
f 899//490 896//490 116//490 118//490
f 900//1 904//1 901//1 898//1
f 897//491 902//491 119//491 117//491
f 903//490 899//490 118//490 120//490
f 904//1 908//1 905//1 901//1
f 902//491 906//491 121//491 119//491
f 907//490 903//490 120//490 122//490
f 908//1 911//1 909//1 905//1
f 906//491 910//491 123//491 121//491
f 912//490 907//490 122//490 124//490
f 911//1 916//1 914//1 909//1
f 910//491 913//491 125//491 123//491
f 915//490 912//490 124//490 126//490
f 916//1 920//1 917//1 914//1
f 913//491 918//491 127//491 125//491
f 919//490 915//490 126//490 128//490
f 920//1 924//1 921//1 917//1
f 918//491 922//491 129//491 127//491
f 923//490 919//490 128//490 130//490
f 924//1 927//1 925//1 921//1
f 922//491 926//491 131//491 129//491
f 928//490 923//490 130//490 132//490
f 927//1 932//1 930//1 925//1
f 926//491 929//491 133//491 131//491
f 931//490 928//490 132//490 134//490
f 932//1 936//1 933//1 930//1
f 929//491 934//491 135//491 133//491
f 935//490 931//490 134//490 136//490
f 936//535 940//535 937//535 933//535
f 934//491 938//491 137//491 135//491
f 939//490 935//490 136//490 138//490
f 940//536 943//536 941//536 937//536
f 938//491 942//491 139//491 137//491
f 944//490 939//490 138//490 140//490
f 943//537 948//537 946//537 941//537
f 942//491 945//491 141//491 139//491
f 947//490 944//490 140//490 142//490
f 948//538 952//538 949//538 946//538
f 945//491 950//491 143//491 141//491
f 951//490 947//490 142//490 144//490
f 952//539 956//539 953//539 949//539
f 950//491 954//491 145//491 143//491
f 955//490 951//490 144//490 146//490
f 956//540 959//540 957//540 953//540
f 954//491 958//491 147//491 145//491
f 960//490 955//490 146//490 148//490
f 959//541 964//541 962//541 957//541
f 958//491 961//491 149//491 147//491
f 963//490 960//490 148//490 150//490
f 964//542 968//542 965//542 962//542
f 961//491 966//491 151//491 149//491
f 967//490 963//490 150//490 152//490
f 968//543 972//543 969//543 965//543
f 966//491 970//491 153//491 151//491
f 971//490 967//490 152//490 154//490
f 972//1 975//1 973//1 969//1
f 970//491 974//491 155//491 153//491
f 976//490 971//490 154//490 156//490
f 975//1 980//1 978//1 973//1
f 974//491 977//491 157//491 155//491
f 979//490 976//490 156//490 158//490
f 980//1 984//1 981//1 978//1
f 977//491 982//491 159//491 157//491
f 983//490 979//490 158//490 160//490
f 984//1 988//1 985//1 981//1
f 982//491 986//491 161//491 159//491
f 987//490 983//490 160//490 162//490
f 988//1 991//1 989//1 985//1
f 986//497 990//497 163//497 161//497
f 992//490 987//490 162//490 164//490
f 991//1 996//1 994//1 989//1
f 990//512 993//512 165//512 163//512
f 995//490 992//490 164//490 166//490
f 996//1 1000//1 997//1 994//1
f 993//544 998//544 167//544 165//544
f 999//490 995//490 166//490 168//490
f 1000//1 1005//1 1001//1 997//1
f 998//545 1002//545 169//545 167//545
f 1003//490 999//490 168//490 2176//490
f 1005//1 1010//1 1006//1 1001//1
f 1002//546 1007//546 170//546 169//546
f 1005//1 1013//1 1011//1 1010//1
f 1014//494 1004//494 2175//494 172//494
f 1876//1 1006//1 1010//1 1880//1
f 1007//546 1875//546 540//546 170//546
f 1008//492 1012//492 171//492 2178//492
f 1879//490 1009//490 2177//490 542//490
f 1013//1 1018//1 1015//1 1011//1
f 1012//492 1016//492 173//492 171//492
f 1017//494 1014//494 172//494 174//494
f 1018//1 1022//1 1019//1 1015//1
f 1016//492 1020//492 175//492 173//492
f 1021//494 1017//494 174//494 176//494
f 1022//1 1025//1 1023//1 1019//1
f 1020//492 1024//492 177//492 175//492
f 1026//494 1021//494 176//494 178//494
f 1025//1 1030//1 1028//1 1023//1
f 1024//492 1027//492 179//492 177//492
f 1029//494 1026//494 178//494 180//494
f 1030//1 1034//1 1031//1 1028//1
f 1027//492 1032//492 181//492 179//492
f 1033//494 1029//494 180//494 182//494
f 1034//1 1038//1 1035//1 1031//1
f 1032//492 1036//492 183//492 181//492
f 1037//494 1033//494 182//494 184//494
f 1038//1 1041//1 1039//1 1035//1
f 1036//547 1040//547 185//547 183//547
f 1042//494 1037//494 184//494 186//494
f 1041//1 1046//1 1044//1 1039//1
f 1040//548 1043//548 187//548 185//548
f 1045//494 1042//494 186//494 188//494
f 1046//1 1050//1 1047//1 1044//1
f 1043//549 1048//549 189//549 187//549
f 1049//494 1045//494 188//494 190//494
f 1050//1 1054//1 1051//1 1047//1
f 1048//492 1052//492 191//492 189//492
f 1053//494 1049//494 190//494 192//494
f 1054//550 1059//550 1056//550 1051//550
f 1052//492 1055//492 2179//492 191//492
f 1060//494 1053//494 192//494 2182//494
f 1059//551 1063//551 1062//551 1056//551
f 1062//552 1550//552 1548//552 1056//552
f 1057//491 1547//491 391//491 2180//491
f 1059//553 1068//553 1065//553 1063//553
f 1067//491 1058//491 2181//491 196//491
f 1061//490 1064//490 194//490 193//490
f 1549//490 1061//490 193//490 392//490
f 1064//490 1066//490 195//490 194//490
f 1068//554 1072//554 1069//554 1065//554
f 1066//490 1070//490 197//490 195//490
f 1071//491 1067//491 196//491 198//491
f 1072//555 1075//555 1073//555 1069//555
f 1070//490 1074//490 199//490 197//490
f 1076//491 1071//491 198//491 200//491
f 1075//556 1080//556 1078//556 1073//556
f 1074//490 1077//490 201//490 199//490
f 1079//491 1076//491 200//491 202//491
f 1080//557 1084//557 1081//557 1078//557
f 1077//490 1082//490 203//490 201//490
f 1083//491 1079//491 202//491 204//491
f 1084//558 1088//558 1085//558 1081//558
f 1082//490 1086//490 205//490 203//490
f 1087//491 1083//491 204//491 206//491
f 1088//1 1091//1 1089//1 1085//1
f 1086//490 1090//490 207//490 205//490
f 1092//491 1087//491 206//491 208//491
f 1091//1 1097//1 1095//1 1089//1
f 1090//490 1094//490 2184//490 207//490
f 1096//491 1092//491 208//491 209//491
f 1097//1 1099//1 1//1 1095//1
f 1529//1 1095//1 1//1 16//1
f 1093//492 1530//492 382//492 2183//492
f 1098//491 1096//491 209//491 210//491
f 1099//1 1101//1 2//1 1//1
f 1100//491 1098//491 210//491 211//491
f 1101//1 1102//1 3//1 2//1
f 1103//491 1100//491 211//491 212//491
f 1104//491 1103//491 212//491 213//491
f 1102//1 1105//1 4//1 3//1
f 1105//1 1107//1 5//1 4//1
f 1106//491 1104//491 213//491 214//491
f 1107//1 1109//1 6//1 5//1
f 1108//491 1106//491 214//491 215//491
f 1109//1 1110//1 7//1 6//1
f 1111//491 1108//491 215//491 216//491
f 1112//491 1111//491 216//491 217//491
f 1110//1 1113//1 8//1 7//1
f 1113//1 1115//1 9//1 8//1
f 1114//491 1112//491 217//491 218//491
f 1115//1 1117//1 10//1 9//1
f 1116//491 1114//491 218//491 219//491
f 1117//1 1122//1 1119//1 10//1
f 1120//491 1116//491 219//491 2186//491
f 1119//1 1123//1 11//1 10//1
f 1124//494 1118//494 220//494 221//494
f 1118//494 1121//494 2185//494 220//494
f 1123//1 1129//1 1127//1 11//1
f 1128//494 1124//494 221//494 222//494
f 24//1 11//1 1127//1 1546//1
f 1545//490 1126//490 2187//490 390//490
f 1129//1 1133//1 1130//1 1127//1
f 1125//492 1131//492 223//492 2188//492
f 1132//494 1128//494 222//494 224//494
f 1133//1 1136//1 1134//1 1130//1
f 1131//492 1135//492 225//492 223//492
f 1137//494 1132//494 224//494 226//494
f 1136//1 1141//1 1139//1 1134//1
f 1135//492 1138//492 227//492 225//492
f 1140//494 1137//494 226//494 228//494
f 1141//1 1145//1 1142//1 1139//1
f 1138//492 1143//492 229//492 227//492
f 1144//494 1140//494 228//494 230//494
f 1145//1 1149//1 1146//1 1142//1
f 1143//492 1147//492 231//492 229//492
f 1148//494 1144//494 230//494 232//494
f 1149//1 1152//1 1150//1 1146//1
f 1147//492 1151//492 233//492 231//492
f 1153//494 1148//494 232//494 234//494
f 1152//1 1157//1 1155//1 1150//1
f 1151//492 1154//492 235//492 233//492
f 1156//494 1153//494 234//494 236//494
f 1157//1 1161//1 1158//1 1155//1
f 1154//492 1159//492 237//492 235//492
f 1160//494 1156//494 236//494 238//494
f 1161//1 1165//1 1162//1 1158//1
f 1159//492 1163//492 239//492 237//492
f 1164//494 1160//494 238//494 240//494
f 1165//1 1168//1 1166//1 1162//1
f 1163//492 1167//492 241//492 239//492
f 1169//494 1164//494 240//494 242//494
f 1168//1 1173//1 1171//1 1166//1
f 1167//492 1170//492 243//492 241//492
f 1172//494 1169//494 242//494 244//494
f 1173//1 1177//1 1174//1 1171//1
f 1170//492 1175//492 245//492 243//492
f 1176//494 1172//494 244//494 246//494
f 1177//1 1181//1 1178//1 1174//1
f 1175//492 1179//492 247//492 245//492
f 1180//494 1176//494 246//494 248//494
f 1181//1 1186//1 1183//1 1178//1
f 1179//492 1182//492 2189//492 247//492
f 1187//494 1180//494 248//494 2191//494
f 1186//1 1190//1 1189//1 1183//1
f 1189//1 1371//1 1369//1 1183//1
f 1184//491 1368//491 321//491 2190//491
f 1186//1 1195//1 1192//1 1190//1
f 1194//491 1185//491 2192//491 252//491
f 1188//490 1191//490 250//490 249//490
f 1370//490 1188//490 249//490 322//490
f 1191//490 1193//490 251//490 250//490
f 1195//1 1199//1 1196//1 1192//1
f 1193//490 1197//490 253//490 251//490
f 1198//491 1194//491 252//491 254//491
f 1199//1 1202//1 1200//1 1196//1
f 1197//490 1201//490 255//490 253//490
f 1203//491 1198//491 254//491 256//491
f 1202//1 1207//1 1205//1 1200//1
f 1201//490 1204//490 257//490 255//490
f 1206//491 1203//491 256//491 258//491
f 1207//1 1211//1 1208//1 1205//1
f 1204//490 1209//490 259//490 257//490
f 1210//491 1206//491 258//491 260//491
f 1211//1 1215//1 1212//1 1208//1
f 1209//490 1213//490 261//490 259//490
f 1214//491 1210//491 260//491 262//491
f 1215//1 1218//1 1216//1 1212//1
f 1213//490 1217//490 263//490 261//490
f 1219//491 1214//491 262//491 264//491
f 1218//1 1223//1 1221//1 1216//1
f 1217//490 1220//490 265//490 263//490
f 1222//491 1219//491 264//491 266//491
f 1223//1 1227//1 1224//1 1221//1
f 1220//490 1225//490 267//490 265//490
f 1226//491 1222//491 266//491 268//491
f 1227//1 1231//1 1228//1 1224//1
f 1225//490 1229//490 269//490 267//490
f 1230//491 1226//491 268//491 270//491
f 1231//1 1234//1 1232//1 1228//1
f 1229//490 1233//490 271//490 269//490
f 1235//491 1230//491 270//491 272//491
f 1234//1 1239//1 1237//1 1232//1
f 1233//490 1236//490 273//490 271//490
f 1238//491 1235//491 272//491 274//491
f 1239//1 1243//1 1240//1 1237//1
f 1236//490 1241//490 275//490 273//490
f 1242//491 1238//491 274//491 276//491
f 1243//1 1247//1 1244//1 1240//1
f 1241//490 1245//490 277//490 275//490
f 1246//559 1242//559 276//559 278//559
f 1247//1 1250//1 1248//1 1244//1
f 1245//490 1249//490 279//490 277//490
f 1251//560 1246//560 278//560 280//560
f 1250//1 1255//1 1253//1 1248//1
f 1249//490 1252//490 281//490 279//490
f 1254//560 1251//560 280//560 282//560
f 1255//1 1259//1 1256//1 1253//1
f 1252//490 1257//490 283//490 281//490
f 1258//527 1254//527 282//527 284//527
f 1259//1 1263//1 1260//1 1256//1
f 1257//490 1261//490 285//490 283//490
f 1262//491 1258//491 284//491 286//491
f 1263//1 1266//1 1264//1 1260//1
f 1261//501 1265//501 287//501 285//501
f 1267//491 1262//491 286//491 288//491
f 1266//1 1273//1 1270//1 1264//1
f 1265//561 1269//561 2194//561 287//561
f 1271//562 1267//562 288//562 2196//562
f 1273//1 13//1 12//1 1270//1
f 1293//1 1298//1 1270//1 12//1
f 1268//492 1297//492 2207//492 2193//492
f 13//1 1273//1 1284//1 1280//1
f 1282//2 1272//2 2195//2 2202//2
f 13//1 1276//1 1287//1 12//1
f 1287//1 1276//1 1290//1 1288//1
f 1291//563 1275//563 2198//563 291//563
f 13//1 1280//1 1278//1 1276//1
f 1274//2 1277//2 2200//2 2197//2
f 1279//491 1281//491 289//491 2199//491
f 1281//491 1283//491 2201//491 289//491
f 1285//564 1289//564 290//564 2203//564
f 1287//1 1296//1 1293//1 12//1
f 1294//494 1286//494 2204//494 2206//494
f 1290//1 1302//1 1300//1 1288//1
f 1289//565 1301//565 293//565 290//565
f 1303//566 1291//566 291//566 294//566
f 1299//490 1292//490 292//490 2208//490
f 1292//490 1295//490 2205//490 292//490
f 1302//1 1308//1 1305//1 1300//1
f 1301//490 1304//490 295//490 293//490
f 1306//491 1303//491 294//491 2210//491
f 1308//1 1312//1 1310//1 1305//1
f 1304//490 1309//490 2212//490 295//490
f 1312//1 1308//1 1317//1 1314//1
f 1316//492 1307//492 2209//492 298//492
f 1311//567 1313//567 296//567 2211//567
f 1313//494 1315//494 297//494 296//494
f 1317//1 1320//1 1319//1 1314//1
f 1315//494 1318//494 299//494 297//494
f 1321//492 1316//492 298//492 300//492
f 1320//1 1325//1 1322//1 1319//1
f 1318//494 1323//494 301//494 299//494
f 1324//492 1321//492 300//492 302//492
f 1325//1 1328//1 1326//1 1322//1
f 1323//494 1327//494 303//494 301//494
f 1329//492 1324//492 302//492 304//492
f 1328//1 1333//1 1331//1 1326//1
f 1327//494 1330//494 305//494 303//494
f 1332//492 1329//492 304//492 306//492
f 1333//1 1337//1 1334//1 1331//1
f 1330//494 1335//494 307//494 305//494
f 1336//492 1332//492 306//492 308//492
f 1337//1 1341//1 1338//1 1334//1
f 1335//494 1339//494 309//494 307//494
f 1340//492 1336//492 308//492 310//492
f 1341//1 1344//1 1342//1 1338//1
f 1339//494 1343//494 311//494 309//494
f 1345//492 1340//492 310//492 312//492
f 1344//1 1349//1 1347//1 1342//1
f 1343//494 1346//494 313//494 311//494
f 1348//492 1345//492 312//492 314//492
f 1349//1 1353//1 1350//1 1347//1
f 1346//494 1351//494 315//494 313//494
f 1352//492 1348//492 314//492 316//492
f 1353//1 1358//1 1355//1 1350//1
f 1351//494 1354//494 2214//494 315//494
f 1357//492 1352//492 316//492 317//492
f 1358//1 1363//1 1360//1 1355//1
f 1360//1 1366//1 1365//1 1355//1
f 1356//490 1364//490 319//490 2213//490
f 1361//492 1357//492 317//492 2216//492
f 1367//491 1359//491 318//491 320//491
f 1359//491 1362//491 2215//491 318//491
f 1371//1 1375//1 1372//1 1369//1
f 1368//491 1373//491 323//491 321//491
f 1374//490 1370//490 322//490 324//490
f 1375//1 1378//1 1376//1 1372//1
f 1373//491 1377//491 325//491 323//491
f 1379//490 1374//490 324//490 326//490
f 1378//1 1383//1 1381//1 1376//1
f 1377//491 1380//491 327//491 325//491
f 1382//490 1379//490 326//490 328//490
f 1383//1 1387//1 1384//1 1381//1
f 1380//491 1385//491 329//491 327//491
f 1386//490 1382//490 328//490 330//490
f 1387//1 1391//1 1388//1 1384//1
f 1385//491 1389//491 331//491 329//491
f 1390//490 1386//490 330//490 332//490
f 1391//1 1394//1 1392//1 1388//1
f 1389//491 1393//491 333//491 331//491
f 1395//490 1390//490 332//490 334//490
f 1394//1 1399//1 1397//1 1392//1
f 1393//491 1396//491 335//491 333//491
f 1398//490 1395//490 334//490 336//490
f 1399//1 1404//1 1401//1 1397//1
f 1396//491 1400//491 2217//491 335//491
f 1403//490 1398//490 336//490 337//490
f 1404//1 1409//1 1407//1 1401//1
f 1407//1 1474//1 1472//1 1401//1
f 1402//568 1473//568 355//568 2218//568
f 1408//490 1403//490 337//490 338//490
f 1475//492 1406//492 2220//492 356//492
f 1409//1 1412//1 1410//1 1407//1
f 1405//491 1411//491 339//491 2219//491
f 1413//490 1408//490 338//490 340//490
f 1412//1 1417//1 1415//1 1410//1
f 1411//491 1414//491 341//491 339//491
f 1416//490 1413//490 340//490 342//490
f 1417//1 1423//1 1419//1 1415//1
f 1414//491 1418//491 2221//491 341//491
f 1421//490 1416//490 342//490 2224//490
f 1423//1 15//1 14//1 1419//1
f 1465//1 1471//1 1419//1 14//1
f 1420//494 1470//494 2239//494 2222//494
f 1423//1 1428//1 1425//1 15//1
f 1426//494 1422//494 2223//494 2226//494
f 1425//1 1433//1 1431//1 15//1
f 1434//490 1424//490 343//490 2230//490
f 1424//490 1427//490 2225//490 343//490
f 1429//569 1432//569 2229//569 2227//569
f 1431//1 1437//1 14//1 15//1
f 1431//1 1441//1 1438//1 1437//1
f 1440//570 1430//570 2228//570 345//570
f 1435//491 1439//491 344//491 2232//491
f 1437//1 1467//1 1465//1 14//1
f 1468//571 1436//571 2231//571 2238//571
f 1441//1 1445//1 1442//1 1438//1
f 1439//491 1443//491 346//491 344//491
f 1444//572 1440//572 345//572 347//572
f 1445//1 1448//1 1447//1 1442//1
f 1443//491 1446//491 348//491 346//491
f 1449//490 1444//490 347//490 349//490
f 1448//1 1453//1 1450//1 1447//1
f 1446//491 1451//491 350//491 348//491
f 1452//490 1449//490 349//490 351//490
f 1453//1 1457//1 1454//1 1450//1
f 1451//491 1455//491 352//491 350//491
f 1456//490 1452//490 351//490 353//490
f 1457//1 1463//1 1459//1 1454//1
f 1455//491 1458//491 2233//491 352//491
f 1461//490 1456//490 353//490 2235//490
f 1460//492 1462//492 2236//492 2234//492
f 1464//491 1466//491 2237//491 354//491
f 1469//491 1464//491 354//491 2240//491
f 1474//1 1479//1 1476//1 1472//1
f 1473//494 1477//494 357//494 355//494
f 1478//492 1475//492 356//492 358//492
f 1479//1 1482//1 1480//1 1476//1
f 1477//494 1481//494 359//494 357//494
f 1483//492 1478//492 358//492 360//492
f 1482//1 1487//1 1485//1 1480//1
f 1481//494 1484//494 361//494 359//494
f 1486//492 1483//492 360//492 362//492
f 1487//1 1491//1 1488//1 1485//1
f 1484//494 1489//494 363//494 361//494
f 1490//492 1486//492 362//492 364//492
f 1491//1 1495//1 1492//1 1488//1
f 1489//494 1493//494 365//494 363//494
f 1494//492 1490//492 364//492 366//492
f 1495//1 1498//1 1496//1 1492//1
f 1493//494 1497//494 367//494 365//494
f 1499//492 1494//492 366//492 368//492
f 1498//1 1503//1 1501//1 1496//1
f 1497//494 1500//494 369//494 367//494
f 1502//492 1499//492 368//492 370//492
f 1503//1 1507//1 1504//1 1501//1
f 1500//494 1505//494 371//494 369//494
f 1506//492 1502//492 370//492 372//492
f 1507//1 1511//1 1508//1 1504//1
f 1505//494 1509//494 373//494 371//494
f 1510//492 1506//492 372//492 374//492
f 1511//1 1514//1 1512//1 1508//1
f 1509//494 1513//494 375//494 373//494
f 1515//492 1510//492 374//492 376//492
f 1514//1 1519//1 1517//1 1512//1
f 1513//494 1516//494 377//494 375//494
f 1518//492 1515//492 376//492 378//492
f 1519//1 1523//1 1520//1 1517//1
f 1516//494 1521//494 379//494 377//494
f 1522//492 1518//492 378//492 380//492
f 1523//1 1528//1 1525//1 1520//1
f 1521//494 1524//494 2241//494 379//494
f 1527//492 1522//492 380//492 381//492
f 1528//1 1529//1 16//1 1525//1
f 16//1 17//1 1532//1 1525//1
f 1526//490 1531//490 383//490 2242//490
f 1530//492 1527//492 381//492 382//492
f 1532//1 17//1 18//1 1533//1
f 1531//490 1534//490 384//490 383//490
f 18//1 19//1 1535//1 1533//1
f 1534//490 1536//490 385//490 384//490
f 1535//1 19//1 20//1 1537//1
f 1536//490 1538//490 386//490 385//490
f 20//1 21//1 1540//1 1537//1
f 1538//490 1539//490 387//490 386//490
f 1540//1 21//1 22//1 1541//1
f 1539//490 1542//490 388//490 387//490
f 22//1 23//1 1543//1 1541//1
f 1542//490 1544//490 389//490 388//490
f 1543//1 23//1 24//1 1546//1
f 1544//490 1545//490 390//490 389//490
f 1550//573 1554//573 1551//573 1548//573
f 1547//491 1552//491 393//491 391//491
f 1553//490 1549//490 392//490 394//490
f 1554//574 1559//574 1555//574 1551//574
f 1552//491 1556//491 395//491 393//491
f 1557//490 1553//490 394//490 2244//490
f 1559//575 1564//575 1560//575 1555//575
f 1556//491 1561//491 396//491 395//491
f 1559//1 1567//1 1565//1 1564//1
f 1568//494 1558//494 2243//494 398//494
f 2001//1 1560//1 1564//1 1999//1
f 1561//491 2000//491 598//491 396//491
f 1562//492 1566//492 397//492 2246//492
f 1998//490 1563//490 2245//490 597//490
f 1567//1 1572//1 1569//1 1565//1
f 1566//492 1570//492 399//492 397//492
f 1571//494 1568//494 398//494 400//494
f 1572//1 1576//1 1573//1 1569//1
f 1570//492 1574//492 401//492 399//492
f 1575//494 1571//494 400//494 402//494
f 1576//1 1579//1 1577//1 1573//1
f 1574//492 1578//492 403//492 401//492
f 1580//494 1575//494 402//494 404//494
f 1579//1 1584//1 1582//1 1577//1
f 1578//492 1581//492 405//492 403//492
f 1583//494 1580//494 404//494 406//494
f 1584//1 1588//1 1585//1 1582//1
f 1581//492 1586//492 407//492 405//492
f 1587//494 1583//494 406//494 408//494
f 1588//1 1592//1 1589//1 1585//1
f 1586//492 1590//492 409//492 407//492
f 1591//494 1587//494 408//494 410//494
f 1592//1 1595//1 1593//1 1589//1
f 1590//492 1594//492 411//492 409//492
f 1596//494 1591//494 410//494 412//494
f 1595//1 1600//1 1598//1 1593//1
f 1594//492 1597//492 413//492 411//492
f 1599//494 1596//494 412//494 414//494
f 1600//1 1604//1 1601//1 1598//1
f 1597//492 1602//492 415//492 413//492
f 1603//494 1599//494 414//494 416//494
f 1604//1 1608//1 1605//1 1601//1
f 1602//492 1606//492 417//492 415//492
f 1607//494 1603//494 416//494 418//494
f 1608//1 1611//1 1609//1 1605//1
f 1606//492 1610//492 419//492 417//492
f 1612//494 1607//494 418//494 420//494
f 1611//1 1616//1 1614//1 1609//1
f 1610//492 1613//492 421//492 419//492
f 1615//494 1612//494 420//494 422//494
f 1616//1 1620//1 1617//1 1614//1
f 1613//492 1618//492 423//492 421//492
f 1619//494 1615//494 422//494 424//494
f 1620//1 1624//1 1621//1 1617//1
f 1618//492 1622//492 425//492 423//492
f 1623//494 1619//494 424//494 426//494
f 1624//1 1628//1 1626//1 1621//1
f 1622//492 1625//492 2247//492 425//492
f 1629//494 1623//494 426//494 427//494
f 1628//1 1634//1 1631//1 1626//1
f 1631//1 1638//1 1636//1 1626//1
f 1627//491 1635//491 429//491 2248//491
f 1632//494 1629//494 427//494 2250//494
f 1630//490 1633//490 2249//490 428//490
f 1637//490 1630//490 428//490 430//490
f 1638//1 1642//1 1639//1 1636//1
f 1635//491 1640//491 431//491 429//491
f 1641//490 1637//490 430//490 432//490
f 1642//1 1645//1 1643//1 1639//1
f 1640//491 1644//491 433//491 431//491
f 1646//490 1641//490 432//490 434//490
f 1645//1 1650//1 1648//1 1643//1
f 1644//491 1647//491 435//491 433//491
f 1649//490 1646//490 434//490 436//490
f 1650//1 1654//1 1651//1 1648//1
f 1647//491 1652//491 437//491 435//491
f 1653//490 1649//490 436//490 438//490
f 1654//1 1658//1 1655//1 1651//1
f 1652//491 1656//491 439//491 437//491
f 1657//490 1653//490 438//490 440//490
f 1658//1 1661//1 1659//1 1655//1
f 1656//491 1660//491 441//491 439//491
f 1662//490 1657//490 440//490 442//490
f 1661//1 1666//1 1664//1 1659//1
f 1660//491 1663//491 443//491 441//491
f 1665//490 1662//490 442//490 444//490
f 1666//1 1670//1 1667//1 1664//1
f 1663//491 1668//491 445//491 443//491
f 1669//490 1665//490 444//490 446//490
f 1670//1 1674//1 1671//1 1667//1
f 1668//491 1672//491 447//491 445//491
f 1673//490 1669//490 446//490 448//490
f 1674//1 1678//1 1676//1 1671//1
f 1672//491 1675//491 2251//491 447//491
f 1679//490 1673//490 448//490 449//490
f 1678//1 1684//1 1682//1 1676//1
f 2061//1 1676//1 1682//1 2058//1
f 1677//494 2060//494 628//494 2252//494
f 1683//576 1679//576 449//576 450//576
f 1684//1 1688//1 1685//1 1682//1
f 1680//577 1686//577 451//577 2254//577
f 2059//492 1681//492 2253//492 627//492
f 1687//578 1683//578 450//578 452//578
f 1688//1 1692//1 1689//1 1685//1
f 1686//491 1690//491 453//491 451//491
f 1691//579 1687//579 452//579 454//579
f 1692//1 1695//1 1693//1 1689//1
f 1690//491 1694//491 455//491 453//491
f 1696//579 1691//579 454//579 456//579
f 1695//1 1700//1 1698//1 1693//1
f 1694//491 1697//491 457//491 455//491
f 1699//580 1696//580 456//580 458//580
f 1700//1 1704//1 1701//1 1698//1
f 1697//491 1702//491 459//491 457//491
f 1703//581 1699//581 458//581 460//581
f 1704//1 1708//1 1705//1 1701//1
f 1702//491 1706//491 461//491 459//491
f 1707//490 1703//490 460//490 462//490
f 1708//1 1711//1 1709//1 1705//1
f 1706//491 1710//491 463//491 461//491
f 1712//490 1707//490 462//490 464//490
f 1711//1 1716//1 1714//1 1709//1
f 1710//491 1713//491 465//491 463//491
f 1715//490 1712//490 464//490 466//490
f 1716//1 1720//1 1717//1 1714//1
f 1713//491 1718//491 467//491 465//491
f 1719//490 1715//490 466//490 468//490
f 1720//1 1724//1 1721//1 1717//1
f 1718//491 1722//491 469//491 467//491
f 1723//490 1719//490 468//490 470//490
f 1724//1 1727//1 1725//1 1721//1
f 1722//491 1726//491 471//491 469//491
f 1728//490 1723//490 470//490 472//490
f 1727//1 1732//1 1730//1 1725//1
f 1726//491 1729//491 473//491 471//491
f 1731//490 1728//490 472//490 474//490
f 1732//1 1736//1 1733//1 1730//1
f 1729//491 1734//491 475//491 473//491
f 1735//490 1731//490 474//490 476//490
f 1736//1 1740//1 1737//1 1733//1
f 1734//491 1738//491 477//491 475//491
f 1739//490 1735//490 476//490 478//490
f 1740//1 1743//1 1741//1 1737//1
f 1738//491 1742//491 479//491 477//491
f 1744//490 1739//490 478//490 480//490
f 1743//1 1748//1 1746//1 1741//1
f 1742//491 1745//491 481//491 479//491
f 1747//490 1744//490 480//490 482//490
f 1748//1 1753//1 1750//1 1746//1
f 1745//491 1749//491 2255//491 481//491
f 1752//490 1747//490 482//490 483//490
f 1753//1 2094//1 2090//1 1750//1
f 1751//494 1755//494 484//494 2256//494
f 2090//1 2095//1 1754//1 1750//1
f 2092//582 1752//582 483//582 2269//582
f 1755//494 1757//494 485//494 484//494
f 2095//1 2111//1 1756//1 1754//1
f 1757//494 1758//494 486//494 485//494
f 2111//1 2062//1 1759//1 1756//1
f 1758//494 1761//494 487//494 486//494
f 2062//1 2076//1 1760//1 1759//1
f 1761//494 1763//494 488//494 487//494
f 2076//1 2097//1 1762//1 1760//1
f 1763//494 1765//494 489//494 488//494
f 2097//1 2113//1 1764//1 1762//1
f 1765//494 1766//494 490//494 489//494
f 2113//1 2064//1 1767//1 1764//1
f 1766//494 1769//494 491//494 490//494
f 2064//1 2078//1 1768//1 1767//1
f 1769//494 1771//494 492//494 491//494
f 2078//1 2099//1 1770//1 1768//1
f 1771//494 1773//494 493//494 492//494
f 2099//1 2115//1 1772//1 1770//1
f 1773//494 1774//494 494//494 493//494
f 2115//1 2066//1 1775//1 1772//1
f 1774//494 1777//494 495//494 494//494
f 2066//1 2080//1 1776//1 1775//1
f 1777//494 1779//494 496//494 495//494
f 2080//1 2101//1 1778//1 1776//1
f 1779//494 1781//494 497//494 496//494
f 2101//1 2117//1 1780//1 1778//1
f 1781//494 1782//494 498//494 497//494
f 2117//1 2068//1 1783//1 1780//1
f 1782//494 1785//494 499//494 498//494
f 2068//1 2082//1 1784//1 1783//1
f 1785//494 1787//494 500//494 499//494
f 2082//1 2103//1 1786//1 1784//1
f 1787//494 1789//494 501//494 500//494
f 2103//1 2119//1 1788//1 1786//1
f 1789//494 1790//494 502//494 501//494
f 2119//1 2070//1 1791//1 1788//1
f 1790//494 1793//494 503//494 502//494
f 2070//1 2084//1 1792//1 1791//1
f 1793//494 1795//494 504//494 503//494
f 2084//1 2105//1 1794//1 1792//1
f 1795//494 1797//494 505//494 504//494
f 2105//1 2121//1 1796//1 1794//1
f 1797//494 1798//494 506//494 505//494
f 2121//1 2072//1 1799//1 1796//1
f 1798//494 1801//494 507//494 506//494
f 2072//1 2086//1 1800//1 1799//1
f 1801//494 1803//494 508//494 507//494
f 2086//1 2107//1 1802//1 1800//1
f 1803//494 1805//494 509//494 508//494
f 2107//1 2123//1 1804//1 1802//1
f 1805//494 1806//494 510//494 509//494
f 2123//1 2074//1 1807//1 1804//1
f 1806//583 1809//583 511//583 510//583
f 2074//1 2088//1 1808//1 1807//1
f 1809//584 1810//584 2258//584 511//584
f 2088//1 2110//1 1811//1 1808//1
f 1812//490 1813//490 512//490 2257//490
f 2110//1 2166//1 2146//1 1811//1
f 2146//1 2125//1 1814//1 1811//1
f 1813//490 1816//490 513//490 512//490
f 2125//1 2135//1 1815//1 1814//1
f 1816//490 1818//490 514//490 513//490
f 2135//1 2148//1 1817//1 1815//1
f 1818//490 1820//490 515//490 514//490
f 2148//1 2156//1 1819//1 1817//1
f 1820//490 1821//490 516//490 515//490
f 2156//1 2127//1 1822//1 1819//1
f 1821//490 1824//490 517//490 516//490
f 2127//1 2137//1 1823//1 1822//1
f 1824//490 1826//490 518//490 517//490
f 2137//1 2150//1 1825//1 1823//1
f 1826//490 1828//490 519//490 518//490
f 2150//1 2158//1 1827//1 1825//1
f 1828//490 1829//490 520//490 519//490
f 2158//1 2129//1 1830//1 1827//1
f 1829//490 1832//490 521//490 520//490
f 2129//1 2139//1 1831//1 1830//1
f 1832//490 1834//490 522//490 521//490
f 2139//1 2152//1 1833//1 1831//1
f 1834//490 1836//490 523//490 522//490
f 2152//1 2160//1 1835//1 1833//1
f 1836//490 1837//490 524//490 523//490
f 2160//1 2131//1 1838//1 1835//1
f 1837//490 1840//490 525//490 524//490
f 2131//1 2141//1 1839//1 1838//1
f 1840//490 1842//490 526//490 525//490
f 2141//1 2154//1 1841//1 1839//1
f 1842//490 1844//490 527//490 526//490
f 2154//1 2162//1 1843//1 1841//1
f 1844//490 1846//490 2259//490 527//490
f 2162//1 2133//1 1847//1 1843//1
f 1905//1 1906//1 1847//1 1849//1
f 1845//492 1907//492 554//492 2260//492
f 2133//1 2144//1 1849//1 1847//1
f 1850//585 2143//585 2272//585 2261//585
f 1851//586 1848//586 2262//586 528//586
f 1902//1 1905//1 1849//1 1852//1
f 1900//1 1902//1 1852//1 1854//1
f 1853//587 1851//587 528//587 529//587
f 1898//1 1900//1 1854//1 1855//1
f 1856//588 1853//588 529//588 530//588
f 1857//589 1856//589 530//589 531//589
f 1896//1 1898//1 1855//1 1858//1
f 1894//1 1896//1 1858//1 1860//1
f 1859//512 1857//512 531//512 532//512
f 1891//517 1894//517 1860//517 1862//517
f 1861//491 1859//491 532//491 533//491
f 1890//590 1891//590 1862//590 1863//590
f 1864//491 1861//491 533//491 534//491
f 1865//491 1864//491 534//491 535//491
f 1888//591 1890//591 1863//591 1866//591
f 1886//592 1888//592 1866//592 1868//592
f 1867//491 1865//491 535//491 536//491
f 1884//593 1886//593 1868//593 1870//593
f 1869//491 1867//491 536//491 537//491
f 1882//594 1884//594 1870//594 1871//594
f 1872//491 1869//491 537//491 538//491
f 1873//518 1872//518 538//518 539//518
f 1878//595 1882//595 1871//595 1874//595
f 1876//1 1880//1 1878//1 1874//1
f 1875//519 1873//519 539//519 540//519
f 1877//490 1879//490 542//490 541//490
f 1881//490 1877//490 541//490 543//490
f 1883//490 1881//490 543//490 544//490
f 1885//490 1883//490 544//490 545//490
f 1887//490 1885//490 545//490 546//490
f 1889//490 1887//490 546//490 547//490
f 1892//490 1889//490 547//490 548//490
f 1893//490 1892//490 548//490 549//490
f 1895//490 1893//490 549//490 550//490
f 1897//490 1895//490 550//490 551//490
f 1899//490 1897//490 551//490 552//490
f 1901//490 1899//490 552//490 553//490
f 1903//490 1901//490 553//490 2264//490
f 1905//1 1910//1 1909//1 1906//1
f 1911//494 1904//494 2263//494 556//494
f 1907//492 1908//492 555//492 554//492
f 1910//1 1915//1 1912//1 1909//1
f 1908//492 1913//492 557//492 555//492
f 1914//494 1911//494 556//494 558//494
f 1915//1 1919//1 1916//1 1912//1
f 1913//492 1917//492 559//492 557//492
f 1918//494 1914//494 558//494 560//494
f 1919//1 1923//1 1920//1 1916//1
f 1917//492 1921//492 561//492 559//492
f 1922//494 1918//494 560//494 562//494
f 1923//1 1926//1 1925//1 1920//1
f 1921//492 1924//492 563//492 561//492
f 1927//494 1922//494 562//494 564//494
f 1926//1 1931//1 1928//1 1925//1
f 1924//492 1929//492 565//492 563//492
f 1930//494 1927//494 564//494 566//494
f 1931//1 1935//1 1932//1 1928//1
f 1929//492 1933//492 567//492 565//492
f 1934//494 1930//494 566//494 568//494
f 1935//1 1939//1 1936//1 1932//1
f 1933//492 1937//492 569//492 567//492
f 1938//494 1934//494 568//494 570//494
f 1939//1 1942//1 1941//1 1936//1
f 1937//492 1940//492 571//492 569//492
f 1943//494 1938//494 570//494 572//494
f 1942//1 1947//1 1944//1 1941//1
f 1940//492 1945//492 573//492 571//492
f 1946//494 1943//494 572//494 574//494
f 1947//1 1951//1 1948//1 1944//1
f 1945//492 1949//492 575//492 573//492
f 1950//494 1946//494 574//494 576//494
f 1951//1 1956//1 1952//1 1948//1
f 1949//492 1953//492 577//492 575//492
f 1954//494 1950//494 576//494 2266//494
f 1956//1 1961//1 1958//1 1952//1
f 1953//492 1957//492 578//492 577//492
f 1956//1 1964//1 1962//1 1961//1
f 1965//491 1955//491 2265//491 580//491
f 1961//1 2005//1 2002//1 1958//1
f 1957//492 2003//492 599//492 578//492
f 2004//494 1960//494 2267//494 600//494
f 1959//490 1963//490 579//490 2268//490
f 1964//1 1969//1 1966//1 1962//1
f 1963//490 1967//490 581//490 579//490
f 1968//491 1965//491 580//491 582//491
f 1969//1 1973//1 1970//1 1966//1
f 1967//490 1971//490 583//490 581//490
f 1972//491 1968//491 582//491 584//491
f 1973//1 1976//1 1975//1 1970//1
f 1971//490 1974//490 585//490 583//490
f 1977//491 1972//491 584//491 586//491
f 1976//1 1981//1 1978//1 1975//1
f 1974//490 1979//490 587//490 585//490
f 1980//491 1977//491 586//491 588//491
f 1981//1 1985//1 1982//1 1978//1
f 1979//490 1983//490 589//490 587//490
f 1984//491 1980//491 588//491 590//491
f 1985//1 1989//1 1986//1 1982//1
f 1983//490 1987//490 591//490 589//490
f 1988//491 1984//491 590//491 592//491
f 1989//1 1992//1 1991//1 1986//1
f 1987//490 1990//490 593//490 591//490
f 1993//491 1988//491 592//491 594//491
f 1992//1 1997//1 1994//1 1991//1
f 1990//490 1995//490 595//490 593//490
f 1996//491 1993//491 594//491 596//491
f 1997//1 2001//1 1999//1 1994//1
f 1995//490 1998//490 597//490 595//490
f 2000//491 1996//491 596//491 598//491
f 2005//1 2008//1 2007//1 2002//1
f 2003//492 2006//492 601//492 599//492
f 2009//494 2004//494 600//494 602//494
f 2008//1 2013//1 2010//1 2007//1
f 2006//492 2011//492 603//492 601//492
f 2012//494 2009//494 602//494 604//494
f 2013//1 2017//1 2014//1 2010//1
f 2011//492 2015//492 605//492 603//492
f 2016//494 2012//494 604//494 606//494
f 2017//1 2021//1 2018//1 2014//1
f 2015//492 2019//492 607//492 605//492
f 2020//494 2016//494 606//494 608//494
f 2021//1 2024//1 2023//1 2018//1
f 2019//492 2022//492 609//492 607//492
f 2025//494 2020//494 608//494 610//494
f 2024//1 2029//1 2026//1 2023//1
f 2022//492 2027//492 611//492 609//492
f 2028//494 2025//494 610//494 612//494
f 2029//1 2033//1 2030//1 2026//1
f 2027//492 2031//492 613//492 611//492
f 2032//494 2028//494 612//494 614//494
f 2033//1 2037//1 2034//1 2030//1
f 2031//492 2035//492 615//492 613//492
f 2036//494 2032//494 614//494 616//494
f 2037//1 2040//1 2039//1 2034//1
f 2035//492 2038//492 617//492 615//492
f 2041//494 2036//494 616//494 618//494
f 2040//1 2045//1 2042//1 2039//1
f 2038//492 2043//492 619//492 617//492
f 2044//494 2041//494 618//494 620//494
f 2045//1 2049//1 2046//1 2042//1
f 2043//492 2047//492 621//492 619//492
f 2048//494 2044//494 620//494 622//494
f 2049//1 2053//1 2050//1 2046//1
f 2047//492 2051//492 623//492 621//492
f 2052//494 2048//494 622//494 624//494
f 2053//1 2056//1 2055//1 2050//1
f 2051//492 2054//492 625//492 623//492
f 2057//494 2052//494 624//494 626//494
f 2056//1 2061//1 2058//1 2055//1
f 2054//492 2059//492 627//492 625//492
f 2060//494 2057//494 626//494 628//494
f 2063//492 2112//492 652//492 629//492
f 2077//492 2063//492 629//492 636//492
f 2065//492 2114//492 653//492 630//492
f 2079//492 2065//492 630//492 637//492
f 2067//492 2116//492 654//492 631//492
f 2081//492 2067//492 631//492 638//492
f 2069//492 2118//492 655//492 632//492
f 2083//492 2069//492 632//492 639//492
f 2071//492 2120//492 656//492 633//492
f 2085//492 2071//492 633//492 640//492
f 2073//492 2122//492 657//492 634//492
f 2087//492 2073//492 634//492 641//492
f 2075//492 2124//492 658//492 635//492
f 2089//596 2075//596 635//596 642//596
f 2098//492 2077//492 636//492 645//492
f 2100//492 2079//492 637//492 646//492
f 2102//492 2081//492 638//492 647//492
f 2104//492 2083//492 639//492 648//492
f 2106//492 2085//492 640//492 649//492
f 2108//492 2087//492 641//492 650//492
f 2109//597 2089//597 642//597 651//597
f 2091//598 2093//598 2270//598 643//598
f 2096//492 2091//492 643//492 644//492
f 2112//492 2096//492 644//492 652//492
f 2114//492 2098//492 645//492 653//492
f 2116//492 2100//492 646//492 654//492
f 2118//492 2102//492 647//492 655//492
f 2120//492 2104//492 648//492 656//492
f 2122//492 2106//492 649//492 657//492
f 2124//492 2108//492 650//492 658//492
f 2164//599 2109//599 651//599 2273//599
f 2126//491 2147//491 668//491 659//491
f 2136//491 2126//491 659//491 664//491
f 2128//491 2157//491 673//491 660//491
f 2138//491 2128//491 660//491 665//491
f 2130//491 2159//491 674//491 661//491
f 2140//491 2130//491 661//491 666//491
f 2132//491 2161//491 675//491 662//491
f 2142//491 2132//491 662//491 667//491
f 2134//491 2163//491 676//491 663//491
f 2145//600 2134//600 663//600 2271//600
f 2149//491 2136//491 664//491 669//491
f 2151//491 2138//491 665//491 670//491
f 2153//491 2140//491 666//491 671//491
f 2155//491 2142//491 667//491 672//491
f 2147//601 2165//601 2274//601 668//601
f 2157//491 2149//491 669//491 673//491
f 2159//491 2151//491 670//491 674//491
f 2161//491 2153//491 671//491 675//491
f 2163//491 2155//491 672//491 676//491
f 38//492 2168//492 2299//492 2308//492
f 2167//491 34//491 2293//491 2297//491
f 2170//493 36//493 2303//493 2300//493
f 35//490 2169//490 2302//490 2295//490
f 39//495 2172//495 2309//495 2313//495
f 2171//497 40//497 2315//497 2310//497
f 42//499 2173//499 2318//499 2322//499
f 2174//492 92//492 2422//492 2316//492
f 2176//490 168//490 2574//490 2578//490
f 172//494 2175//494 2577//494 2587//494
f 2178//492 171//492 2585//492 2583//492
f 542//490 2177//490 2582//490 3454//490
f 191//492 2179//492 2631//492 2625//492
f 2180//491 391//491 3122//491 2629//491
f 196//491 2181//491 2634//491 2642//491
f 2182//494 192//494 2628//494 2632//494
f 2183//492 382//492 3103//492 2667//492
f 207//490 2184//490 2669//490 2663//490
f 220//494 2185//494 2694//494 2693//494
f 2186//491 219//491 2691//491 2695//491
f 2188//492 223//492 2704//492 2700//492
f 390//490 2187//490 2699//490 3120//490
f 247//492 2189//492 2758//492 2752//492
f 2190//491 321//491 2943//491 2756//491
f 252//491 2192//491 2759//491 2769//491
f 2191//494 248//494 2755//494 2760//494
f 2193//492 2207//492 2873//492 2842//492
f 287//561 2194//561 2844//561 2838//561
f 2196//562 288//562 2840//562 2846//562
f 2202//2 2195//2 2845//2 2857//2
f 2197//2 2200//2 2851//2 2848//2
f 291//563 2198//563 2850//563 2864//563
f 2199//491 289//491 2854//491 2852//491
f 289//491 2201//491 2856//491 2854//491
f 2203//564 290//564 2862//564 2859//564
f 2206//494 2204//494 2861//494 2869//494
f 292//490 2205//490 2868//490 2867//490
f 2208//490 292//490 2867//490 2871//490
f 2210//491 294//491 2876//491 2881//491
f 298//492 2209//492 2880//492 2891//492
f 295//490 2212//490 2883//490 2879//490
f 2211//567 296//567 2886//567 2884//567
f 315//494 2214//494 2928//494 2924//494
f 2213//490 319//490 2939//490 2929//490
f 2216//492 317//492 2932//492 2936//492
f 318//491 2215//491 2935//491 2934//491
f 335//491 2217//491 2976//491 2971//491
f 2218//568 355//568 3046//568 2974//568
f 2219//491 339//491 2984//491 2979//491
f 356//492 2220//492 2981//492 3048//492
f 341//491 2221//491 2994//491 2989//491
f 2222//494 2239//494 3043//494 2992//494
f 2224//490 342//490 2991//490 2996//490
f 2226//494 2223//494 2995//494 3001//494
f 343//490 2225//490 3000//490 2999//490
f 2227//569 2229//569 3008//569 3003//569
f 345//570 2228//570 3005//570 3015//570
f 2230//490 343//490 2999//490 3006//490
f 2232//491 344//491 3012//491 3010//491
f 2238//571 2231//571 3009//571 3040//571
f 352//491 2233//491 3034//491 3028//491
f 2234//492 2236//492 3037//492 3032//492
f 2235//490 353//490 3031//490 3035//490
f 354//491 2237//491 3042//491 3039//491
f 2240//491 354//491 3039//491 3044//491
f 2242//490 383//490 3106//490 3098//490
f 379//494 2241//494 3100//494 3094//494
f 2244//490 394//490 3128//490 3132//490
f 398//494 2243//494 3131//494 3141//494
f 2246//492 397//492 3139//492 3137//492
f 597//490 2245//490 3136//490 3573//490
f 425//492 2247//492 3201//492 3195//492
f 2248//491 429//491 3210//491 3199//491
f 2250//494 427//494 3202//494 3207//494
f 428//490 2249//490 3206//490 3205//490
f 2252//494 628//494 3635//494 3249//494
f 447//491 2251//491 3251//491 3245//491
f 2254//577 451//577 3259//577 3255//577
f 627//492 2253//492 3254//492 3632//492
f 481//491 2255//491 3325//491 3320//491
f 2256//494 484//494 3328//494 3323//494
f 2257//490 512//490 3388//490 3385//490
f 511//584 2258//584 3384//584 3382//584
f 2260//492 554//492 3480//492 3420//492
f 527//490 2259//490 3419//490 3417//490
f 2261//585 2272//585 3717//585 3423//585
f 528//586 2262//586 3422//586 3426//586
f 2264//490 553//490 3476//490 3478//490
f 556//494 2263//494 3477//494 3484//494
f 2266//494 576//494 3525//494 3529//494
f 580//491 2265//491 3528//491 3538//491
f 2268//490 579//490 3536//490 3534//490
f 600//494 2267//494 3533//494 3579//494
f 643//598 2270//598 3668//598 3664//598
f 2269//582 483//582 3327//582 3666//582
f 2271//600 663//600 3707//600 3718//600
f 2273//599 651//599 3684//599 3738//599
f 668//601 2274//601 3740//601 3720//601
f 28//490 25//490 2275//490 2282//490
f 2276//2 2277//2 2280//2 2281//2
f 2276//2 2284//2 2285//2 2277//2
f 25//490 29//490 2283//490 2275//490
f 30//491 26//491 2278//491 2286//491
f 26//491 27//491 2279//491 2278//491
f 2941//2 2938//2 2281//2 2280//2
f 27//491 320//491 2940//491 2279//491
f 319//490 28//490 2282//490 2939//490
f 2285//2 2284//2 2288//2 2289//2
f 29//490 31//490 2287//490 2283//490
f 32//491 30//491 2286//491 2290//491
f 31//490 33//490 2292//490 2287//490
f 2289//2 2288//2 2291//2 2294//2
f 34//491 32//491 2290//491 2293//491
f 33//490 35//490 2295//490 2292//490
f 2294//2 2291//2 2296//2 2298//2
f 2298//2 2296//2 2301//2 2304//2
f 2304//2 2306//2 2307//2 2298//2
f 36//494 37//494 2305//494 2303//494
f 37//494 98//494 2434//494 2305//494
f 2433//2 2432//2 2307//2 2306//2
f 97//492 38//492 2308//492 2431//492
f 2312//602 2311//602 2314//602 2317//602
f 2421//2 2420//2 2312//2 2317//2
f 91//494 39//494 2313//494 2419//494
f 2317//603 2314//603 2320//603 2321//603
f 40//497 41//497 2319//497 2315//497
f 2321//604 2320//604 2324//604 2325//604
f 41//491 43//491 2323//491 2319//491
f 44//501 42//501 2322//501 2326//501
f 2325//605 2324//605 2328//605 2330//605
f 43//491 45//491 2327//491 2323//491
f 46//501 44//501 2326//501 2329//501
f 2330//606 2328//606 2331//606 2333//606
f 45//491 47//491 2332//491 2327//491
f 48//501 46//501 2329//501 2334//501
f 2333//607 2331//607 2336//607 2337//607
f 47//497 49//497 2335//497 2332//497
f 50//501 48//501 2334//501 2338//501
f 2337//608 2336//608 2340//608 2341//608
f 49//497 51//497 2339//497 2335//497
f 52//501 50//501 2338//501 2342//501
f 2341//609 2340//609 2344//609 2346//609
f 51//497 53//497 2343//497 2339//497
f 54//501 52//501 2342//501 2345//501
f 2346//610 2344//610 2347//610 2349//610
f 53//497 55//497 2348//497 2343//497
f 56//501 54//501 2345//501 2350//501
f 2349//611 2347//611 2352//611 2353//611
f 55//491 57//491 2351//491 2348//491
f 58//501 56//501 2350//501 2354//501
f 2353//612 2352//612 2356//612 2357//612
f 57//497 59//497 2355//497 2351//497
f 60//501 58//501 2354//501 2358//501
f 2357//613 2356//613 2360//613 2362//613
f 59//497 61//497 2359//497 2355//497
f 62//501 60//501 2358//501 2361//501
f 2362//614 2360//614 2363//614 2365//614
f 61//512 63//512 2364//512 2359//512
f 64//501 62//501 2361//501 2366//501
f 2365//615 2363//615 2368//615 2369//615
f 63//514 65//514 2367//514 2364//514
f 66//501 64//501 2366//501 2370//501
f 2369//616 2368//616 2372//616 2373//616
f 65//514 67//514 2371//514 2367//514
f 68//516 66//516 2370//516 2374//516
f 2373//617 2372//617 2436//617 2438//617
f 67//518 99//518 2435//518 2371//518
f 100//490 68//490 2374//490 2437//490
f 70//492 69//492 2375//492 2377//492
f 2378//2 2376//2 2379//2 2382//2
f 2379//2 2376//2 2423//2 2425//2
f 69//492 93//492 2424//492 2375//492
f 2382//2 2384//2 2385//2 2378//2
f 74//492 70//492 2377//492 2386//492
f 94//494 71//494 2380//494 2426//494
f 71//494 72//494 2381//494 2380//494
f 72//494 73//494 2383//494 2381//494
f 73//494 75//494 2387//494 2383//494
f 2385//2 2384//2 2388//2 2389//2
f 76//492 74//492 2386//492 2390//492
f 2389//2 2388//2 2392//2 2394//2
f 75//494 77//494 2391//494 2387//494
f 78//492 76//492 2390//492 2393//492
f 2394//2 2392//2 2395//2 2397//2
f 77//494 79//494 2396//494 2391//494
f 80//492 78//492 2393//492 2398//492
f 2397//2 2395//2 2400//2 2401//2
f 79//494 81//494 2399//494 2396//494
f 82//492 80//492 2398//492 2402//492
f 2401//2 2400//2 2404//2 2405//2
f 81//494 83//494 2403//494 2399//494
f 84//492 82//492 2402//492 2406//492
f 2405//2 2404//2 2408//2 2410//2
f 83//494 85//494 2407//494 2403//494
f 86//492 84//492 2406//492 2409//492
f 2410//2 2408//2 2411//2 2413//2
f 85//494 87//494 2412//494 2407//494
f 88//492 86//492 2409//492 2414//492
f 2413//2 2411//2 2416//2 2417//2
f 87//494 89//494 2415//494 2412//494
f 90//492 88//492 2414//492 2418//492
f 2417//2 2416//2 2420//2 2421//2
f 89//494 91//494 2419//494 2415//494
f 92//492 90//492 2418//492 2422//492
f 2425//2 2423//2 2428//2 2429//2
f 93//492 95//492 2427//492 2424//492
f 96//494 94//494 2426//494 2430//494
f 2429//2 2428//2 2432//2 2433//2
f 95//492 97//492 2431//492 2427//492
f 98//494 96//494 2430//494 2434//494
f 2438//617 2436//617 2439//617 2441//617
f 99//519 101//519 2440//519 2435//519
f 102//490 100//490 2437//490 2442//490
f 2441//618 2439//618 2444//618 2445//618
f 101//521 103//521 2443//521 2440//521
f 104//522 102//522 2442//522 2446//522
f 2445//619 2444//619 2448//619 2449//619
f 103//524 105//524 2447//524 2443//524
f 106//525 104//525 2446//525 2450//525
f 2449//620 2448//620 2452//620 2454//620
f 105//527 107//527 2451//527 2447//527
f 108//528 106//528 2450//528 2453//528
f 2454//621 2452//621 2455//621 2457//621
f 107//530 109//530 2456//530 2451//530
f 110//490 108//490 2453//490 2458//490
f 2457//622 2455//622 2460//622 2461//622
f 109//497 111//497 2459//497 2456//497
f 112//490 110//490 2458//490 2462//490
f 2461//623 2460//623 2464//623 2465//623
f 111//491 113//491 2463//491 2459//491
f 114//490 112//490 2462//490 2466//490
f 2465//624 2464//624 2468//624 2470//624
f 113//491 115//491 2467//491 2463//491
f 116//490 114//490 2466//490 2469//490
f 2470//625 2468//625 2471//625 2473//625
f 115//491 117//491 2472//491 2467//491
f 118//490 116//490 2469//490 2474//490
f 2473//2 2471//2 2476//2 2477//2
f 117//491 119//491 2475//491 2472//491
f 120//490 118//490 2474//490 2478//490
f 2477//2 2476//2 2480//2 2481//2
f 119//491 121//491 2479//491 2475//491
f 122//490 120//490 2478//490 2482//490
f 2481//2 2480//2 2484//2 2486//2
f 121//491 123//491 2483//491 2479//491
f 124//490 122//490 2482//490 2485//490
f 2486//2 2484//2 2487//2 2489//2
f 123//491 125//491 2488//491 2483//491
f 126//490 124//490 2485//490 2490//490
f 2489//2 2487//2 2492//2 2493//2
f 125//491 127//491 2491//491 2488//491
f 128//490 126//490 2490//490 2494//490
f 2493//2 2492//2 2496//2 2497//2
f 127//491 129//491 2495//491 2491//491
f 130//490 128//490 2494//490 2498//490
f 2497//2 2496//2 2500//2 2502//2
f 129//491 131//491 2499//491 2495//491
f 132//490 130//490 2498//490 2501//490
f 2502//2 2500//2 2503//2 2505//2
f 131//491 133//491 2504//491 2499//491
f 134//490 132//490 2501//490 2506//490
f 2505//2 2503//2 2508//2 2509//2
f 133//491 135//491 2507//491 2504//491
f 136//490 134//490 2506//490 2510//490
f 2509//626 2508//626 2512//626 2513//626
f 135//491 137//491 2511//491 2507//491
f 138//490 136//490 2510//490 2514//490
f 2513//627 2512//627 2516//627 2518//627
f 137//491 139//491 2515//491 2511//491
f 140//490 138//490 2514//490 2517//490
f 2518//628 2516//628 2519//628 2521//628
f 139//491 141//491 2520//491 2515//491
f 142//490 140//490 2517//490 2522//490
f 2521//629 2519//629 2524//629 2525//629
f 141//491 143//491 2523//491 2520//491
f 144//490 142//490 2522//490 2526//490
f 2525//630 2524//630 2528//630 2529//630
f 143//491 145//491 2527//491 2523//491
f 146//490 144//490 2526//490 2530//490
f 2529//631 2528//631 2532//631 2534//631
f 145//491 147//491 2531//491 2527//491
f 148//490 146//490 2530//490 2533//490
f 2534//632 2532//632 2535//632 2537//632
f 147//491 149//491 2536//491 2531//491
f 150//490 148//490 2533//490 2538//490
f 2537//633 2535//633 2540//633 2541//633
f 149//491 151//491 2539//491 2536//491
f 152//490 150//490 2538//490 2542//490
f 2541//634 2540//634 2544//634 2545//634
f 151//491 153//491 2543//491 2539//491
f 154//490 152//490 2542//490 2546//490
f 2545//2 2544//2 2548//2 2550//2
f 153//491 155//491 2547//491 2543//491
f 156//490 154//490 2546//490 2549//490
f 2550//2 2548//2 2551//2 2553//2
f 155//491 157//491 2552//491 2547//491
f 158//490 156//490 2549//490 2554//490
f 2553//2 2551//2 2556//2 2557//2
f 157//491 159//491 2555//491 2552//491
f 160//490 158//490 2554//490 2558//490
f 2557//2 2556//2 2560//2 2561//2
f 159//491 161//491 2559//491 2555//491
f 162//490 160//490 2558//490 2562//490
f 2561//2 2560//2 2564//2 2566//2
f 161//497 163//497 2563//497 2559//497
f 164//490 162//490 2562//490 2565//490
f 2566//2 2564//2 2567//2 2569//2
f 163//512 165//512 2568//512 2563//512
f 166//490 164//490 2565//490 2570//490
f 2569//2 2567//2 2572//2 2573//2
f 165//544 167//544 2571//544 2568//544
f 168//490 166//490 2570//490 2574//490
f 2573//2 2572//2 2576//2 2579//2
f 167//545 169//545 2575//545 2571//545
f 2579//2 2576//2 2581//2 2584//2
f 169//546 170//546 2580//546 2575//546
f 2579//2 2584//2 2586//2 2588//2
f 3449//2 3453//2 2584//2 2581//2
f 170//546 540//546 3450//546 2580//546
f 2588//2 2586//2 2590//2 2591//2
f 171//492 173//492 2589//492 2585//492
f 174//494 172//494 2587//494 2592//494
f 2591//2 2590//2 2594//2 2595//2
f 173//492 175//492 2593//492 2589//492
f 176//494 174//494 2592//494 2596//494
f 2595//2 2594//2 2598//2 2600//2
f 175//492 177//492 2597//492 2593//492
f 178//494 176//494 2596//494 2599//494
f 2600//2 2598//2 2601//2 2603//2
f 177//492 179//492 2602//492 2597//492
f 180//494 178//494 2599//494 2604//494
f 2603//2 2601//2 2606//2 2607//2
f 179//492 181//492 2605//492 2602//492
f 182//494 180//494 2604//494 2608//494
f 2607//2 2606//2 2610//2 2611//2
f 181//492 183//492 2609//492 2605//492
f 184//494 182//494 2608//494 2612//494
f 2611//2 2610//2 2614//2 2616//2
f 183//547 185//547 2613//547 2609//547
f 186//494 184//494 2612//494 2615//494
f 2616//2 2614//2 2617//2 2619//2
f 185//548 187//548 2618//548 2613//548
f 188//494 186//494 2615//494 2620//494
f 2619//2 2617//2 2622//2 2623//2
f 187//549 189//549 2621//549 2618//549
f 190//494 188//494 2620//494 2624//494
f 2623//2 2622//2 2626//2 2627//2
f 189//492 191//492 2625//492 2621//492
f 192//494 190//494 2624//494 2628//494
f 2627//635 2626//635 2630//635 2633//635
f 2633//636 2630//636 2635//636 2638//636
f 2635//637 2630//637 3121//637 3123//637
f 2633//638 2638//638 2640//638 2641//638
f 193//490 194//490 2637//490 2636//490
f 392//490 193//490 2636//490 3124//490
f 194//490 195//490 2639//490 2637//490
f 195//490 197//490 2643//490 2639//490
f 2641//639 2640//639 2644//639 2645//639
f 198//491 196//491 2642//491 2646//491
f 2645//640 2644//640 2648//640 2650//640
f 197//490 199//490 2647//490 2643//490
f 200//491 198//491 2646//491 2649//491
f 2650//641 2648//641 2651//641 2653//641
f 199//490 201//490 2652//490 2647//490
f 202//491 200//491 2649//491 2654//491
f 2653//642 2651//642 2656//642 2657//642
f 201//490 203//490 2655//490 2652//490
f 204//491 202//491 2654//491 2658//491
f 2657//643 2656//643 2660//643 2661//643
f 203//490 205//490 2659//490 2655//490
f 206//491 204//491 2658//491 2662//491
f 2661//2 2660//2 2664//2 2666//2
f 205//490 207//490 2663//490 2659//490
f 208//491 206//491 2662//491 2665//491
f 2666//2 2664//2 2668//2 2670//2
f 209//491 208//491 2665//491 2671//491
f 2670//2 2668//2 677//2 2672//2
f 3104//2 692//2 677//2 2668//2
f 210//491 209//491 2671//491 2673//491
f 211//491 210//491 2673//491 2675//491
f 2672//2 677//2 678//2 2674//2
f 2674//2 678//2 679//2 2677//2
f 212//491 211//491 2675//491 2676//491
f 213//491 212//491 2676//491 2679//491
f 2677//2 679//2 680//2 2678//2
f 2678//2 680//2 681//2 2680//2
f 214//491 213//491 2679//491 2681//491
f 215//491 214//491 2681//491 2683//491
f 2680//2 681//2 682//2 2682//2
f 2682//2 682//2 683//2 2685//2
f 216//491 215//491 2683//491 2684//491
f 217//491 216//491 2684//491 2687//491
f 2685//2 683//2 684//2 2686//2
f 2686//2 684//2 685//2 2688//2
f 218//491 217//491 2687//491 2689//491
f 219//491 218//491 2689//491 2691//491
f 2688//2 685//2 686//2 2690//2
f 2690//2 686//2 2692//2 2696//2
f 2692//2 686//2 687//2 2698//2
f 221//494 220//494 2693//494 2697//494
f 2698//2 687//2 2701//2 2702//2
f 222//494 221//494 2697//494 2703//494
f 700//2 3119//2 2701//2 687//2
f 2702//2 2701//2 2705//2 2706//2
f 224//494 222//494 2703//494 2707//494
f 2706//2 2705//2 2709//2 2711//2
f 223//492 225//492 2708//492 2704//492
f 226//494 224//494 2707//494 2710//494
f 2711//2 2709//2 2712//2 2714//2
f 225//492 227//492 2713//492 2708//492
f 228//494 226//494 2710//494 2715//494
f 2714//2 2712//2 2717//2 2718//2
f 227//492 229//492 2716//492 2713//492
f 230//494 228//494 2715//494 2719//494
f 2718//2 2717//2 2721//2 2722//2
f 229//492 231//492 2720//492 2716//492
f 232//494 230//494 2719//494 2723//494
f 2722//2 2721//2 2725//2 2727//2
f 231//492 233//492 2724//492 2720//492
f 234//494 232//494 2723//494 2726//494
f 2727//2 2725//2 2728//2 2730//2
f 233//492 235//492 2729//492 2724//492
f 236//494 234//494 2726//494 2731//494
f 2730//2 2728//2 2733//2 2734//2
f 235//492 237//492 2732//492 2729//492
f 238//494 236//494 2731//494 2735//494
f 2734//2 2733//2 2737//2 2738//2
f 237//492 239//492 2736//492 2732//492
f 240//494 238//494 2735//494 2739//494
f 2738//2 2737//2 2741//2 2743//2
f 239//492 241//492 2740//492 2736//492
f 242//494 240//494 2739//494 2742//494
f 2743//2 2741//2 2744//2 2746//2
f 241//492 243//492 2745//492 2740//492
f 244//494 242//494 2742//494 2747//494
f 2746//2 2744//2 2749//2 2750//2
f 243//492 245//492 2748//492 2745//492
f 246//494 244//494 2747//494 2751//494
f 2750//2 2749//2 2753//2 2754//2
f 245//492 247//492 2752//492 2748//492
f 248//494 246//494 2751//494 2755//494
f 2754//2 2753//2 2757//2 2761//2
f 2761//2 2757//2 2762//2 2765//2
f 2762//2 2757//2 2942//2 2944//2
f 2761//2 2765//2 2767//2 2768//2
f 249//490 250//490 2764//490 2763//490
f 322//490 249//490 2763//490 2945//490
f 250//490 251//490 2766//490 2764//490
f 251//490 253//490 2770//490 2766//490
f 2768//2 2767//2 2771//2 2772//2
f 254//491 252//491 2769//491 2773//491
f 2772//2 2771//2 2775//2 2777//2
f 253//490 255//490 2774//490 2770//490
f 256//491 254//491 2773//491 2776//491
f 2777//2 2775//2 2778//2 2780//2
f 255//490 257//490 2779//490 2774//490
f 258//491 256//491 2776//491 2781//491
f 2780//2 2778//2 2783//2 2784//2
f 257//490 259//490 2782//490 2779//490
f 260//491 258//491 2781//491 2785//491
f 2784//2 2783//2 2787//2 2788//2
f 259//490 261//490 2786//490 2782//490
f 262//491 260//491 2785//491 2789//491
f 2788//2 2787//2 2791//2 2793//2
f 261//490 263//490 2790//490 2786//490
f 264//491 262//491 2789//491 2792//491
f 2793//2 2791//2 2794//2 2796//2
f 263//490 265//490 2795//490 2790//490
f 266//491 264//491 2792//491 2797//491
f 2796//2 2794//2 2799//2 2800//2
f 265//490 267//490 2798//490 2795//490
f 268//491 266//491 2797//491 2801//491
f 2800//2 2799//2 2803//2 2804//2
f 267//490 269//490 2802//490 2798//490
f 270//491 268//491 2801//491 2805//491
f 2804//2 2803//2 2807//2 2809//2
f 269//490 271//490 2806//490 2802//490
f 272//491 270//491 2805//491 2808//491
f 2809//2 2807//2 2810//2 2812//2
f 271//490 273//490 2811//490 2806//490
f 274//491 272//491 2808//491 2813//491
f 2812//2 2810//2 2815//2 2816//2
f 273//490 275//490 2814//490 2811//490
f 276//491 274//491 2813//491 2817//491
f 2816//2 2815//2 2819//2 2820//2
f 275//490 277//490 2818//490 2814//490
f 278//559 276//559 2817//559 2821//559
f 2820//2 2819//2 2823//2 2825//2
f 277//490 279//490 2822//490 2818//490
f 280//560 278//560 2821//560 2824//560
f 2825//2 2823//2 2826//2 2828//2
f 279//490 281//490 2827//490 2822//490
f 282//560 280//560 2824//560 2829//560
f 2828//2 2826//2 2831//2 2832//2
f 281//490 283//490 2830//490 2827//490
f 284//527 282//527 2829//527 2833//527
f 2832//2 2831//2 2835//2 2836//2
f 283//490 285//490 2834//490 2830//490
f 286//491 284//491 2833//491 2837//491
f 2836//2 2835//2 2839//2 2841//2
f 285//501 287//501 2838//501 2834//501
f 288//491 286//491 2837//491 2840//491
f 2841//2 2839//2 2843//2 2847//2
f 2847//2 2843//2 688//2 689//2
f 2866//2 688//2 2843//2 2872//2
f 689//2 2855//2 2858//2 2847//2
f 689//2 688//2 2860//2 2849//2
f 689//2 2849//2 2853//2 2855//2
f 2860//2 2863//2 2865//2 2849//2
f 2860//2 688//2 2866//2 2870//2
f 2865//2 2863//2 2875//2 2877//2
f 290//565 293//565 2874//565 2862//565
f 294//566 291//566 2864//566 2876//566
f 293//490 295//490 2879//490 2874//490
f 2877//2 2875//2 2878//2 2882//2
f 2882//2 2878//2 2885//2 2887//2
f 2887//2 2889//2 2890//2 2882//2
f 296//494 297//494 2888//494 2886//494
f 297//494 299//494 2893//494 2888//494
f 2890//2 2889//2 2892//2 2895//2
f 300//492 298//492 2891//492 2894//492
f 2895//2 2892//2 2897//2 2898//2
f 299//494 301//494 2896//494 2893//494
f 302//492 300//492 2894//492 2899//492
f 2898//2 2897//2 2901//2 2903//2
f 301//494 303//494 2900//494 2896//494
f 304//492 302//492 2899//492 2902//492
f 2903//2 2901//2 2904//2 2906//2
f 303//494 305//494 2905//494 2900//494
f 306//492 304//492 2902//492 2907//492
f 2906//2 2904//2 2909//2 2910//2
f 305//494 307//494 2908//494 2905//494
f 308//492 306//492 2907//492 2911//492
f 2910//2 2909//2 2913//2 2914//2
f 307//494 309//494 2912//494 2908//494
f 310//492 308//492 2911//492 2915//492
f 2914//2 2913//2 2917//2 2919//2
f 309//494 311//494 2916//494 2912//494
f 312//492 310//492 2915//492 2918//492
f 2919//2 2917//2 2920//2 2922//2
f 311//494 313//494 2921//494 2916//494
f 314//492 312//492 2918//492 2923//492
f 313//494 315//494 2924//494 2921//494
f 2922//2 2920//2 2925//2 2926//2
f 316//492 314//492 2923//492 2927//492
f 2926//2 2925//2 2930//2 2931//2
f 317//492 316//492 2927//492 2932//492
f 2931//2 2930//2 2933//2 2937//2
f 2933//2 2930//2 2938//2 2941//2
f 320//491 318//491 2934//491 2940//491
f 321//491 323//491 2946//491 2943//491
f 2944//2 2942//2 2947//2 2948//2
f 324//490 322//490 2945//490 2949//490
f 2948//2 2947//2 2951//2 2953//2
f 323//491 325//491 2950//491 2946//491
f 326//490 324//490 2949//490 2952//490
f 2953//2 2951//2 2954//2 2956//2
f 325//491 327//491 2955//491 2950//491
f 328//490 326//490 2952//490 2957//490
f 327//491 329//491 2958//491 2955//491
f 2956//2 2954//2 2959//2 2960//2
f 330//490 328//490 2957//490 2961//490
f 2960//2 2959//2 2963//2 2964//2
f 329//491 331//491 2962//491 2958//491
f 332//490 330//490 2961//490 2965//490
f 2964//2 2963//2 2967//2 2969//2
f 331//491 333//491 2966//491 2962//491
f 334//490 332//490 2965//490 2968//490
f 2969//2 2967//2 2970//2 2972//2
f 333//491 335//491 2971//491 2966//491
f 336//490 334//490 2968//490 2973//490
f 2972//2 2970//2 2975//2 2977//2
f 337//490 336//490 2973//490 2978//490
f 2977//2 2975//2 2980//2 2982//2
f 2980//2 2975//2 3047//2 3049//2
f 338//490 337//490 2978//490 2983//490
f 2982//2 2980//2 2985//2 2987//2
f 340//490 338//490 2983//490 2986//490
f 2987//2 2985//2 2988//2 2990//2
f 339//491 341//491 2989//491 2984//491
f 342//490 340//490 2986//490 2991//490
f 2990//2 2988//2 2993//2 2997//2
f 2997//2 2993//2 690//2 691//2
f 3038//2 690//2 2993//2 3045//2
f 2997//2 691//2 2998//2 3002//2
f 2998//2 691//2 3004//2 3007//2
f 3004//2 3011//2 3013//2 3014//2
f 3004//2 691//2 690//2 3011//2
f 3011//2 690//2 3038//2 3041//2
f 3014//2 3013//2 3017//2 3018//2
f 344//491 346//491 3016//491 3012//491
f 347//572 345//572 3015//572 3019//572
f 3018//2 3017//2 3020//2 3023//2
f 346//491 348//491 3021//491 3016//491
f 349//490 347//490 3019//490 3022//490
f 348//491 350//491 3024//491 3021//491
f 3023//2 3020//2 3025//2 3026//2
f 351//490 349//490 3022//490 3027//490
f 3026//2 3025//2 3029//2 3030//2
f 350//491 352//491 3028//491 3024//491
f 353//490 351//490 3027//490 3031//490
f 3030//2 3029//2 3033//2 3036//2
f 3049//2 3047//2 3051//2 3052//2
f 355//494 357//494 3050//494 3046//494
f 358//492 356//492 3048//492 3053//492
f 357//494 359//494 3054//494 3050//494
f 3052//2 3051//2 3055//2 3057//2
f 360//492 358//492 3053//492 3056//492
f 3057//2 3055//2 3058//2 3060//2
f 359//494 361//494 3059//494 3054//494
f 362//492 360//492 3056//492 3061//492
f 361//494 363//494 3062//494 3059//494
f 3060//2 3058//2 3063//2 3064//2
f 364//492 362//492 3061//492 3065//492
f 3064//2 3063//2 3067//2 3068//2
f 363//494 365//494 3066//494 3062//494
f 366//492 364//492 3065//492 3069//492
f 365//494 367//494 3070//494 3066//494
f 3068//2 3067//2 3071//2 3073//2
f 368//492 366//492 3069//492 3072//492
f 3073//2 3071//2 3074//2 3076//2
f 367//494 369//494 3075//494 3070//494
f 370//492 368//492 3072//492 3077//492
f 369//494 371//494 3078//494 3075//494
f 3076//2 3074//2 3079//2 3080//2
f 372//492 370//492 3077//492 3081//492
f 3080//2 3079//2 3083//2 3084//2
f 371//494 373//494 3082//494 3078//494
f 374//492 372//492 3081//492 3085//492
f 373//494 375//494 3086//494 3082//494
f 3084//2 3083//2 3087//2 3089//2
f 376//492 374//492 3085//492 3088//492
f 3089//2 3087//2 3090//2 3092//2
f 375//494 377//494 3091//494 3086//494
f 378//492 376//492 3088//492 3093//492
f 377//494 379//494 3094//494 3091//494
f 3092//2 3090//2 3095//2 3096//2
f 380//492 378//492 3093//492 3097//492
f 3096//2 3095//2 3099//2 3101//2
f 381//492 380//492 3097//492 3102//492
f 3101//2 3099//2 692//2 3104//2
f 692//2 3099//2 3105//2 693//2
f 382//492 381//492 3102//492 3103//492
f 3105//2 3108//2 694//2 693//2
f 383//490 384//490 3107//490 3106//490
f 384//490 385//490 3109//490 3107//490
f 694//2 3108//2 3110//2 695//2
f 3110//2 3112//2 696//2 695//2
f 385//490 386//490 3111//490 3109//490
f 386//490 387//490 3114//490 3111//490
f 696//2 3112//2 3113//2 697//2
f 387//490 388//490 3115//490 3114//490
f 3113//2 3116//2 698//2 697//2
f 388//490 389//490 3117//490 3115//490
f 698//2 3116//2 3118//2 699//2
f 3118//2 3119//2 700//2 699//2
f 389//490 390//490 3120//490 3117//490
f 391//491 393//491 3125//491 3122//491
f 3123//644 3121//644 3126//644 3127//644
f 394//490 392//490 3124//490 3128//490
f 3127//645 3126//645 3130//645 3133//645
f 393//491 395//491 3129//491 3125//491
f 395//491 396//491 3134//491 3129//491
f 3133//646 3130//646 3135//646 3138//646
f 3133//2 3138//2 3140//2 3142//2
f 3574//2 3572//2 3138//2 3135//2
f 396//491 598//491 3575//491 3134//491
f 397//492 399//492 3143//492 3139//492
f 3142//2 3140//2 3144//2 3145//2
f 400//494 398//494 3141//494 3146//494
f 3145//2 3144//2 3148//2 3149//2
f 399//492 401//492 3147//492 3143//492
f 402//494 400//494 3146//494 3150//494
f 401//492 403//492 3151//492 3147//492
f 3149//2 3148//2 3152//2 3154//2
f 404//494 402//494 3150//494 3153//494
f 3154//2 3152//2 3155//2 3157//2
f 403//492 405//492 3156//492 3151//492
f 406//494 404//494 3153//494 3158//494
f 405//492 407//492 3159//492 3156//492
f 3157//2 3155//2 3160//2 3161//2
f 408//494 406//494 3158//494 3162//494
f 3161//2 3160//2 3164//2 3165//2
f 407//492 409//492 3163//492 3159//492
f 410//494 408//494 3162//494 3166//494
f 409//492 411//492 3167//492 3163//492
f 3165//2 3164//2 3168//2 3170//2
f 412//494 410//494 3166//494 3169//494
f 3170//2 3168//2 3171//2 3173//2
f 411//492 413//492 3172//492 3167//492
f 414//494 412//494 3169//494 3174//494
f 413//492 415//492 3175//492 3172//492
f 3173//2 3171//2 3176//2 3177//2
f 416//494 414//494 3174//494 3178//494
f 3177//2 3176//2 3180//2 3181//2
f 415//492 417//492 3179//492 3175//492
f 418//494 416//494 3178//494 3182//494
f 417//492 419//492 3183//492 3179//492
f 3181//2 3180//2 3184//2 3186//2
f 420//494 418//494 3182//494 3185//494
f 3186//2 3184//2 3187//2 3189//2
f 419//492 421//492 3188//492 3183//492
f 422//494 420//494 3185//494 3190//494
f 421//492 423//492 3191//492 3188//492
f 3189//2 3187//2 3192//2 3193//2
f 424//494 422//494 3190//494 3194//494
f 3193//2 3192//2 3196//2 3197//2
f 423//492 425//492 3195//492 3191//492
f 426//494 424//494 3194//494 3198//494
f 3197//2 3196//2 3200//2 3203//2
f 427//494 426//494 3198//494 3202//494
f 3203//2 3200//2 3204//2 3208//2
f 3204//2 3200//2 3209//2 3211//2
f 430//490 428//490 3205//490 3212//490
f 429//491 431//491 3213//491 3210//491
f 3211//2 3209//2 3214//2 3215//2
f 432//490 430//490 3212//490 3216//490
f 431//491 433//491 3217//491 3213//491
f 3215//2 3214//2 3218//2 3220//2
f 434//490 432//490 3216//490 3219//490
f 3220//2 3218//2 3221//2 3223//2
f 433//491 435//491 3222//491 3217//491
f 436//490 434//490 3219//490 3224//490
f 435//491 437//491 3225//491 3222//491
f 3223//2 3221//2 3226//2 3227//2
f 438//490 436//490 3224//490 3228//490
f 3227//2 3226//2 3230//2 3231//2
f 437//491 439//491 3229//491 3225//491
f 440//490 438//490 3228//490 3232//490
f 439//491 441//491 3233//491 3229//491
f 3231//2 3230//2 3234//2 3236//2
f 442//490 440//490 3232//490 3235//490
f 3236//2 3234//2 3237//2 3239//2
f 441//491 443//491 3238//491 3233//491
f 444//490 442//490 3235//490 3240//490
f 443//491 445//491 3241//491 3238//491
f 3239//2 3237//2 3242//2 3243//2
f 446//490 444//490 3240//490 3244//490
f 3243//2 3242//2 3246//2 3247//2
f 445//491 447//491 3245//491 3241//491
f 448//490 446//490 3244//490 3248//490
f 3247//2 3246//2 3250//2 3253//2
f 449//490 448//490 3248//490 3252//490
f 3253//2 3250//2 3256//2 3257//2
f 3634//2 3633//2 3256//2 3250//2
f 450//576 449//576 3252//576 3258//576
f 3257//2 3256//2 3260//2 3261//2
f 452//578 450//578 3258//578 3262//578
f 3261//2 3260//2 3264//2 3265//2
f 451//491 453//491 3263//491 3259//491
f 454//579 452//579 3262//579 3266//579
f 453//491 455//491 3267//491 3263//491
f 3265//2 3264//2 3268//2 3270//2
f 456//579 454//579 3266//579 3269//579
f 3270//2 3268//2 3271//2 3273//2
f 455//491 457//491 3272//491 3267//491
f 458//580 456//580 3269//580 3274//580
f 457//491 459//491 3275//491 3272//491
f 3273//2 3271//2 3276//2 3277//2
f 460//581 458//581 3274//581 3278//581
f 3277//2 3276//2 3280//2 3281//2
f 459//491 461//491 3279//491 3275//491
f 462//490 460//490 3278//490 3282//490
f 461//491 463//491 3283//491 3279//491
f 3281//2 3280//2 3284//2 3286//2
f 464//490 462//490 3282//490 3285//490
f 3286//2 3284//2 3287//2 3289//2
f 463//491 465//491 3288//491 3283//491
f 466//490 464//490 3285//490 3290//490
f 465//491 467//491 3291//491 3288//491
f 3289//2 3287//2 3292//2 3293//2
f 468//490 466//490 3290//490 3294//490
f 3293//2 3292//2 3296//2 3297//2
f 467//491 469//491 3295//491 3291//491
f 470//490 468//490 3294//490 3298//490
f 469//491 471//491 3299//491 3295//491
f 3297//2 3296//2 3300//2 3302//2
f 472//490 470//490 3298//490 3301//490
f 3302//2 3300//2 3303//2 3305//2
f 471//491 473//491 3304//491 3299//491
f 474//490 472//490 3301//490 3306//490
f 473//491 475//491 3307//491 3304//491
f 3305//2 3303//2 3308//2 3309//2
f 476//490 474//490 3306//490 3310//490
f 3309//2 3308//2 3312//2 3313//2
f 475//491 477//491 3311//491 3307//491
f 478//490 476//490 3310//490 3314//490
f 477//491 479//491 3315//491 3311//491
f 3313//2 3312//2 3316//2 3318//2
f 480//490 478//490 3314//490 3317//490
f 3318//2 3316//2 3319//2 3321//2
f 479//491 481//491 3320//491 3315//491
f 482//490 480//490 3317//490 3322//490
f 3321//2 3319//2 3324//2 3326//2
f 483//490 482//490 3322//490 3327//490
f 3665//2 3324//2 3329//2 3670//2
f 3326//2 3324//2 3665//2 3667//2
f 3670//2 3329//2 3331//2 3686//2
f 484//494 485//494 3330//494 3328//494
f 485//494 486//494 3333//494 3330//494
f 3686//2 3331//2 3332//2 3637//2
f 486//494 487//494 3334//494 3333//494
f 3637//2 3332//2 3335//2 3651//2
f 3651//2 3335//2 3337//2 3672//2
f 487//494 488//494 3336//494 3334//494
f 488//494 489//494 3338//494 3336//494
f 3672//2 3337//2 3339//2 3688//2
f 489//494 490//494 3341//494 3338//494
f 3688//2 3339//2 3340//2 3639//2
f 490//494 491//494 3342//494 3341//494
f 3639//2 3340//2 3343//2 3653//2
f 3653//2 3343//2 3345//2 3674//2
f 491//494 492//494 3344//494 3342//494
f 492//494 493//494 3346//494 3344//494
f 3674//2 3345//2 3347//2 3690//2
f 493//494 494//494 3349//494 3346//494
f 3690//2 3347//2 3348//2 3641//2
f 494//494 495//494 3350//494 3349//494
f 3641//2 3348//2 3351//2 3655//2
f 3655//2 3351//2 3353//2 3676//2
f 495//494 496//494 3352//494 3350//494
f 496//494 497//494 3354//494 3352//494
f 3676//2 3353//2 3355//2 3692//2
f 497//494 498//494 3357//494 3354//494
f 3692//2 3355//2 3356//2 3643//2
f 498//494 499//494 3358//494 3357//494
f 3643//2 3356//2 3359//2 3657//2
f 3657//2 3359//2 3361//2 3678//2
f 499//494 500//494 3360//494 3358//494
f 500//494 501//494 3362//494 3360//494
f 3678//2 3361//2 3363//2 3694//2
f 501//494 502//494 3365//494 3362//494
f 3694//2 3363//2 3364//2 3645//2
f 502//494 503//494 3366//494 3365//494
f 3645//2 3364//2 3367//2 3659//2
f 3659//2 3367//2 3369//2 3680//2
f 503//494 504//494 3368//494 3366//494
f 504//494 505//494 3370//494 3368//494
f 3680//2 3369//2 3371//2 3696//2
f 505//494 506//494 3373//494 3370//494
f 3696//2 3371//2 3372//2 3647//2
f 506//494 507//494 3374//494 3373//494
f 3647//2 3372//2 3375//2 3661//2
f 3661//2 3375//2 3377//2 3682//2
f 507//494 508//494 3376//494 3374//494
f 508//494 509//494 3378//494 3376//494
f 3682//2 3377//2 3379//2 3698//2
f 509//494 510//494 3381//494 3378//494
f 3698//2 3379//2 3380//2 3649//2
f 510//583 511//583 3382//583 3381//583
f 3649//2 3380//2 3383//2 3663//2
f 3663//2 3383//2 3386//2 3683//2
f 3683//2 3386//2 3721//2 3739//2
f 3721//2 3386//2 3387//2 3700//2
f 512//490 513//490 3389//490 3388//490
f 3700//2 3387//2 3390//2 3710//2
f 3710//2 3390//2 3392//2 3723//2
f 513//490 514//490 3391//490 3389//490
f 514//490 515//490 3393//490 3391//490
f 3723//2 3392//2 3394//2 3731//2
f 515//490 516//490 3396//490 3393//490
f 3731//2 3394//2 3395//2 3702//2
f 516//490 517//490 3397//490 3396//490
f 3702//2 3395//2 3398//2 3712//2
f 3712//2 3398//2 3400//2 3725//2
f 517//490 518//490 3399//490 3397//490
f 518//490 519//490 3401//490 3399//490
f 3725//2 3400//2 3402//2 3733//2
f 519//490 520//490 3404//490 3401//490
f 3733//2 3402//2 3403//2 3704//2
f 520//490 521//490 3405//490 3404//490
f 3704//2 3403//2 3406//2 3714//2
f 3714//2 3406//2 3408//2 3727//2
f 521//490 522//490 3407//490 3405//490
f 522//490 523//490 3409//490 3407//490
f 3727//2 3408//2 3410//2 3735//2
f 523//490 524//490 3412//490 3409//490
f 3735//2 3410//2 3411//2 3706//2
f 524//490 525//490 3413//490 3412//490
f 3706//2 3411//2 3414//2 3716//2
f 3716//2 3414//2 3416//2 3729//2
f 525//490 526//490 3415//490 3413//490
f 526//490 527//490 3417//490 3415//490
f 3729//2 3416//2 3418//2 3737//2
f 3737//2 3418//2 3421//2 3708//2
f 3708//2 3421//2 3424//2 3719//2
f 3479//2 3424//2 3421//2 3481//2
f 3475//2 3425//2 3424//2 3479//2
f 529//587 528//587 3426//587 3428//587
f 3473//2 3427//2 3425//2 3475//2
f 530//588 529//588 3428//588 3429//588
f 3471//2 3430//2 3427//2 3473//2
f 531//589 530//589 3429//589 3432//589
f 3469//2 3431//2 3430//2 3471//2
f 532//512 531//512 3432//512 3434//512
f 3467//2 3433//2 3431//2 3469//2
f 533//491 532//491 3434//491 3436//491
f 3466//617 3435//617 3433//617 3467//617
f 534//491 533//491 3436//491 3437//491
f 3463//647 3438//647 3435//647 3466//647
f 535//491 534//491 3437//491 3440//491
f 3461//648 3439//648 3438//648 3463//648
f 536//491 535//491 3440//491 3442//491
f 3459//649 3441//649 3439//649 3461//649
f 537//491 536//491 3442//491 3444//491
f 3457//650 3443//650 3441//650 3459//650
f 538//491 537//491 3444//491 3445//491
f 3455//651 3446//651 3443//651 3457//651
f 539//518 538//518 3445//518 3448//518
f 3451//652 3447//652 3446//652 3455//652
f 540//519 539//519 3448//519 3450//519
f 3449//2 3447//2 3451//2 3453//2
f 541//490 542//490 3454//490 3452//490
f 543//490 541//490 3452//490 3456//490
f 544//490 543//490 3456//490 3458//490
f 545//490 544//490 3458//490 3460//490
f 546//490 545//490 3460//490 3462//490
f 547//490 546//490 3462//490 3464//490
f 548//490 547//490 3464//490 3465//490
f 549//490 548//490 3465//490 3468//490
f 550//490 549//490 3468//490 3470//490
f 551//490 550//490 3470//490 3472//490
f 552//490 551//490 3472//490 3474//490
f 553//490 552//490 3474//490 3476//490
f 3479//2 3481//2 3482//2 3485//2
f 554//492 555//492 3483//492 3480//492
f 555//492 557//492 3486//492 3483//492
f 3485//2 3482//2 3487//2 3488//2
f 558//494 556//494 3484//494 3489//494
f 557//492 559//492 3490//492 3486//492
f 3488//2 3487//2 3491//2 3492//2
f 560//494 558//494 3489//494 3493//494
f 3492//2 3491//2 3495//2 3496//2
f 559//492 561//492 3494//492 3490//492
f 562//494 560//494 3493//494 3497//494
f 3496//2 3495//2 3498//2 3501//2
f 561//492 563//492 3499//492 3494//492
f 564//494 562//494 3497//494 3500//494
f 563//492 565//492 3502//492 3499//492
f 3501//2 3498//2 3503//2 3504//2
f 566//494 564//494 3500//494 3505//494
f 565//492 567//492 3506//492 3502//492
f 3504//2 3503//2 3507//2 3508//2
f 568//494 566//494 3505//494 3509//494
f 3508//2 3507//2 3511//2 3512//2
f 567//492 569//492 3510//492 3506//492
f 570//494 568//494 3509//494 3513//494
f 3512//2 3511//2 3514//2 3517//2
f 569//492 571//492 3515//492 3510//492
f 572//494 570//494 3513//494 3516//494
f 571//492 573//492 3518//492 3515//492
f 3517//2 3514//2 3519//2 3520//2
f 574//494 572//494 3516//494 3521//494
f 573//492 575//492 3522//492 3518//492
f 3520//2 3519//2 3523//2 3524//2
f 576//494 574//494 3521//494 3525//494
f 3524//2 3523//2 3527//2 3530//2
f 575//492 577//492 3526//492 3522//492
f 3530//2 3527//2 3531//2 3535//2
f 577//492 578//492 3532//492 3526//492
f 3530//2 3535//2 3537//2 3539//2
f 3535//2 3531//2 3577//2 3578//2
f 578//492 599//492 3576//492 3532//492
f 3539//2 3537//2 3541//2 3542//2
f 579//490 581//490 3540//490 3536//490
f 582//491 580//491 3538//491 3543//491
f 3542//2 3541//2 3545//2 3546//2
f 581//490 583//490 3544//490 3540//490
f 584//491 582//491 3543//491 3547//491
f 3546//2 3545//2 3548//2 3551//2
f 583//490 585//490 3549//490 3544//490
f 586//491 584//491 3547//491 3550//491
f 3551//2 3548//2 3553//2 3554//2
f 585//490 587//490 3552//490 3549//490
f 588//491 586//491 3550//491 3555//491
f 3554//2 3553//2 3557//2 3558//2
f 587//490 589//490 3556//490 3552//490
f 590//491 588//491 3555//491 3559//491
f 3558//2 3557//2 3561//2 3562//2
f 589//490 591//490 3560//490 3556//490
f 592//491 590//491 3559//491 3563//491
f 3562//2 3561//2 3564//2 3567//2
f 591//490 593//490 3565//490 3560//490
f 594//491 592//491 3563//491 3566//491
f 3567//2 3564//2 3569//2 3570//2
f 593//490 595//490 3568//490 3565//490
f 596//491 594//491 3566//491 3571//491
f 3570//2 3569//2 3572//2 3574//2
f 595//490 597//490 3573//490 3568//490
f 598//491 596//491 3571//491 3575//491
f 3578//2 3577//2 3580//2 3583//2
f 599//492 601//492 3581//492 3576//492
f 602//494 600//494 3579//494 3582//494
f 3583//2 3580//2 3585//2 3586//2
f 601//492 603//492 3584//492 3581//492
f 604//494 602//494 3582//494 3587//494
f 3586//2 3585//2 3589//2 3590//2
f 603//492 605//492 3588//492 3584//492
f 606//494 604//494 3587//494 3591//494
f 3590//2 3589//2 3593//2 3594//2
f 605//492 607//492 3592//492 3588//492
f 608//494 606//494 3591//494 3595//494
f 3594//2 3593//2 3596//2 3599//2
f 607//492 609//492 3597//492 3592//492
f 610//494 608//494 3595//494 3598//494
f 3599//2 3596//2 3601//2 3602//2
f 609//492 611//492 3600//492 3597//492
f 612//494 610//494 3598//494 3603//494
f 3602//2 3601//2 3605//2 3606//2
f 611//492 613//492 3604//492 3600//492
f 614//494 612//494 3603//494 3607//494
f 3606//2 3605//2 3609//2 3610//2
f 613//492 615//492 3608//492 3604//492
f 616//494 614//494 3607//494 3611//494
f 3610//2 3609//2 3612//2 3615//2
f 615//492 617//492 3613//492 3608//492
f 618//494 616//494 3611//494 3614//494
f 3615//2 3612//2 3617//2 3618//2
f 617//492 619//492 3616//492 3613//492
f 620//494 618//494 3614//494 3619//494
f 3618//2 3617//2 3621//2 3622//2
f 619//492 621//492 3620//492 3616//492
f 622//494 620//494 3619//494 3623//494
f 3622//2 3621//2 3625//2 3626//2
f 621//492 623//492 3624//492 3620//492
f 624//494 622//494 3623//494 3627//494
f 3626//2 3625//2 3628//2 3631//2
f 623//492 625//492 3629//492 3624//492
f 626//494 624//494 3627//494 3630//494
f 3631//2 3628//2 3633//2 3634//2
f 625//492 627//492 3632//492 3629//492
f 628//494 626//494 3630//494 3635//494
f 636//492 629//492 3636//492 3650//492
f 629//492 652//492 3685//492 3636//492
f 637//492 630//492 3638//492 3652//492
f 630//492 653//492 3687//492 3638//492
f 638//492 631//492 3640//492 3654//492
f 631//492 654//492 3689//492 3640//492
f 639//492 632//492 3642//492 3656//492
f 632//492 655//492 3691//492 3642//492
f 640//492 633//492 3644//492 3658//492
f 633//492 656//492 3693//492 3644//492
f 641//492 634//492 3646//492 3660//492
f 634//492 657//492 3695//492 3646//492
f 642//596 635//596 3648//596 3662//596
f 635//492 658//492 3697//492 3648//492
f 645//492 636//492 3650//492 3671//492
f 646//492 637//492 3652//492 3673//492
f 647//492 638//492 3654//492 3675//492
f 648//492 639//492 3656//492 3677//492
f 649//492 640//492 3658//492 3679//492
f 650//492 641//492 3660//492 3681//492
f 651//597 642//597 3662//597 3684//597
f 644//492 643//492 3664//492 3669//492
f 652//492 644//492 3669//492 3685//492
f 653//492 645//492 3671//492 3687//492
f 654//492 646//492 3673//492 3689//492
f 655//492 647//492 3675//492 3691//492
f 656//492 648//492 3677//492 3693//492
f 657//492 649//492 3679//492 3695//492
f 658//492 650//492 3681//492 3697//492
f 664//491 659//491 3699//491 3709//491
f 659//491 668//491 3720//491 3699//491
f 665//491 660//491 3701//491 3711//491
f 660//491 673//491 3730//491 3701//491
f 666//491 661//491 3703//491 3713//491
f 661//491 674//491 3732//491 3703//491
f 667//491 662//491 3705//491 3715//491
f 662//491 675//491 3734//491 3705//491
f 663//491 676//491 3736//491 3707//491
f 669//491 664//491 3709//491 3722//491
f 670//491 665//491 3711//491 3724//491
f 671//491 666//491 3713//491 3726//491
f 672//491 667//491 3715//491 3728//491
f 673//491 669//491 3722//491 3730//491
f 674//491 670//491 3724//491 3732//491
f 675//491 671//491 3726//491 3734//491
f 676//491 672//491 3728//491 3736//491
