# Blender 4.5.2 LTS
# www.blender.org
mtllib LectureOne.mtl
o Atrium
v 15.915335 -32.022297 -26.380184
v 15.915335 -32.022297 -26.977865
v 15.915335 -32.022297 -27.586840
v 15.915335 -32.022297 -28.199543
v 15.915335 -32.022297 -28.815704
v 15.915335 -32.022297 -29.436987
v 15.586685 -32.022297 -29.436987
v 15.267128 -32.022297 -29.436987
v 14.950504 -32.022297 -29.436987
v 14.634441 -32.022297 -29.436987
v 14.318429 -32.022297 -29.436987
v 13.036666 -32.022297 -27.927723
v 13.040584 -32.022297 -27.625975
v 13.033705 -32.022297 -28.229019
v 12.828263 -32.022297 -27.925495
v 12.825145 -32.022297 -28.227802
v 12.832353 -32.022297 -27.623306
v 11.254913 -32.022297 -29.436987
v 11.565176 -32.022297 -29.436987
v 11.254046 -32.022297 -26.099651
v 11.564554 -32.022297 -26.099651
v 10.943538 -32.022297 -26.099651
v 10.944656 -32.022297 -29.436987
v 10.634400 -32.022297 -29.436987
v 11.875489 -32.022297 -29.436987
v 12.186441 -32.022297 -29.436987
v 12.500718 -32.022297 -29.436987
v 12.825145 -32.022297 -29.436987
v 13.033705 -32.022297 -29.436987
v 13.365206 -32.022297 -29.436987
v 13.685613 -32.022297 -29.436987
v 14.002367 -32.022297 -29.436987
v 13.033705 -32.022297 -28.530560
v 13.033705 -32.022297 -28.832436
v 12.825145 -32.022297 -28.530312
v 12.825145 -32.022297 -28.832388
v 12.825145 -32.022297 -29.134548
v 13.033705 -32.022297 -29.134552
v 10.324143 -32.022297 -29.436987
v 10.013886 -32.022297 -29.436987
v 10.322516 -32.022297 -26.099651
v 8.757970 -32.022297 -27.923607
v 10.633025 -32.022297 -26.099651
v 8.757970 -32.022297 -27.621098
v 8.757970 -32.022297 -27.318588
v 8.531797 -32.022297 -27.621098
v 10.012008 -32.022297 -26.099651
v 9.701467 -32.022297 -26.099651
v 9.390498 -32.022297 -26.099651
v 8.757970 -32.022297 -27.016052
v 8.531797 -32.022297 -27.016077
v 8.757970 -32.022297 -26.713148
v 8.757970 -32.022297 -26.408245
v 8.531797 -32.022297 -26.713457
v 9.077300 -32.022297 -26.099651
v 8.757970 -32.022297 -26.098278
v 8.531797 -32.022297 -26.106983
v 8.222246 -32.022297 -26.108204
v 8.531797 -32.022297 -26.410236
v 7.918335 -32.022297 -26.109406
v 7.616083 -32.022297 -26.110661
v 7.309904 -32.022297 -26.114300
v 8.531797 -32.022297 -27.318588
v 6.984032 -32.022297 -26.138216
v 6.653172 -32.022297 -26.138216
v 5.658718 -32.022297 -27.643757
v 5.658718 -32.022297 -27.344997
v 5.658718 -32.022297 -27.046196
v 5.658718 -32.022297 -26.747002
v 5.658718 -32.022297 -26.445766
v 5.991334 -32.022297 -26.138216
v 6.322384 -32.022297 -26.138216
v 5.658718 -32.022297 -26.138216
v 2.563829 -32.022297 -13.934293
v 2.563838 -32.022297 -13.654364
v 5.658718 -32.022297 -29.436987
v 5.986016 -32.022297 -29.436987
v 6.304985 -32.022297 -29.436987
v 6.621249 -32.022297 -29.436987
v 6.937001 -32.022297 -29.436987
v 7.252714 -32.022297 -29.436987
v 7.568474 -32.022297 -29.436987
v 7.884778 -32.022297 -29.436987
v 8.203906 -32.022297 -29.436987
v 8.531797 -32.022297 -29.436987
v 8.757970 -32.022297 -29.436987
v 9.079395 -32.022297 -29.436987
v 9.392799 -32.022297 -29.436987
v 9.703589 -32.022297 -29.436987
v 8.757970 -32.022297 -28.528627
v 8.757970 -32.022297 -28.226114
v 8.531797 -32.022297 -28.226114
v 8.531797 -32.022297 -27.923607
v 8.531797 -32.022297 -28.528627
v 8.531797 -32.022297 -28.831173
v 8.757970 -32.022297 -28.831173
v 8.531797 -32.022297 -29.133900
v 8.757970 -32.022297 -29.133900
v 5.658718 -32.022297 -27.942511
v 5.658718 -32.022297 -28.241264
v 5.658718 -32.022297 -28.540018
v 5.658718 -32.022297 -28.838799
v 5.658718 -32.022297 -29.137739
v 11.875087 -32.022297 -26.099651
v 12.185901 -32.022297 -26.099651
v 12.836439 -32.022297 -27.321419
v 12.840528 -32.022297 -27.019728
v 13.048441 -32.022297 -27.022007
v 12.847001 -32.022297 -26.719839
v 13.052155 -32.022297 -26.719877
v 12.830217 -32.022297 -26.416262
v 12.498178 -32.022297 -26.099648
v 12.814323 -32.022297 -26.098358
v 13.052211 -32.022297 -26.115467
v 13.375010 -32.022297 -26.125452
v 13.692853 -32.022297 -26.135284
v 14.010145 -32.022297 -26.145100
v 14.327895 -32.022297 -26.151823
v 14.645189 -32.022297 -26.151823
v 14.962412 -32.022297 -26.151823
v 15.280630 -32.022297 -26.151823
v 15.606560 -32.022297 -26.151823
v 13.044510 -32.022297 -27.324066
v 13.052211 -32.022297 -26.416931
v 19.097221 -30.723591 -25.119625
v 19.059921 -30.723591 -25.703743
v 18.699722 -30.723591 -25.556297
v 18.695570 -30.723591 -25.703743
v 18.346142 -30.723591 -25.565033
v 18.032835 -30.723591 -25.565033
v 18.346472 -30.723591 -25.703743
v 18.032881 -30.723591 -25.703743
v 17.719231 -30.723591 -25.703743
v 17.719229 -30.723591 -25.565033
v 17.405512 -30.723591 -25.703743
v 17.405508 -30.723591 -25.565033
v 17.091801 -30.723591 -25.703743
v 17.091776 -30.723591 -25.565033
v 16.778124 -30.723591 -25.703743
v 16.778303 -30.723591 -25.565033
v 16.464369 -30.723591 -25.703840
v 16.467653 -30.723591 -25.565033
v 16.170515 -30.723591 -25.565033
v 15.915459 -30.723591 -25.669073
v 16.143908 -30.723591 -25.998257
v 15.915459 -30.723591 -25.965229
v 16.143908 -30.723591 -26.129503
v 16.143759 -30.723591 -26.462942
v 16.142591 -30.723591 -26.991228
v 16.140810 -30.723591 -27.587923
v 16.140289 -30.723591 -28.199404
v 16.140289 -30.723591 -28.815504
v 14.950554 -30.723591 -29.715456
v 14.634562 -30.723591 -29.715456
v 11.254171 -30.723591 -25.903584
v 10.944781 -30.723591 -29.715456
v 10.634525 -30.723591 -29.715456
v 11.255038 -30.723591 -29.715456
v 11.565299 -30.723591 -29.715456
v 11.875533 -30.723591 -29.715456
v 12.185544 -30.723591 -29.715456
v 12.494212 -30.723591 -29.715456
v 12.795611 -30.723591 -29.715456
v 13.066308 -30.723591 -29.715456
v 13.372433 -30.723591 -29.715456
v 13.686797 -30.723591 -29.715456
v 14.002569 -30.723591 -29.715456
v 14.318554 -30.723591 -29.715456
v 10.324268 -30.723591 -29.715456
v 10.014012 -30.723591 -29.715456
v 10.012133 -30.723591 -25.903584
v 9.701633 -30.723591 -25.903584
v 9.082478 -30.723591 -25.903584
v 8.781835 -30.723591 -25.905577
v 8.510537 -30.723591 -25.908279
v 8.216770 -30.723591 -25.911579
v 7.916101 -30.723591 -25.914959
v 7.613045 -30.723591 -25.918365
v 6.981400 -30.723591 -25.921873
v 5.429896 -30.723591 -27.344847
v 5.430078 -30.723591 -27.643578
v 5.429712 -30.723591 -27.046095
v 5.429528 -30.723591 -26.747477
v 5.429410 -30.723591 -26.449856
v 6.322334 -30.723591 -25.921873
v 5.991449 -30.723591 -25.921873
v 6.652302 -30.723591 -25.921873
v 5.429410 -30.723591 -25.921455
v 5.658842 -30.723591 -25.712763
v 5.110648 -30.723591 -25.705969
v 5.429410 -30.723591 -25.553679
v 5.110648 -30.723591 -25.552788
v 4.791885 -30.723591 -25.552788
v 4.473123 -30.723591 -25.552788
v 4.791885 -30.723591 -25.705969
v 4.473123 -30.723591 -25.705969
v 4.154360 -30.723591 -25.705969
v 3.835598 -30.723591 -25.705969
v 4.154360 -30.723591 -25.552788
v 3.835597 -30.723591 -25.552788
v 3.516829 -30.723591 -25.552788
v 3.197585 -30.723591 -25.552820
v 3.516834 -30.723591 -25.705969
v 3.198463 -30.723591 -25.705969
v 2.878632 -30.723591 -25.705969
v 2.880795 -30.723591 -25.556616
v 2.563150 -30.723591 -25.113825
v 2.280666 -30.723591 -25.413412
v 2.279560 -30.723591 -25.701729
v 2.284876 -30.723591 -25.103794
v 2.284478 -30.723591 -24.793352
v 2.562882 -30.723591 -24.795332
v 2.283565 -30.723591 -24.483498
v 2.562699 -30.723591 -24.483475
v 2.283214 -30.723591 -24.173801
v 2.562697 -30.723591 -24.173796
v 2.283114 -30.723591 -23.864096
v 2.562697 -30.723591 -23.864096
v 2.283089 -30.723591 -23.554390
v 2.562697 -30.723591 -23.554390
v 2.283082 -30.723591 -23.244684
v 2.562697 -30.723591 -23.244684
v 2.283080 -30.723591 -22.934978
v 2.562697 -30.723591 -22.934977
v 2.283080 -30.723591 -22.625271
v 2.562697 -30.723591 -22.625271
v 2.283079 -30.723591 -22.315565
v 2.562697 -30.723591 -22.315565
v 2.283080 -30.723591 -22.005859
v 2.562697 -30.723591 -22.005859
v 2.283080 -30.723591 -21.696154
v 2.562697 -30.723591 -21.696152
v 2.283079 -30.723591 -21.386446
v 2.562697 -30.723591 -21.386444
v 2.283079 -30.723591 -21.076740
v 2.562697 -30.723591 -21.076740
v 2.283077 -30.723591 -20.767035
v 2.562697 -30.723591 -20.767035
v 2.283079 -30.723591 -20.457327
v 2.562697 -30.723591 -20.457327
v 2.283079 -30.723591 -20.147621
v 2.562697 -30.723591 -20.147623
v 2.283076 -30.723591 -19.837915
v 2.562697 -30.723591 -19.837917
v 2.283070 -30.723591 -19.528208
v 2.562697 -30.723591 -19.528210
v 2.283051 -30.723591 -19.218504
v 2.562697 -30.723591 -19.218512
v 2.282995 -30.723591 -18.908796
v 2.282913 -30.723591 -18.599102
v 2.562697 -30.723591 -18.908884
v 2.562697 -30.723591 -18.599928
v 2.562697 -30.723591 -18.292524
v 2.562697 -30.723591 -17.980801
v 2.282920 -30.723591 -18.294071
v 2.282996 -30.723591 -17.980970
v 2.283051 -30.723591 -17.668001
v 2.562697 -30.723591 -17.667982
v 2.283070 -30.723591 -17.355024
v 2.562697 -30.723591 -17.355017
v 2.283075 -30.723591 -17.042048
v 2.562697 -30.723591 -17.042044
v 2.283079 -30.723591 -16.729071
v 2.562697 -30.723591 -16.729069
v 2.283079 -30.723591 -16.416094
v 2.562697 -30.723591 -16.416092
v 2.283079 -30.723591 -16.103115
v 2.562697 -30.723591 -16.103115
v 2.283079 -30.723591 -15.790138
v 2.562697 -30.723591 -15.790138
v 2.283080 -30.723591 -15.477161
v 2.562697 -30.723591 -15.477154
v 2.283086 -30.723591 -15.164185
v 2.562697 -30.723591 -15.164083
v 2.283107 -30.723591 -14.851187
v 2.562697 -30.723591 -14.850264
v 2.283159 -30.723591 -14.537924
v 2.562697 -30.723591 -14.532875
v 2.283198 -30.723591 -14.224285
v 2.283499 -30.723591 -13.936691
v 2.283506 -30.723591 -13.651793
v 2.283210 -30.723591 -13.363983
v 2.846806 -30.723591 -13.655956
v 2.562697 -30.723591 -13.057424
v 2.283160 -30.723591 -13.052655
v 2.562697 -30.723591 -12.742076
v 2.283098 -30.723591 -12.741216
v 2.562697 -30.723591 -12.430125
v 2.283049 -30.723591 -12.430041
v 2.562697 -30.723591 -12.118882
v 2.282947 -30.723591 -12.118885
v 2.562697 -30.723591 -11.807636
v 2.282599 -30.723591 -11.807728
v 2.562697 -30.723591 -11.495680
v 2.281275 -30.723591 -11.496556
v 2.562697 -30.723591 -11.180289
v 2.276113 -30.723591 -11.185183
v 2.257484 -30.723591 -10.875001
v 2.553263 -30.723591 -10.587677
v 2.874769 -30.723591 -10.587677
v 3.189126 -30.723591 -10.587677
v 2.876010 -30.723591 -10.855827
v 3.189191 -30.723591 -10.855827
v 3.502176 -30.723591 -10.855827
v 3.815138 -30.723591 -10.855827
v 3.502177 -30.723591 -10.587677
v 3.815139 -30.723591 -10.587677
v 4.128100 -30.723591 -10.587677
v 4.441062 -30.723591 -10.587677
v 4.128100 -30.723591 -10.855827
v 4.441062 -30.723591 -10.855827
v 4.754018 -30.723591 -10.855827
v 5.066927 -30.723591 -10.855827
v 4.754016 -30.723591 -10.587677
v 5.066906 -30.723591 -10.587677
v 5.379566 -30.723591 -10.587677
v 5.691597 -30.723591 -10.587677
v 5.379799 -30.723591 -10.855827
v 5.693211 -30.723591 -10.855827
v 6.009503 -30.723591 -10.855827
v 6.335702 -30.723591 -10.560012
v 6.335702 -30.723591 -10.235181
v 6.335702 -30.723591 -9.902884
v 5.991486 -30.723591 -10.243942
v 5.991410 -30.723591 -9.902910
v 5.991410 -30.723591 -9.569231
v 5.991410 -30.723591 -9.234074
v 6.335715 -30.723591 -9.569814
v 6.337936 -30.723591 -9.240913
v 6.357273 -30.723587 -8.607171
v 5.991410 -30.723591 -8.895351
v 6.674974 -30.723591 -8.895953
v 6.993637 -30.723591 -8.895953
v 6.674931 -30.723587 -8.607171
v 6.993635 -30.723587 -8.607171
v 7.312350 -30.723587 -8.607171
v 7.631064 -30.723587 -8.607171
v 7.312348 -30.723591 -8.895953
v 7.631063 -30.723591 -8.895953
v 7.949774 -30.723591 -8.895953
v 8.268485 -30.723591 -8.895953
v 7.949774 -30.723587 -8.607171
v 8.268488 -30.723587 -8.607171
v 8.587199 -30.723587 -8.607171
v 8.905911 -30.723587 -8.607171
v 8.587197 -30.723591 -8.895953
v 8.905910 -30.723591 -8.895953
v 9.224623 -30.723591 -8.895953
v 9.543333 -30.723591 -8.895953
v 9.224624 -30.723587 -8.607171
v 9.543333 -30.723587 -8.607171
v 9.862047 -30.723587 -8.607171
v 10.180759 -30.723587 -8.607171
v 9.862044 -30.723591 -8.895953
v 10.180758 -30.723591 -8.895953
v 10.499469 -30.723591 -8.895953
v 10.818179 -30.723591 -8.895953
v 10.499471 -30.723587 -8.607171
v 10.818179 -30.723587 -8.607171
v 11.136892 -30.723587 -8.607171
v 11.455603 -30.723587 -8.607171
v 11.136892 -30.723591 -8.895953
v 11.455603 -30.723591 -8.895953
v 11.774315 -30.723591 -8.895953
v 12.093026 -30.723591 -8.895953
v 11.774315 -30.723587 -8.607171
v 12.093026 -30.723587 -8.607171
v 12.411738 -30.723587 -8.607171
v 12.730453 -30.723587 -8.607171
v 12.411738 -30.723591 -8.895953
v 12.730453 -30.723591 -8.895953
v 13.049162 -30.723591 -8.895953
v 13.367873 -30.723591 -8.895953
v 13.049162 -30.723587 -8.607171
v 13.367873 -30.723587 -8.607171
v 13.686585 -30.723587 -8.607171
v 14.005300 -30.723587 -8.607171
v 13.686585 -30.723591 -8.895953
v 14.005298 -30.723591 -8.895953
v 14.324010 -30.723591 -8.895953
v 14.642712 -30.723591 -8.895953
v 14.324012 -30.723587 -8.607171
v 14.642729 -30.723587 -8.607171
v 14.960695 -30.723587 -8.607171
v 14.955702 -30.723591 -8.895953
v 15.329006 -30.723587 -8.658006
v 15.584631 -30.723591 -8.898685
v 15.585445 -30.723591 -9.234401
v 15.585445 -30.723591 -9.566212
v 15.258619 -30.723591 -9.234504
v 15.258619 -30.723591 -9.566212
v 15.258619 -30.723591 -9.897894
v 15.258619 -30.723591 -10.228088
v 15.585445 -30.723591 -9.897898
v 15.585445 -30.723591 -10.232521
v 15.895105 -30.723591 -10.573231
v 15.579903 -30.723591 -10.852248
v 15.258619 -30.723591 -10.552335
v 15.893986 -30.723591 -10.852248
v 16.205959 -30.723591 -10.852248
v 16.517513 -30.723591 -10.852248
v 16.206114 -30.723591 -10.573231
v 16.517517 -30.723591 -10.573231
v 16.829014 -30.723591 -10.573231
v 17.140509 -30.723591 -10.573231
v 16.829014 -30.723591 -10.852248
v 17.140509 -30.723591 -10.852248
v 17.452005 -30.723591 -10.852248
v 17.763502 -30.723591 -10.852248
v 17.452002 -30.723591 -10.573231
v 17.763502 -30.723591 -10.573231
v 18.074953 -30.723591 -10.573231
v 18.385990 -30.723591 -10.573231
v 18.075134 -30.723591 -10.852248
v 18.388666 -30.723591 -10.852248
v 18.712498 -30.723591 -10.852248
v 18.694075 -30.723591 -10.573231
v 18.972282 -30.723591 -10.573231
v 19.241714 -30.723591 -10.864627
v 19.284531 -30.723591 -11.171011
v 19.066803 -30.723591 -11.168377
v 19.296562 -30.723591 -11.480645
v 19.066803 -30.723591 -11.480203
v 19.299561 -30.723591 -11.790497
v 19.066803 -30.723591 -11.790451
v 19.300312 -30.723591 -12.100362
v 19.066803 -30.723591 -12.100362
v 19.300510 -30.723591 -12.410228
v 19.066803 -30.723591 -12.410228
v 19.300560 -30.723591 -12.720093
v 19.066803 -30.723591 -12.720095
v 19.300575 -30.723591 -13.029959
v 19.066803 -30.723591 -13.029961
v 19.300583 -30.723591 -13.339827
v 19.066803 -30.723591 -13.339825
v 19.300583 -30.723591 -13.649687
v 19.066803 -30.723591 -13.649689
v 19.300583 -30.723591 -13.959555
v 19.066803 -30.723591 -13.959553
v 19.300583 -30.723591 -14.269423
v 19.066803 -30.723591 -14.269421
v 19.300583 -30.723591 -14.579285
v 19.066803 -30.723591 -14.579285
v 19.300583 -30.723591 -14.889153
v 19.066803 -30.723591 -14.889151
v 19.300583 -30.723591 -15.199018
v 19.066803 -30.723591 -15.199018
v 19.300583 -30.723591 -15.508883
v 19.066803 -30.723591 -15.508883
v 19.300583 -30.723591 -15.818748
v 19.066803 -30.723591 -15.818748
v 19.300583 -30.723591 -16.128614
v 19.066803 -30.723591 -16.128614
v 19.300583 -30.723591 -16.438480
v 19.066803 -30.723591 -16.438480
v 19.300583 -30.723591 -16.748346
v 19.066803 -30.723591 -16.748346
v 19.300583 -30.723591 -17.058212
v 19.066803 -30.723591 -17.058210
v 19.300583 -30.723591 -17.368078
v 19.066803 -30.723591 -17.368078
v 19.300583 -30.723591 -17.677942
v 19.066803 -30.723591 -17.677942
v 19.300583 -30.723591 -17.987810
v 19.066803 -30.723591 -17.987810
v 19.300583 -30.723591 -18.297674
v 19.066803 -30.723591 -18.297674
v 19.300583 -30.723591 -18.607540
v 19.066803 -30.723591 -18.607540
v 19.300583 -30.723591 -18.917406
v 19.066803 -30.723591 -18.917406
v 19.300583 -30.723591 -19.227270
v 19.066803 -30.723591 -19.227270
v 19.300583 -30.723591 -19.537136
v 19.066803 -30.723591 -19.537136
v 19.300583 -30.723591 -19.847002
v 19.066803 -30.723591 -19.847002
v 19.300583 -30.723591 -20.156868
v 19.066803 -30.723591 -20.156868
v 19.300583 -30.723591 -20.466734
v 19.066803 -30.723591 -20.466734
v 19.300583 -30.723591 -20.776598
v 19.066803 -30.723591 -20.776598
v 19.300583 -30.723591 -21.086464
v 19.066803 -30.723591 -21.086464
v 19.300583 -30.723591 -21.396330
v 19.066803 -30.723591 -21.396330
v 19.300583 -30.723591 -21.706196
v 19.066803 -30.723591 -21.706196
v 19.300583 -30.723591 -22.016062
v 19.066803 -30.723591 -22.016062
v 19.300583 -30.723591 -22.325928
v 19.066803 -30.723591 -22.325928
v 19.300583 -30.723591 -22.635794
v 19.066803 -30.723591 -22.635794
v 19.300583 -30.723591 -22.945658
v 19.066803 -30.723591 -22.945658
v 19.300583 -30.723591 -23.255524
v 19.066803 -30.723591 -23.255524
v 19.300575 -30.723591 -23.565390
v 19.066803 -30.723591 -23.565390
v 19.300560 -30.723591 -23.875265
v 19.066803 -30.723591 -23.875429
v 19.300621 -30.723591 -24.185167
v 19.066803 -30.723591 -24.186094
v 19.301304 -30.723591 -24.494959
v 19.066936 -30.723591 -24.498621
v 19.302971 -30.723591 -24.804489
v 19.075146 -30.723591 -24.812084
v 19.299107 -30.723591 -25.114189
v 2.846806 -30.723591 -13.932047
v 2.281416 -30.723591 -25.992834
v 2.562697 -30.723591 -25.993029
v 2.282482 -30.723591 -26.282999
v 2.562697 -30.723591 -26.283026
v 2.282884 -30.723591 -26.573158
v 2.562697 -30.723591 -26.573160
v 2.283018 -30.723591 -26.863319
v 2.562697 -30.723591 -26.863222
v 2.283066 -30.723591 -27.153513
v 2.562697 -30.723591 -27.152905
v 2.283126 -30.723591 -27.444166
v 2.562697 -30.723591 -27.441088
v 2.283442 -30.723591 -27.736074
v 2.562697 -30.723591 -27.725441
v 2.283435 -30.723591 -27.991461
v 2.562697 -30.723591 -28.001055
v 2.283123 -30.723591 -28.281366
v 2.562697 -30.723591 -28.284302
v 2.283092 -30.723591 -28.570591
v 2.562697 -30.723591 -28.571171
v 2.283115 -30.723591 -28.859373
v 2.562697 -30.723591 -28.859453
v 2.283181 -30.723591 -29.148127
v 2.562697 -30.723591 -29.148088
v 2.283265 -30.723591 -29.436968
v 2.562697 -30.723591 -29.715456
v 2.880536 -30.723591 -29.715456
v 2.880542 -30.723591 -29.436775
v 3.197657 -30.723591 -29.715456
v 3.197662 -30.723591 -29.436775
v 3.514414 -30.723591 -29.715456
v 3.514414 -30.723591 -29.436775
v 3.831096 -30.723591 -29.715456
v 3.831096 -30.723591 -29.436775
v 4.147776 -30.723591 -29.715456
v 4.147777 -30.723591 -29.436775
v 4.464437 -30.723591 -29.715456
v 4.464504 -30.723591 -29.436775
v 4.780884 -30.723591 -29.715456
v 4.781754 -30.723591 -29.436775
v 5.095974 -30.723591 -29.715456
v 5.101724 -30.723591 -29.436775
v 5.404035 -30.723591 -29.715456
v 5.684120 -30.723591 -29.715456
v 5.991656 -30.723591 -29.715456
v 6.305930 -30.723591 -29.715456
v 6.621434 -30.723591 -29.715456
v 6.937125 -30.723591 -29.715456
v 7.252838 -30.723591 -29.715456
v 7.568528 -30.723591 -29.715456
v 7.884001 -30.723591 -29.715456
v 8.198074 -30.723591 -29.715456
v 8.504795 -30.723591 -29.715456
v 8.782055 -30.723591 -29.715456
v 9.084790 -30.723591 -29.715456
v 9.393714 -30.723591 -29.715456
v 9.703775 -30.723591 -29.715456
v 5.430145 -30.723591 -27.942310
v 5.430145 -30.723591 -28.241055
v 5.430145 -30.723591 -28.539806
v 5.430145 -30.723591 -28.838587
v 5.430145 -30.723591 -29.137527
v 5.429410 -30.723591 -26.156984
v 7.304402 -30.723591 -25.921785
v 9.391305 -30.723591 -25.903584
v 10.322641 -30.723591 -25.903584
v 10.633150 -30.723591 -25.903584
v 10.943663 -30.723591 -25.903584
v 11.564679 -30.723591 -25.903584
v 11.875182 -30.723591 -25.903584
v 12.185548 -30.723591 -25.903584
v 12.494714 -30.723591 -25.903591
v 12.797889 -30.723591 -25.905104
v 13.082392 -30.723591 -25.909128
v 13.388803 -30.723591 -25.931852
v 13.702448 -30.723591 -25.955122
v 14.016745 -30.723591 -25.978439
v 14.330235 -30.723591 -25.997221
v 14.645923 -30.723591 -25.997221
v 14.962578 -30.723591 -25.997221
v 15.279722 -30.723591 -25.997221
v 15.598265 -30.723591 -25.997221
v 15.266319 -30.723591 -29.715456
v 15.580618 -30.723591 -29.715456
v 15.887127 -30.723591 -29.715456
v 16.162302 -30.723591 -29.715456
v 16.460180 -30.723591 -29.715456
v 16.455288 -30.723591 -29.436775
v 16.763519 -30.723591 -29.715456
v 16.762775 -30.723591 -29.436775
v 17.067869 -30.723591 -29.715456
v 17.067816 -30.723591 -29.436775
v 17.372389 -30.723591 -29.715456
v 17.372389 -30.723591 -29.436775
v 17.676929 -30.723591 -29.715456
v 17.676929 -30.723591 -29.436775
v 17.981466 -30.723591 -29.715456
v 17.981466 -30.723591 -29.436775
v 18.286005 -30.723591 -29.715456
v 18.286005 -30.723591 -29.436775
v 18.590395 -30.723591 -29.715456
v 18.590395 -30.723591 -29.436775
v 18.894073 -30.723591 -29.715456
v 18.894073 -30.723591 -29.436775
v 19.153755 -30.723591 -29.715456
v 19.360668 -30.723591 -29.431730
v 19.365360 -30.723591 -29.120331
v 19.196354 -30.723591 -29.121525
v 19.365360 -30.723591 -28.809933
v 19.196354 -30.723591 -28.810137
v 19.365360 -30.723591 -28.500010
v 19.196354 -30.723591 -28.500029
v 19.365360 -30.723591 -28.190168
v 19.196354 -30.723591 -28.190168
v 19.365360 -30.723591 -27.880331
v 19.196354 -30.723591 -27.880331
v 19.365360 -30.723591 -27.570494
v 19.196354 -30.723591 -27.570494
v 19.365360 -30.723591 -27.260656
v 19.196354 -30.723591 -27.260656
v 19.365360 -30.723591 -26.950819
v 19.196354 -30.723591 -26.950819
v 19.365360 -30.723591 -26.640980
v 19.196354 -30.723591 -26.640978
v 19.365360 -30.723591 -26.331142
v 19.196354 -30.723591 -26.331144
v 19.365360 -30.723591 -26.021292
v 19.196354 -30.723591 -26.021248
v 19.365360 -30.723591 -25.706678
v 15.915606 -29.203844 -26.379725
v 15.915606 -29.203844 -26.977406
v 15.915606 -29.203844 -27.586380
v 15.915606 -29.203844 -28.199083
v 15.915606 -29.203844 -28.815245
v 15.915606 -29.203844 -29.436527
v 15.586956 -29.203844 -29.436527
v 15.267399 -29.203844 -29.436527
v 14.950775 -29.203844 -29.436527
v 14.634712 -29.203844 -29.436527
v 14.318700 -29.203844 -29.436527
v 13.036937 -29.203844 -27.927263
v 13.040854 -29.203844 -27.625515
v 13.033976 -29.203844 -28.228559
v 12.828534 -29.203844 -27.925035
v 12.825416 -29.203844 -28.227343
v 12.832623 -29.203844 -27.622847
v 11.255184 -29.203844 -29.436527
v 11.565447 -29.203844 -29.436527
v 11.254316 -29.203844 -26.099192
v 11.564825 -29.203844 -26.099192
v 10.943809 -29.203844 -26.099192
v 10.944927 -29.203844 -29.436527
v 10.634671 -29.203844 -29.436527
v 11.875759 -29.203844 -29.436527
v 12.186712 -29.203844 -29.436527
v 12.500988 -29.203844 -29.436527
v 12.825416 -29.203844 -29.436527
v 13.033976 -29.203844 -29.436527
v 13.365477 -29.203844 -29.436527
v 13.685884 -29.203844 -29.436527
v 14.002638 -29.203844 -29.436527
v 13.033976 -29.203844 -28.530100
v 13.033976 -29.203844 -28.831976
v 12.825416 -29.203844 -28.529852
v 12.825416 -29.203844 -28.831928
v 12.825416 -29.203844 -29.134089
v 13.033976 -29.203844 -29.134092
v 10.324414 -29.203844 -29.436527
v 10.014156 -29.203844 -29.436527
v 10.322787 -29.203844 -26.099192
v 8.758240 -29.203844 -27.923147
v 10.633296 -29.203844 -26.099192
v 8.758240 -29.203844 -27.620638
v 8.758240 -29.203844 -27.318129
v 8.532068 -29.203844 -27.620638
v 10.012278 -29.203844 -26.099192
v 9.701736 -29.203844 -26.099192
v 9.390768 -29.203844 -26.099192
v 8.758240 -29.203844 -27.015593
v 8.532068 -29.203844 -27.015617
v 8.758240 -29.203844 -26.712688
v 8.758240 -29.203844 -26.407785
v 8.532068 -29.203844 -26.712997
v 9.077570 -29.203844 -26.099192
v 8.758240 -29.203844 -26.097818
v 8.532068 -29.203844 -26.106524
v 8.222517 -29.203844 -26.107744
v 8.532068 -29.203844 -26.409777
v 7.918606 -29.203844 -26.108946
v 7.616354 -29.203844 -26.110201
v 7.310175 -29.203844 -26.113840
v 8.532068 -29.203844 -27.318129
v 6.984303 -29.203844 -26.137756
v 6.653442 -29.203844 -26.137756
v 5.658988 -29.203844 -27.643297
v 5.658988 -29.203844 -27.344538
v 5.658988 -29.203844 -27.045736
v 5.658988 -29.203844 -26.746542
v 5.658988 -29.203844 -26.445307
v 5.991605 -29.203844 -26.137756
v 6.322654 -29.203844 -26.137756
v 5.658988 -29.203844 -26.137756
v 2.564100 -29.203844 -13.933832
v 2.564109 -29.203844 -13.653904
v 5.658988 -29.203844 -29.436527
v 5.986287 -29.203844 -29.436527
v 6.305255 -29.203844 -29.436527
v 6.621519 -29.203844 -29.436527
v 6.937271 -29.203844 -29.436527
v 7.252985 -29.203844 -29.436527
v 7.568745 -29.203844 -29.436527
v 7.885049 -29.203844 -29.436527
v 8.204177 -29.203844 -29.436527
v 8.532068 -29.203844 -29.436527
v 8.758240 -29.203844 -29.436527
v 9.079666 -29.203844 -29.436527
v 9.393070 -29.203844 -29.436527
v 9.703859 -29.203844 -29.436527
v 8.758240 -29.203844 -28.528168
v 8.758240 -29.203844 -28.225655
v 8.532068 -29.203844 -28.225655
v 8.532068 -29.203844 -27.923147
v 8.532068 -29.203844 -28.528168
v 8.532068 -29.203844 -28.830713
v 8.758240 -29.203844 -28.830713
v 8.532068 -29.203844 -29.133440
v 8.758240 -29.203844 -29.133440
v 5.658988 -29.203844 -27.942051
v 5.658988 -29.203844 -28.240805
v 5.658988 -29.203844 -28.539558
v 5.658988 -29.203844 -28.838339
v 5.658988 -29.203844 -29.137280
v 11.875357 -29.203844 -26.099192
v 12.186171 -29.203844 -26.099192
v 12.836710 -29.203844 -27.320959
v 12.840798 -29.203844 -27.019268
v 13.048712 -29.203844 -27.021547
v 12.847272 -29.203844 -26.719379
v 13.052425 -29.203844 -26.719418
v 12.830488 -29.203844 -26.415802
v 12.498447 -29.203844 -26.099188
v 12.814594 -29.203844 -26.097898
v 13.052482 -29.203844 -26.115007
v 13.375280 -29.203844 -26.124992
v 13.693124 -29.203844 -26.134825
v 14.010416 -29.203844 -26.144640
v 14.328166 -29.203844 -26.151363
v 14.645460 -29.203844 -26.151363
v 14.962683 -29.203844 -26.151363
v 15.280901 -29.203844 -26.151363
v 15.606831 -29.203844 -26.151363
v 13.044781 -29.203844 -27.323606
v 13.052482 -29.203844 -26.416471
v 19.097012 -31.990305 -25.413990
v 19.066181 -31.990305 -25.454556
v 19.128988 -32.022297 -25.469194
v 19.265865 -31.990305 -25.390587
v 19.226200 -32.022297 -25.454767
v 19.294048 -31.990305 -25.421978
v 19.129091 -32.022297 -25.118975
v 19.097099 -31.990305 -25.119831
v 19.064409 -32.022297 -25.671961
v 19.059799 -31.990305 -25.703949
v 18.699600 -31.990305 -25.556503
v 18.698689 -32.022297 -25.588821
v 18.695450 -31.990305 -25.703949
v 18.696346 -32.022297 -25.671961
v 18.346020 -31.990305 -25.565239
v 18.346094 -32.022297 -25.597462
v 18.032715 -31.990305 -25.565239
v 18.032722 -32.022297 -25.597408
v 18.346272 -32.022297 -25.671959
v 18.346352 -31.990305 -25.703949
v 18.032745 -32.022297 -25.671959
v 18.032761 -31.990305 -25.703949
v 17.719107 -32.022297 -25.671959
v 17.719109 -31.990305 -25.703949
v 17.719105 -32.022297 -25.597366
v 17.719109 -31.990305 -25.565239
v 17.405388 -32.022297 -25.671957
v 17.405392 -31.990305 -25.703949
v 17.405384 -32.022297 -25.597338
v 17.405388 -31.990305 -25.565239
v 17.091671 -32.022297 -25.671955
v 17.091679 -31.990305 -25.703949
v 17.091658 -32.022297 -25.597317
v 17.091656 -31.990305 -25.565239
v 16.778042 -32.022297 -25.671951
v 16.778004 -31.990305 -25.703949
v 16.778137 -32.022297 -25.597301
v 16.778183 -31.990305 -25.565239
v 16.465002 -32.022297 -25.672047
v 16.464249 -31.990305 -25.704046
v 16.466770 -32.022297 -25.597290
v 16.467533 -31.990305 -25.565239
v 16.175749 -31.990305 -25.716564
v 16.111805 -32.022297 -25.687370
v 16.143787 -31.990305 -25.749943
v 16.164808 -32.022297 -25.597286
v 16.170395 -31.990305 -25.565239
v 15.947327 -32.022297 -25.676102
v 15.915338 -31.990305 -25.669279
v 16.111805 -32.022297 -25.993845
v 16.143787 -31.990305 -25.998463
v 15.947327 -32.022297 -25.970066
v 15.915338 -31.990305 -25.965435
v 16.111807 -32.022297 -26.111198
v 16.143787 -31.990305 -26.129709
v 15.883346 -31.990305 -25.997427
v 15.947327 -32.022297 -26.029448
v 15.915338 -31.990305 -25.965435
v 16.111658 -32.022297 -26.451532
v 16.143639 -31.990305 -26.463148
v 16.110472 -32.022297 -26.989529
v 16.142471 -31.990305 -26.991434
v 16.108686 -32.022297 -27.587952
v 16.140690 -31.990305 -27.588129
v 16.108168 -32.022297 -28.199604
v 16.140167 -31.990305 -28.199610
v 16.108168 -32.022297 -28.815714
v 16.140167 -31.990305 -28.815710
v 16.140167 -31.990305 -29.404989
v 16.108168 -32.022297 -29.468979
v 16.172161 -31.990305 -29.436981
v 14.950433 -31.990305 -29.715664
v 14.950438 -32.022297 -29.683676
v 14.634440 -31.990305 -29.715664
v 14.634438 -32.022297 -29.683676
v 11.254046 -32.022297 -25.935774
v 11.254049 -31.990305 -25.903790
v 10.944659 -31.990305 -29.715664
v 10.944656 -32.022297 -29.683676
v 10.634400 -32.022297 -29.683676
v 10.634403 -31.990305 -29.715664
v 11.254916 -31.990305 -29.715664
v 11.254913 -32.022297 -29.683676
v 11.565177 -31.990305 -29.715664
v 11.565174 -32.022297 -29.683676
v 11.875411 -31.990305 -29.715664
v 11.875418 -32.022297 -29.683676
v 12.185422 -31.990305 -29.715664
v 12.185536 -32.022297 -29.683676
v 12.494090 -31.990305 -29.715664
v 12.494848 -32.022297 -29.683676
v 12.795489 -31.990305 -29.715664
v 12.798891 -32.022297 -29.683676
v 13.066186 -31.990305 -29.715664
v 13.062454 -32.022297 -29.683676
v 13.372311 -31.990305 -29.715664
v 13.371492 -32.022297 -29.683676
v 13.686675 -31.990305 -29.715664
v 13.686550 -32.022297 -29.683676
v 14.002447 -31.990305 -29.715664
v 14.002436 -32.022297 -29.683676
v 14.318432 -31.990305 -29.715664
v 14.318429 -32.022297 -29.683676
v 10.324143 -32.022297 -29.683676
v 10.324146 -31.990305 -29.715664
v 10.013887 -32.022297 -29.683676
v 10.013890 -31.990305 -29.715664
v 10.012008 -32.022297 -25.935785
v 10.012011 -31.990305 -25.903790
v 9.701502 -32.022297 -25.935787
v 9.701511 -31.990305 -25.903790
v 9.081528 -32.022297 -25.935793
v 9.082355 -31.990305 -25.903790
v 8.777761 -32.022297 -25.937809
v 8.781713 -31.990305 -25.905783
v 8.513855 -32.022297 -25.940441
v 8.510415 -31.990305 -25.908485
v 8.217557 -32.022297 -25.943771
v 8.216648 -31.990305 -25.911785
v 7.916365 -32.022297 -25.947159
v 7.915979 -31.990305 -25.915165
v 7.613447 -32.022297 -25.950565
v 7.612923 -31.990305 -25.918571
v 6.981683 -32.022297 -25.954071
v 6.981277 -31.990305 -25.922079
v 5.461763 -32.022297 -27.345051
v 5.429774 -31.990305 -27.345053
v 5.429956 -31.990305 -27.643784
v 5.461946 -32.022297 -27.643784
v 5.461579 -32.022297 -27.046291
v 5.429590 -31.990305 -27.046301
v 5.461396 -32.022297 -26.747593
v 5.429407 -31.990305 -26.747683
v 5.461277 -32.022297 -26.449467
v 5.429288 -31.990305 -26.450062
v 6.322236 -32.022297 -25.954073
v 6.322213 -31.990305 -25.922079
v 5.991327 -31.990305 -25.922079
v 5.991326 -32.022297 -25.954073
v 6.652325 -32.022297 -25.954073
v 6.652181 -31.990305 -25.922079
v 5.690712 -31.990305 -25.922079
v 5.658720 -31.990305 -25.890087
v 5.626726 -32.022297 -25.954075
v 5.429288 -31.990305 -25.921661
v 5.461277 -32.022297 -25.921726
v 5.658720 -31.990305 -25.712969
v 5.626726 -32.022297 -25.712471
v 5.658720 -31.990305 -25.587187
v 5.626729 -31.990305 -25.555012
v 5.626726 -32.022297 -25.587063
v 5.397298 -31.990305 -25.709042
v 5.429288 -31.990305 -25.741354
v 5.461277 -32.022297 -25.677696
v 5.110523 -32.022297 -25.674189
v 5.110526 -31.990305 -25.706175
v 5.429286 -32.022297 -25.585938
v 5.429288 -31.990305 -25.553885
v 5.110526 -31.990305 -25.552994
v 5.110523 -32.022297 -25.585052
v 4.791764 -31.990305 -25.552994
v 4.791761 -32.022297 -25.585064
v 4.473001 -31.990305 -25.552994
v 4.472999 -32.022297 -25.585081
v 4.791764 -31.990305 -25.706175
v 4.791761 -32.022297 -25.674189
v 4.472999 -32.022297 -25.674189
v 4.473001 -31.990305 -25.706175
v 4.154236 -32.022297 -25.674189
v 4.154239 -31.990305 -25.706175
v 3.835474 -32.022297 -25.674189
v 3.835476 -31.990305 -25.706175
v 4.154236 -32.022297 -25.585106
v 4.154239 -31.990305 -25.552994
v 3.835475 -31.990305 -25.552994
v 3.835473 -32.022297 -25.585138
v 3.516707 -31.990305 -25.552994
v 3.516706 -32.022297 -25.585182
v 3.197463 -31.990305 -25.553026
v 3.197645 -32.022297 -25.585276
v 3.516712 -31.990305 -25.706175
v 3.516708 -32.022297 -25.674189
v 3.198155 -32.022297 -25.674189
v 3.198342 -31.990305 -25.706175
v 2.878971 -32.022297 -25.674189
v 2.878510 -31.990305 -25.706175
v 2.594567 -31.990305 -25.706175
v 2.530581 -32.022297 -25.674189
v 2.562575 -31.990305 -25.738167
v 2.880203 -32.022297 -25.589161
v 2.880674 -31.990305 -25.556822
v 2.589598 -31.990305 -25.456947
v 2.559692 -31.990305 -25.414574
v 2.527094 -32.022297 -25.468052
v 2.563028 -31.990305 -25.114031
v 2.531035 -32.022297 -25.112883
v 2.312510 -32.022297 -25.417400
v 2.280544 -31.990305 -25.413618
v 2.279438 -31.990305 -25.701935
v 2.311419 -32.022297 -25.702419
v 2.316751 -32.022297 -25.105160
v 2.284754 -31.990305 -25.104000
v 2.316351 -32.022297 -24.793791
v 2.284356 -31.990305 -24.793558
v 2.530767 -32.022297 -24.795317
v 2.562760 -31.990305 -24.795538
v 2.315435 -32.022297 -24.483707
v 2.283442 -31.990305 -24.483704
v 2.530584 -32.022297 -24.483688
v 2.562577 -31.990305 -24.483681
v 2.315084 -32.022297 -24.174013
v 2.283092 -31.990305 -24.174007
v 2.530581 -32.022297 -24.174007
v 2.562575 -31.990305 -24.174002
v 2.314983 -32.022297 -23.864307
v 2.282992 -31.990305 -23.864302
v 2.530581 -32.022297 -23.864307
v 2.562575 -31.990305 -23.864302
v 2.314958 -32.022297 -23.554602
v 2.282967 -31.990305 -23.554596
v 2.530581 -32.022297 -23.554602
v 2.562575 -31.990305 -23.554596
v 2.314950 -32.022297 -23.244896
v 2.282960 -31.990305 -23.244890
v 2.530581 -32.022297 -23.244896
v 2.562575 -31.990305 -23.244890
v 2.314948 -32.022297 -22.935190
v 2.282958 -31.990305 -22.935184
v 2.530581 -32.022297 -22.935188
v 2.562575 -31.990305 -22.935183
v 2.314948 -32.022297 -22.625483
v 2.282958 -31.990305 -22.625477
v 2.530581 -32.022297 -22.625483
v 2.562575 -31.990305 -22.625477
v 2.314947 -32.022297 -22.315777
v 2.282957 -31.990305 -22.315771
v 2.530581 -32.022297 -22.315777
v 2.562575 -31.990305 -22.315771
v 2.314947 -32.022297 -22.006071
v 2.282958 -31.990305 -22.006065
v 2.530581 -32.022297 -22.006071
v 2.562575 -31.990305 -22.006065
v 2.314947 -32.022297 -21.696365
v 2.282958 -31.990305 -21.696360
v 2.530581 -32.022297 -21.696363
v 2.562575 -31.990305 -21.696358
v 2.314946 -32.022297 -21.386658
v 2.282957 -31.990305 -21.386652
v 2.530581 -32.022297 -21.386656
v 2.562575 -31.990305 -21.386650
v 2.314946 -32.022297 -21.076952
v 2.282957 -31.990305 -21.076946
v 2.530581 -32.022297 -21.076952
v 2.562575 -31.990305 -21.076946
v 2.314944 -32.022297 -20.767246
v 2.282955 -31.990305 -20.767241
v 2.530581 -32.022297 -20.767246
v 2.562575 -31.990305 -20.767241
v 2.314946 -32.022297 -20.457539
v 2.282957 -31.990305 -20.457533
v 2.530581 -32.022297 -20.457539
v 2.562575 -31.990305 -20.457533
v 2.314946 -32.022297 -20.147833
v 2.282957 -31.990305 -20.147827
v 2.530581 -32.022297 -20.147835
v 2.562575 -31.990305 -20.147829
v 2.314943 -32.022297 -19.838127
v 2.282954 -31.990305 -19.838121
v 2.530581 -32.022297 -19.838129
v 2.562575 -31.990305 -19.838123
v 2.314937 -32.022297 -19.528419
v 2.282948 -31.990305 -19.528414
v 2.530581 -32.022297 -19.528421
v 2.562575 -31.990305 -19.528416
v 2.314918 -32.022297 -19.218716
v 2.282928 -31.990305 -19.218710
v 2.530581 -32.022297 -19.218723
v 2.562575 -31.990305 -19.218718
v 2.314862 -32.022297 -18.909018
v 2.282873 -31.990305 -18.909002
v 2.314780 -32.022297 -18.599407
v 2.282791 -31.990305 -18.599308
v 2.530581 -32.022297 -18.909086
v 2.562575 -31.990305 -18.909090
v 2.562575 -31.990305 -18.600134
v 2.530581 -32.022297 -18.600044
v 2.562575 -31.990305 -18.292730
v 2.530581 -32.022297 -18.292913
v 2.562575 -31.990305 -17.981007
v 2.530581 -32.022297 -17.981031
v 2.282798 -31.990305 -18.294277
v 2.314787 -32.022297 -18.294106
v 2.314863 -32.022297 -17.981163
v 2.282874 -31.990305 -17.981176
v 2.314918 -32.022297 -17.668211
v 2.282928 -31.990305 -17.668207
v 2.530581 -32.022297 -17.668196
v 2.562575 -31.990305 -17.668188
v 2.314937 -32.022297 -17.355236
v 2.282948 -31.990305 -17.355230
v 2.530581 -32.022297 -17.355228
v 2.562575 -31.990305 -17.355223
v 2.314942 -32.022297 -17.042259
v 2.282953 -31.990305 -17.042253
v 2.530581 -32.022297 -17.042255
v 2.562575 -31.990305 -17.042250
v 2.314946 -32.022297 -16.729282
v 2.282957 -31.990305 -16.729277
v 2.530581 -32.022297 -16.729280
v 2.562575 -31.990305 -16.729275
v 2.314946 -32.022297 -16.416306
v 2.282957 -31.990305 -16.416300
v 2.530581 -32.022297 -16.416304
v 2.562575 -31.990305 -16.416298
v 2.314946 -32.022297 -16.103327
v 2.282957 -31.990305 -16.103321
v 2.530581 -32.022297 -16.103327
v 2.562575 -31.990305 -16.103321
v 2.314947 -32.022297 -15.790350
v 2.282957 -31.990305 -15.790344
v 2.530581 -32.022297 -15.790350
v 2.562575 -31.990305 -15.790344
v 2.314948 -32.022297 -15.477372
v 2.282958 -31.990305 -15.477367
v 2.530581 -32.022297 -15.477366
v 2.562575 -31.990305 -15.477360
v 2.314954 -32.022297 -15.164385
v 2.282964 -31.990305 -15.164391
v 2.530581 -32.022297 -15.164308
v 2.562575 -31.990305 -15.164291
v 2.314976 -32.022297 -14.851293
v 2.282985 -31.990305 -14.851393
v 2.530581 -32.022297 -14.850581
v 2.562575 -31.990305 -14.850470
v 2.315028 -32.022297 -14.537558
v 2.283037 -31.990305 -14.538130
v 2.530581 -32.022297 -14.533666
v 2.562575 -31.990305 -14.533083
v 2.315068 -32.022297 -14.222412
v 2.283076 -31.990305 -14.224491
v 2.594567 -31.990305 -14.206280
v 2.530581 -32.022297 -14.174294
v 2.562575 -31.990305 -14.238272
v 2.315368 -32.022297 -13.936605
v 2.283377 -31.990305 -13.936897
v 2.315376 -32.022297 -13.652273
v 2.283384 -31.990305 -13.651999
v 2.315083 -32.022297 -13.366225
v 2.283088 -31.990305 -13.364190
v 2.814690 -32.022297 -13.655964
v 2.846684 -31.990305 -13.656162
v 2.594567 -31.990305 -13.381928
v 2.562575 -31.990305 -13.349936
v 2.530581 -32.022297 -13.413925
v 2.814692 -31.990305 -13.381928
v 2.814690 -32.022297 -13.413925
v 2.846684 -31.990305 -13.413919
v 2.562575 -31.990305 -13.057631
v 2.530581 -32.022297 -13.057090
v 2.283038 -31.990305 -13.052862
v 2.315034 -32.022297 -13.053412
v 2.562575 -31.990305 -12.742283
v 2.530581 -32.022297 -12.742189
v 2.282976 -31.990305 -12.741423
v 2.314974 -32.022297 -12.741526
v 2.562575 -31.990305 -12.430332
v 2.530581 -32.022297 -12.430327
v 2.282927 -31.990305 -12.430248
v 2.314927 -32.022297 -12.430263
v 2.562575 -31.990305 -12.119089
v 2.530581 -32.022297 -12.119094
v 2.282825 -31.990305 -12.119092
v 2.314828 -32.022297 -12.119097
v 2.562575 -31.990305 -11.807843
v 2.530581 -32.022297 -11.807858
v 2.282477 -31.990305 -11.807935
v 2.314486 -32.022297 -11.807929
v 2.562575 -31.990305 -11.495887
v 2.530581 -32.022297 -11.495991
v 2.281153 -31.990305 -11.496763
v 2.313167 -32.022297 -11.496668
v 2.562575 -31.990305 -11.180496
v 2.530581 -32.022297 -11.181047
v 2.562575 -31.990305 -10.888026
v 2.594567 -31.990305 -10.856034
v 2.530581 -32.022297 -10.824047
v 2.308005 -32.022297 -11.184848
v 2.275990 -31.990305 -11.185390
v 2.289299 -32.022297 -10.873206
v 2.257362 -31.990305 -10.875208
v 2.217485 -31.990305 -10.619493
v 2.249799 -32.022297 -10.619881
v 2.244548 -31.990305 -10.587884
v 2.554263 -32.022297 -10.619881
v 2.553141 -31.990305 -10.587884
v 2.874793 -32.022297 -10.619881
v 2.874648 -31.990305 -10.587884
v 3.189010 -32.022297 -10.619881
v 3.189005 -31.990305 -10.587884
v 2.875738 -32.022297 -10.824047
v 2.875889 -31.990305 -10.856034
v 3.189070 -31.990305 -10.856034
v 3.189059 -32.022297 -10.824047
v 3.502054 -31.990305 -10.856034
v 3.502051 -32.022297 -10.824047
v 3.815016 -31.990305 -10.856034
v 3.815013 -32.022297 -10.824047
v 3.502052 -32.022297 -10.619881
v 3.502055 -31.990305 -10.587884
v 3.815014 -32.022297 -10.619881
v 3.815017 -31.990305 -10.587884
v 4.127976 -32.022297 -10.619881
v 4.127979 -31.990305 -10.587884
v 4.440938 -32.022297 -10.619881
v 4.440941 -31.990305 -10.587884
v 4.127976 -32.022297 -10.824047
v 4.127979 -31.990305 -10.856034
v 4.440941 -31.990305 -10.856034
v 4.440938 -32.022297 -10.824047
v 4.753896 -31.990305 -10.856034
v 4.753893 -32.022297 -10.824047
v 5.066805 -31.990305 -10.856034
v 5.066800 -32.022297 -10.824047
v 4.753891 -32.022297 -10.619881
v 4.753894 -31.990305 -10.587884
v 5.066784 -32.022297 -10.619881
v 5.066785 -31.990305 -10.587884
v 5.379469 -32.022297 -10.619881
v 5.379444 -31.990305 -10.587884
v 5.691666 -32.022297 -10.619881
v 5.691476 -31.990305 -10.587884
v 5.379647 -32.022297 -10.824047
v 5.379677 -31.990305 -10.856034
v 5.693089 -31.990305 -10.856034
v 5.692894 -32.022297 -10.824047
v 6.009382 -31.990305 -10.856034
v 6.008443 -32.022297 -10.824047
v 6.000593 -31.990305 -10.555906
v 5.969548 -31.990305 -10.587884
v 6.034497 -32.022297 -10.619881
v 6.303589 -31.990305 -10.856034
v 6.335581 -31.990305 -10.824042
v 6.303582 -32.022297 -10.824047
v 6.335581 -31.990305 -10.560219
v 6.303582 -32.022297 -10.562874
v 6.335581 -31.990305 -10.235388
v 6.303581 -32.022297 -10.236207
v 6.335581 -31.990305 -9.903090
v 6.303580 -32.022297 -9.903098
v 5.991364 -31.990305 -10.244149
v 6.023351 -32.022297 -10.243340
v 6.023276 -32.022297 -9.903119
v 5.991289 -31.990305 -9.903117
v 6.023276 -32.022297 -9.569497
v 5.991289 -31.990305 -9.569438
v 6.023276 -32.022297 -9.234917
v 5.991289 -31.990305 -9.234281
v 6.303591 -32.022297 -9.569971
v 6.335593 -31.990305 -9.570021
v 6.337814 -31.990305 -9.241120
v 6.305814 -32.022297 -9.240494
v 6.359817 -31.990305 -8.928073
v 6.394051 -31.990305 -8.896160
v 6.332262 -32.022297 -8.864173
v 6.357151 -31.990301 -8.607378
v 6.357692 -32.022293 -8.639375
v 5.991289 -31.990305 -8.895558
v 6.023277 -32.022297 -8.895615
v 6.674853 -31.990305 -8.896160
v 6.674845 -32.022297 -8.864173
v 6.993516 -31.990305 -8.896160
v 6.993512 -32.022297 -8.864173
v 6.674811 -32.022293 -8.639375
v 6.674809 -31.990301 -8.607378
v 6.993511 -32.022293 -8.639375
v 6.993514 -31.990301 -8.607378
v 7.312225 -32.022293 -8.639375
v 7.312228 -31.990301 -8.607378
v 7.630939 -32.022293 -8.639375
v 7.630942 -31.990301 -8.607378
v 7.312223 -32.022297 -8.864173
v 7.312226 -31.990305 -8.896160
v 7.630940 -31.990305 -8.896160
v 7.630938 -32.022297 -8.864173
v 7.949652 -31.990305 -8.896160
v 7.949649 -32.022297 -8.864173
v 8.268363 -31.990305 -8.896160
v 8.268360 -32.022297 -8.864173
v 7.949649 -32.022293 -8.639376
v 7.949652 -31.990301 -8.607378
v 8.268363 -32.022293 -8.639376
v 8.268366 -31.990301 -8.607378
v 8.587074 -32.022293 -8.639376
v 8.587077 -31.990301 -8.607378
v 8.905787 -32.022293 -8.639376
v 8.905789 -31.990301 -8.607378
v 8.587072 -32.022297 -8.864173
v 8.587075 -31.990305 -8.896160
v 8.905787 -31.990305 -8.896160
v 8.905785 -32.022297 -8.864173
v 9.224501 -31.990305 -8.896160
v 9.224498 -32.022297 -8.864173
v 9.543211 -31.990305 -8.896160
v 9.543208 -32.022297 -8.864173
v 9.224499 -32.022293 -8.639377
v 9.224502 -31.990301 -8.607378
v 9.543208 -32.022293 -8.639378
v 9.543211 -31.990301 -8.607378
v 9.861922 -32.022293 -8.639378
v 9.861925 -31.990301 -8.607378
v 10.180634 -32.022293 -8.639379
v 10.180637 -31.990301 -8.607378
v 9.861919 -32.022297 -8.864173
v 9.861922 -31.990305 -8.896160
v 10.180635 -31.990305 -8.896160
v 10.180633 -32.022297 -8.864173
v 10.499347 -31.990305 -8.896160
v 10.499344 -32.022297 -8.864173
v 10.818057 -31.990305 -8.896160
v 10.818054 -32.022297 -8.864173
v 10.499346 -32.022293 -8.639380
v 10.499349 -31.990301 -8.607378
v 10.818054 -32.022293 -8.639382
v 10.818057 -31.990301 -8.607378
v 11.136767 -32.022293 -8.639384
v 11.136770 -31.990301 -8.607378
v 11.455478 -32.022293 -8.639388
v 11.455481 -31.990301 -8.607378
v 11.136767 -32.022297 -8.864173
v 11.136770 -31.990305 -8.896160
v 11.455481 -31.990305 -8.896160
v 11.455478 -32.022297 -8.864173
v 11.774193 -31.990305 -8.896160
v 11.774190 -32.022297 -8.864173
v 12.092904 -31.990305 -8.896160
v 12.092901 -32.022297 -8.864173
v 11.774190 -32.022293 -8.639392
v 11.774193 -31.990301 -8.607378
v 12.092901 -32.022293 -8.639398
v 12.092904 -31.990301 -8.607378
v 12.411613 -32.022293 -8.639405
v 12.411616 -31.990301 -8.607378
v 12.730328 -32.022293 -8.639415
v 12.730330 -31.990301 -8.607378
v 12.411613 -32.022297 -8.864173
v 12.411616 -31.990305 -8.896160
v 12.730330 -31.990305 -8.896160
v 12.730328 -32.022297 -8.864173
v 13.049040 -31.990305 -8.896160
v 13.049037 -32.022297 -8.864173
v 13.367751 -31.990305 -8.896160
v 13.367748 -32.022297 -8.864173
v 13.049037 -32.022293 -8.639428
v 13.049040 -31.990301 -8.607378
v 13.367748 -32.022293 -8.639445
v 13.367751 -31.990301 -8.607378
v 13.686460 -32.022293 -8.639468
v 13.686463 -31.990301 -8.607378
v 14.005175 -32.022293 -8.639499
v 14.005177 -31.990301 -8.607378
v 13.686460 -32.022297 -8.864173
v 13.686463 -31.990305 -8.896160
v 14.005176 -31.990305 -8.896160
v 14.005173 -32.022297 -8.864173
v 14.323888 -31.990305 -8.896160
v 14.323885 -32.022297 -8.864173
v 14.642590 -31.990305 -8.896160
v 14.642589 -32.022297 -8.864173
v 14.323887 -32.022293 -8.639539
v 14.323890 -31.990301 -8.607378
v 14.642602 -32.022293 -8.639592
v 14.642607 -31.990301 -8.607378
v 14.960012 -32.022293 -8.639663
v 14.960573 -31.990301 -8.607378
v 14.956131 -32.022297 -8.864173
v 14.955581 -31.990305 -8.896160
v 15.319661 -32.022293 -8.689387
v 15.328884 -31.990301 -8.658213
v 15.258498 -31.990305 -8.928152
v 15.290487 -32.022297 -8.864173
v 15.226506 -31.990305 -8.896160
v 15.537315 -31.990301 -8.649927
v 15.539232 -32.022293 -8.680706
v 15.571224 -31.990301 -8.680589
v 15.552496 -32.022297 -8.898629
v 15.584509 -31.990305 -8.898892
v 15.553316 -32.022297 -9.234623
v 15.585324 -31.990305 -9.234608
v 15.553318 -32.022297 -9.566423
v 15.585324 -31.990305 -9.566419
v 15.290487 -32.022297 -9.234705
v 15.258498 -31.990305 -9.234711
v 15.258498 -31.990305 -9.566419
v 15.290487 -32.022297 -9.566423
v 15.258498 -31.990305 -9.898101
v 15.290487 -32.022297 -9.898106
v 15.258498 -31.990305 -10.228295
v 15.290487 -32.022297 -10.228734
v 15.553320 -32.022297 -9.898109
v 15.585324 -31.990305 -9.898105
v 15.553321 -32.022297 -10.232299
v 15.585324 -31.990305 -10.232728
v 15.585324 -31.990305 -10.541446
v 15.553322 -32.022297 -10.605434
v 15.617316 -31.990305 -10.573438
v 15.894854 -32.022297 -10.605434
v 15.894984 -31.990305 -10.573438
v 15.579782 -31.990305 -10.852455
v 15.580414 -32.022297 -10.820468
v 15.290487 -32.022297 -10.554592
v 15.258498 -31.990305 -10.552542
v 15.258498 -31.990305 -10.820463
v 15.290490 -31.990305 -10.852455
v 15.290487 -32.022297 -10.820468
v 15.893865 -31.990305 -10.852455
v 15.893990 -32.022297 -10.820468
v 16.205837 -31.990305 -10.852455
v 16.205853 -32.022297 -10.820468
v 16.517391 -31.990305 -10.852455
v 16.517389 -32.022297 -10.820468
v 16.205994 -31.990305 -10.573438
v 16.205973 -32.022297 -10.605434
v 16.517393 -32.022297 -10.605434
v 16.517395 -31.990305 -10.573438
v 16.828890 -32.022297 -10.605434
v 16.828892 -31.990305 -10.573438
v 17.140385 -32.022297 -10.605434
v 17.140388 -31.990305 -10.573438
v 16.828892 -31.990305 -10.852455
v 16.828890 -32.022297 -10.820468
v 17.140388 -31.990305 -10.852455
v 17.140385 -32.022297 -10.820468
v 17.451885 -31.990305 -10.852455
v 17.451881 -32.022297 -10.820468
v 17.763382 -31.990305 -10.852455
v 17.763378 -32.022297 -10.820468
v 17.451881 -31.990305 -10.573438
v 17.451878 -32.022297 -10.605434
v 17.763378 -32.022297 -10.605434
v 17.763382 -31.990305 -10.573438
v 18.074850 -32.022297 -10.605434
v 18.074833 -31.990305 -10.573438
v 18.386173 -32.022297 -10.605434
v 18.385868 -31.990305 -10.573438
v 18.075012 -31.990305 -10.852455
v 18.074989 -32.022297 -10.820468
v 18.388546 -31.990305 -10.852455
v 18.388235 -32.022297 -10.820468
v 18.712376 -31.990305 -10.852455
v 18.710258 -32.022297 -10.820468
v 19.025684 -31.990305 -10.852455
v 19.058586 -31.990305 -10.884434
v 19.088749 -32.022297 -10.820468
v 18.693954 -31.990305 -10.573438
v 18.696064 -32.022297 -10.605434
v 18.981962 -32.022297 -10.605434
v 18.972160 -31.990305 -10.573438
v 19.106796 -31.990305 -10.573438
v 19.117970 -32.022297 -10.605434
v 19.149433 -31.990305 -10.603606
v 19.208778 -32.022297 -10.862630
v 19.241592 -31.990305 -10.864834
v 19.251974 -32.022297 -11.170831
v 19.284409 -31.990305 -11.171218
v 19.098675 -32.022297 -11.168976
v 19.066681 -31.990305 -11.168584
v 19.264122 -32.022297 -11.480795
v 19.296440 -31.990305 -11.480852
v 19.098673 -32.022297 -11.480476
v 19.066681 -31.990305 -11.480410
v 19.267202 -32.022297 -11.790702
v 19.299438 -31.990305 -11.790704
v 19.098671 -32.022297 -11.790669
v 19.066681 -31.990305 -11.790658
v 19.268013 -32.022297 -12.100574
v 19.300190 -31.990305 -12.100569
v 19.098671 -32.022297 -12.100574
v 19.066681 -31.990305 -12.100569
v 19.268253 -32.022297 -12.410439
v 19.300388 -31.990305 -12.410435
v 19.098671 -32.022297 -12.410439
v 19.066681 -31.990305 -12.410435
v 19.268341 -32.022297 -12.720304
v 19.300438 -31.990305 -12.720300
v 19.098671 -32.022297 -12.720306
v 19.066681 -31.990305 -12.720302
v 19.268381 -32.022297 -13.030170
v 19.300453 -31.990305 -13.030166
v 19.098671 -32.022297 -13.030172
v 19.066681 -31.990305 -13.030168
v 19.268408 -32.022297 -13.340038
v 19.300461 -31.990305 -13.340034
v 19.098671 -32.022297 -13.340036
v 19.066681 -31.990305 -13.340032
v 19.268421 -32.022297 -13.649900
v 19.300461 -31.990305 -13.649895
v 19.098671 -32.022297 -13.649900
v 19.066681 -31.990305 -13.649897
v 19.268433 -32.022297 -13.959766
v 19.300461 -31.990305 -13.959763
v 19.098669 -32.022297 -13.959766
v 19.066681 -31.990305 -13.959761
v 19.268440 -32.022297 -14.269634
v 19.300461 -31.990305 -14.269629
v 19.098669 -32.022297 -14.269632
v 19.066681 -31.990305 -14.269627
v 19.268448 -32.022297 -14.579496
v 19.300461 -31.990305 -14.579491
v 19.098669 -32.022297 -14.579497
v 19.066681 -31.990305 -14.579493
v 19.268452 -32.022297 -14.889364
v 19.300461 -31.990305 -14.889359
v 19.098669 -32.022297 -14.889363
v 19.066681 -31.990305 -14.889359
v 19.268456 -32.022297 -15.199230
v 19.300461 -31.990305 -15.199224
v 19.098669 -32.022297 -15.199230
v 19.066681 -31.990305 -15.199224
v 19.268459 -32.022297 -15.509095
v 19.300461 -31.990305 -15.509090
v 19.098669 -32.022297 -15.509095
v 19.066681 -31.990305 -15.509090
v 19.268459 -32.022297 -15.818961
v 19.300461 -31.990305 -15.818956
v 19.098669 -32.022297 -15.818961
v 19.066681 -31.990305 -15.818956
v 19.268463 -32.022297 -16.128826
v 19.300461 -31.990305 -16.128820
v 19.098669 -32.022297 -16.128826
v 19.066681 -31.990305 -16.128820
v 19.268463 -32.022297 -16.438692
v 19.300461 -31.990305 -16.438686
v 19.098669 -32.022297 -16.438692
v 19.066681 -31.990305 -16.438686
v 19.268463 -32.022297 -16.748558
v 19.300461 -31.990305 -16.748552
v 19.098669 -32.022297 -16.748558
v 19.066681 -31.990305 -16.748552
v 19.268465 -32.022297 -17.058424
v 19.300461 -31.990305 -17.058418
v 19.098669 -32.022297 -17.058422
v 19.066681 -31.990305 -17.058416
v 19.268465 -32.022297 -17.368290
v 19.300461 -31.990305 -17.368284
v 19.098669 -32.022297 -17.368290
v 19.066681 -31.990305 -17.368284
v 19.268467 -32.022297 -17.678154
v 19.300461 -31.990305 -17.678148
v 19.098669 -32.022297 -17.678154
v 19.066681 -31.990305 -17.678148
v 19.268467 -32.022297 -17.988022
v 19.300461 -31.990305 -17.988016
v 19.098669 -32.022297 -17.988022
v 19.066681 -31.990305 -17.988016
v 19.268467 -32.022297 -18.297886
v 19.300461 -31.990305 -18.297880
v 19.098669 -32.022297 -18.297886
v 19.066681 -31.990305 -18.297880
v 19.268467 -32.022297 -18.607752
v 19.300461 -31.990305 -18.607746
v 19.098669 -32.022297 -18.607752
v 19.066681 -31.990305 -18.607746
v 19.268467 -32.022297 -18.917618
v 19.300461 -31.990305 -18.917612
v 19.098669 -32.022297 -18.917618
v 19.066681 -31.990305 -18.917612
v 19.268467 -32.022297 -19.227482
v 19.300461 -31.990305 -19.227476
v 19.098669 -32.022297 -19.227482
v 19.066681 -31.990305 -19.227476
v 19.268467 -32.022297 -19.537348
v 19.300461 -31.990305 -19.537342
v 19.098669 -32.022297 -19.537348
v 19.066681 -31.990305 -19.537342
v 19.268467 -32.022297 -19.847214
v 19.300461 -31.990305 -19.847208
v 19.098669 -32.022297 -19.847214
v 19.066681 -31.990305 -19.847208
v 19.268467 -32.022297 -20.157080
v 19.300461 -31.990305 -20.157074
v 19.098669 -32.022297 -20.157080
v 19.066681 -31.990305 -20.157074
v 19.268467 -32.022297 -20.466946
v 19.300461 -31.990305 -20.466940
v 19.098669 -32.022297 -20.466946
v 19.066681 -31.990305 -20.466940
v 19.268465 -32.022297 -20.776810
v 19.300461 -31.990305 -20.776804
v 19.098669 -32.022297 -20.776810
v 19.066681 -31.990305 -20.776804
v 19.268465 -32.022297 -21.086676
v 19.300461 -31.990305 -21.086670
v 19.098669 -32.022297 -21.086676
v 19.066681 -31.990305 -21.086670
v 19.268463 -32.022297 -21.396542
v 19.300461 -31.990305 -21.396536
v 19.098669 -32.022297 -21.396542
v 19.066681 -31.990305 -21.396536
v 19.268461 -32.022297 -21.706408
v 19.300461 -31.990305 -21.706402
v 19.098669 -32.022297 -21.706408
v 19.066681 -31.990305 -21.706402
v 19.268463 -32.022297 -22.016273
v 19.300461 -31.990305 -22.016268
v 19.098669 -32.022297 -22.016273
v 19.066681 -31.990305 -22.016268
v 19.268461 -32.022297 -22.326139
v 19.300461 -31.990305 -22.326134
v 19.098669 -32.022297 -22.326139
v 19.066681 -31.990305 -22.326134
v 19.268459 -32.022297 -22.636005
v 19.300461 -31.990305 -22.636000
v 19.098669 -32.022297 -22.636005
v 19.066681 -31.990305 -22.636000
v 19.268456 -32.022297 -22.945869
v 19.300461 -31.990305 -22.945864
v 19.098671 -32.022297 -22.945869
v 19.066681 -31.990305 -22.945864
v 19.268452 -32.022297 -23.255735
v 19.300461 -31.990305 -23.255730
v 19.098671 -32.022297 -23.255735
v 19.066681 -31.990305 -23.255730
v 19.268440 -32.022297 -23.565601
v 19.300453 -31.990305 -23.565596
v 19.098671 -32.022297 -23.565601
v 19.066681 -31.990305 -23.565596
v 19.268417 -32.022297 -23.875500
v 19.300438 -31.990305 -23.875471
v 19.098671 -32.022297 -23.875618
v 19.066681 -31.990305 -23.875635
v 19.268471 -32.022297 -24.185507
v 19.300499 -31.990305 -24.185373
v 19.098671 -32.022297 -24.186180
v 19.066681 -31.990305 -24.186300
v 19.269146 -32.022297 -24.495670
v 19.301182 -31.990305 -24.495165
v 19.098804 -32.022297 -24.498333
v 19.066814 -31.990305 -24.498827
v 19.270802 -32.022297 -24.805769
v 19.302849 -31.990305 -24.804695
v 19.075024 -31.990305 -24.812290
v 19.107000 -32.022297 -24.811230
v 19.266918 -32.022297 -25.115265
v 19.298985 -31.990305 -25.114395
v 5.991289 -31.990301 -8.639370
v 6.023277 -32.022293 -8.639375
v 6.023281 -31.990301 -8.607378
v 2.814690 -32.022297 -13.932489
v 2.846684 -31.990305 -13.932253
v 2.846684 -31.990305 -14.174288
v 2.814690 -32.022297 -14.174294
v 2.814692 -31.990305 -14.206280
v 2.281294 -31.990305 -25.993040
v 2.313274 -32.022297 -25.993069
v 2.562575 -31.990305 -25.993235
v 2.530581 -32.022297 -25.993217
v 2.282360 -31.990305 -26.283205
v 2.314343 -32.022297 -26.283215
v 2.562575 -31.990305 -26.283232
v 2.530581 -32.022297 -26.283234
v 2.282762 -31.990305 -26.573364
v 2.314746 -32.022297 -26.573370
v 2.562575 -31.990305 -26.573366
v 2.530581 -32.022297 -26.573372
v 2.282896 -31.990305 -26.863525
v 2.314881 -32.022297 -26.863520
v 2.562575 -31.990305 -26.863428
v 2.530581 -32.022297 -26.863445
v 2.282944 -31.990305 -27.153719
v 2.314930 -32.022297 -27.153656
v 2.562575 -31.990305 -27.153111
v 2.530581 -32.022297 -27.153187
v 2.283004 -31.990305 -27.444372
v 2.314991 -32.022297 -27.444025
v 2.562575 -31.990305 -27.441294
v 2.530581 -32.022297 -27.441652
v 2.283320 -31.990305 -27.736280
v 2.315307 -32.022297 -27.735067
v 2.562575 -31.990305 -27.725647
v 2.530581 -32.022297 -27.726871
v 2.283313 -31.990305 -27.991667
v 2.315300 -32.022297 -27.992771
v 2.562575 -31.990305 -28.001261
v 2.530581 -32.022297 -28.000168
v 2.283001 -31.990305 -28.281572
v 2.314989 -32.022297 -28.281914
v 2.562575 -31.990305 -28.284508
v 2.530581 -32.022297 -28.284178
v 2.282969 -31.990305 -28.570797
v 2.314958 -32.022297 -28.570869
v 2.562575 -31.990305 -28.571377
v 2.530581 -32.022297 -28.571316
v 2.282993 -31.990305 -28.859579
v 2.314981 -32.022297 -28.859594
v 2.562575 -31.990305 -28.859659
v 2.530581 -32.022297 -28.859655
v 2.283059 -31.990305 -29.148333
v 2.315047 -32.022297 -29.148335
v 2.562575 -31.990305 -29.148294
v 2.530581 -32.022297 -29.148304
v 2.283143 -31.990305 -29.437176
v 2.315132 -32.022297 -29.437157
v 2.594567 -31.990305 -29.436981
v 2.562575 -31.990305 -29.404989
v 2.530581 -32.022297 -29.468979
v 2.283075 -31.990305 -29.693329
v 2.315040 -31.990305 -29.724216
v 2.315064 -32.022297 -29.692223
v 2.562575 -31.990305 -29.715664
v 2.562572 -32.022297 -29.683672
v 2.880414 -31.990305 -29.715664
v 2.880412 -32.022297 -29.683674
v 2.880420 -31.990305 -29.436981
v 2.880417 -32.022297 -29.468979
v 3.197536 -31.990305 -29.715664
v 3.197533 -32.022297 -29.683674
v 3.197540 -31.990305 -29.436981
v 3.197537 -32.022297 -29.468979
v 3.514292 -31.990305 -29.715664
v 3.514289 -32.022297 -29.683674
v 3.514292 -31.990305 -29.436981
v 3.514289 -32.022297 -29.468979
v 3.830975 -31.990305 -29.715664
v 3.830972 -32.022297 -29.683674
v 3.830975 -31.990305 -29.436981
v 3.830972 -32.022297 -29.468979
v 4.147654 -31.990305 -29.715664
v 4.147651 -32.022297 -29.683674
v 4.147655 -31.990305 -29.436981
v 4.147652 -32.022297 -29.468979
v 4.464315 -31.990305 -29.715664
v 4.464320 -32.022297 -29.683674
v 4.464382 -31.990305 -29.436981
v 4.464372 -32.022297 -29.468979
v 4.780762 -31.990305 -29.715664
v 4.780859 -32.022297 -29.683674
v 4.781633 -31.990305 -29.436981
v 4.781530 -32.022297 -29.468979
v 5.095853 -31.990305 -29.715664
v 5.096510 -32.022297 -29.683676
v 5.101603 -31.990305 -29.436981
v 5.100940 -32.022297 -29.468979
v 5.403913 -31.990305 -29.715664
v 5.406908 -32.022297 -29.683676
v 5.430023 -31.990305 -29.404989
v 5.398031 -31.990305 -29.436981
v 5.462012 -32.022297 -29.468979
v 5.683999 -31.990305 -29.715664
v 5.681094 -32.022297 -29.683676
v 5.991535 -31.990305 -29.715664
v 5.990899 -32.022297 -29.683676
v 6.305808 -31.990305 -29.715664
v 6.305711 -32.022297 -29.683676
v 6.621313 -31.990305 -29.715664
v 6.621303 -32.022297 -29.683676
v 6.937004 -31.990305 -29.715664
v 6.937001 -32.022297 -29.683676
v 7.252716 -31.990305 -29.715664
v 7.252713 -32.022297 -29.683676
v 7.568407 -31.990305 -29.715664
v 7.568412 -32.022297 -29.683676
v 7.883879 -31.990305 -29.715664
v 7.883979 -32.022297 -29.683676
v 8.197952 -31.990305 -29.715664
v 8.198633 -32.022297 -29.683676
v 8.504673 -31.990305 -29.715664
v 8.507784 -32.022297 -29.683676
v 8.781933 -31.990305 -29.715664
v 8.779180 -32.022297 -29.683676
v 9.084668 -31.990305 -29.715664
v 9.084061 -32.022297 -29.683676
v 9.393592 -31.990305 -29.715664
v 9.393498 -32.022297 -29.683676
v 9.703653 -31.990305 -29.715664
v 9.703644 -32.022297 -29.683676
v 5.462012 -32.022297 -27.942520
v 5.430023 -31.990305 -27.942516
v 5.462012 -32.022297 -28.241266
v 5.430023 -31.990305 -28.241261
v 5.462012 -32.022297 -28.540018
v 5.430023 -31.990305 -28.540012
v 5.462012 -32.022297 -28.838799
v 5.430023 -31.990305 -28.838793
v 5.430023 -31.990305 -29.137733
v 5.462012 -32.022297 -29.137739
v 5.429288 -31.990305 -26.157190
v 5.461277 -32.022297 -26.154549
v 7.305213 -32.022297 -25.953983
v 7.304280 -31.990305 -25.921991
v 9.391068 -32.022297 -25.935791
v 9.391183 -31.990305 -25.903790
v 10.322516 -32.022297 -25.935783
v 10.322519 -31.990305 -25.903790
v 10.633025 -32.022297 -25.935780
v 10.633028 -31.990305 -25.903790
v 10.943538 -32.022297 -25.935778
v 10.943541 -31.990305 -25.903790
v 11.564554 -32.022297 -25.935768
v 11.564557 -31.990305 -25.903790
v 11.875062 -32.022297 -25.935760
v 11.875060 -31.990305 -25.903790
v 12.185501 -32.022297 -25.935753
v 12.185426 -31.990305 -25.903790
v 12.495174 -32.022297 -25.935749
v 12.494592 -31.990305 -25.903797
v 12.800504 -32.022297 -25.937256
v 12.797767 -31.990305 -25.905310
v 13.077628 -32.022297 -25.941154
v 13.082270 -31.990305 -25.909334
v 13.386418 -32.022297 -25.964031
v 13.388680 -31.990305 -25.932058
v 13.700640 -32.022297 -25.987326
v 13.702326 -31.990305 -25.955328
v 14.015375 -32.022297 -26.010660
v 14.016623 -31.990305 -25.978645
v 14.329651 -32.022297 -26.029474
v 14.330113 -31.990305 -25.997427
v 14.645672 -32.022297 -26.029465
v 14.645801 -31.990305 -25.997427
v 14.962444 -32.022297 -26.029457
v 14.962456 -31.990305 -25.997427
v 15.279812 -32.022297 -26.029451
v 15.279601 -31.990305 -25.997427
v 15.599886 -32.022297 -26.029449
v 15.598144 -31.990305 -25.997427
v 15.266198 -31.990305 -29.715664
v 15.266302 -32.022297 -29.683676
v 15.580497 -31.990305 -29.715664
v 15.581205 -32.022297 -29.683678
v 15.887006 -31.990305 -29.715664
v 15.890255 -32.022297 -29.683678
v 16.162182 -31.990305 -29.715664
v 16.159651 -32.022297 -29.683678
v 16.460060 -31.990305 -29.715664
v 16.459496 -32.022297 -29.683678
v 16.455166 -31.990305 -29.436981
v 16.455727 -32.022297 -29.468979
v 16.763397 -31.990305 -29.715664
v 16.763309 -32.022297 -29.683678
v 16.762653 -31.990305 -29.436981
v 16.762737 -32.022297 -29.468979
v 17.067749 -31.990305 -29.715664
v 17.067739 -32.022297 -29.683678
v 17.067696 -31.990305 -29.436981
v 17.067698 -32.022297 -29.468979
v 17.372269 -31.990305 -29.715664
v 17.372265 -32.022297 -29.683678
v 17.372269 -31.990305 -29.436981
v 17.372265 -32.022297 -29.468979
v 17.676807 -31.990305 -29.715664
v 17.676805 -32.022297 -29.683680
v 17.676807 -31.990305 -29.436981
v 17.676805 -32.022297 -29.468979
v 17.981346 -31.990305 -29.715664
v 17.981342 -32.022297 -29.683681
v 17.981346 -31.990305 -29.436981
v 17.981342 -32.022297 -29.468979
v 18.285885 -31.990305 -29.715664
v 18.285881 -32.022297 -29.683681
v 18.285885 -31.990305 -29.436981
v 18.285881 -32.022297 -29.468979
v 18.590275 -31.990305 -29.715664
v 18.590271 -32.022297 -29.683685
v 18.590275 -31.990305 -29.436981
v 18.590271 -32.022297 -29.468979
v 18.893951 -31.990305 -29.715664
v 18.893948 -32.022297 -29.683689
v 18.893951 -31.990305 -29.436981
v 18.893948 -32.022297 -29.468979
v 19.153633 -31.990305 -29.715664
v 19.157442 -32.022297 -29.683693
v 19.187798 -31.990305 -29.405005
v 19.154854 -31.990305 -29.436981
v 19.217882 -32.022297 -29.468979
v 19.328560 -31.990305 -29.719379
v 19.360546 -31.990305 -29.688068
v 19.328537 -32.022297 -29.687330
v 19.360546 -31.990305 -29.431938
v 19.328537 -32.022297 -29.432873
v 19.365238 -31.990305 -29.120537
v 19.333239 -32.022297 -29.120770
v 19.196232 -31.990305 -29.121731
v 19.228226 -32.022297 -29.121510
v 19.365238 -31.990305 -28.810139
v 19.333237 -32.022297 -28.810183
v 19.196232 -31.990305 -28.810343
v 19.228226 -32.022297 -28.810310
v 19.365238 -31.990305 -28.500216
v 19.333237 -32.022297 -28.500225
v 19.196232 -31.990305 -28.500235
v 19.228226 -32.022297 -28.500237
v 19.365238 -31.990305 -28.190374
v 19.333233 -32.022297 -28.190380
v 19.196232 -31.990305 -28.190374
v 19.228224 -32.022297 -28.190380
v 19.365238 -31.990305 -27.880537
v 19.333231 -32.022297 -27.880543
v 19.196232 -31.990305 -27.880537
v 19.228224 -32.022297 -27.880543
v 19.365238 -31.990305 -27.570700
v 19.333227 -32.022297 -27.570705
v 19.196232 -31.990305 -27.570700
v 19.228222 -32.022297 -27.570705
v 19.365238 -31.990305 -27.260862
v 19.333221 -32.022297 -27.260868
v 19.196232 -31.990305 -27.260862
v 19.228222 -32.022297 -27.260868
v 19.365238 -31.990305 -26.951025
v 19.333218 -32.022297 -26.951031
v 19.196232 -31.990305 -26.951025
v 19.228222 -32.022297 -26.951031
v 19.365238 -31.990305 -26.641186
v 19.333208 -32.022297 -26.641191
v 19.196232 -31.990305 -26.641184
v 19.228222 -32.022297 -26.641190
v 19.365238 -31.990305 -26.331348
v 19.333197 -32.022297 -26.331354
v 19.196232 -31.990305 -26.331350
v 19.228222 -32.022297 -26.331356
v 19.365238 -31.990305 -26.021498
v 19.333183 -32.022297 -26.021496
v 19.196232 -31.990305 -26.021454
v 19.228222 -32.022297 -26.021467
v 19.365238 -31.990305 -25.706884
v 19.333162 -32.022297 -25.706333
v 19.196232 -31.990305 -25.735941
v 19.228222 -32.022297 -25.671961
v 19.164242 -31.990305 -25.703949
v 19.409304 -31.990305 -25.452097
v 19.382767 -31.990305 -25.420944
v 19.376965 -32.022297 -25.453012
v 15.915338 -31.990305 -25.597231
v 15.947327 -32.022297 -25.597282
v 15.947330 -31.990305 -25.565239
v 19.066303 -30.723591 -25.454348
v 19.097134 -30.723591 -25.413784
v 19.265987 -30.723591 -25.390379
v 19.294170 -30.723591 -25.421772
v 16.175869 -30.723591 -25.716358
v 16.143908 -30.723591 -25.749737
v 15.883467 -30.723591 -25.997221
v 15.915459 -30.723591 -25.965229
v 16.140289 -30.723591 -29.404783
v 16.172281 -30.723591 -29.436775
v 5.658842 -30.723591 -25.889881
v 5.690834 -30.723591 -25.921873
v 5.626851 -30.723591 -25.554806
v 5.658842 -30.723591 -25.586981
v 5.429410 -30.723591 -25.741148
v 5.397419 -30.723591 -25.708836
v 2.594689 -30.723591 -25.705969
v 2.562697 -30.723591 -25.737961
v 2.559814 -30.723591 -25.414368
v 2.589720 -30.723591 -25.456741
v 2.594689 -30.723591 -14.206074
v 2.562697 -30.723591 -14.238066
v 2.562697 -30.723591 -13.349730
v 2.594689 -30.723591 -13.381721
v 2.814814 -30.723591 -13.381721
v 2.846806 -30.723591 -13.413713
v 2.594689 -30.723591 -10.855827
v 2.562697 -30.723591 -10.887819
v 2.217607 -30.723591 -10.619287
v 2.244670 -30.723591 -10.587677
v 5.969669 -30.723591 -10.587677
v 6.000715 -30.723591 -10.555699
v 6.335702 -30.723591 -10.823835
v 6.303710 -30.723591 -10.855827
v 6.394173 -30.723591 -8.895953
v 6.359938 -30.723591 -8.927866
v 15.258619 -30.723591 -8.927945
v 15.226627 -30.723591 -8.895953
v 15.537436 -30.723587 -8.649720
v 15.571346 -30.723587 -8.680382
v 15.585445 -30.723591 -10.541239
v 15.617437 -30.723591 -10.573231
v 15.290611 -30.723591 -10.852248
v 15.258619 -30.723591 -10.820256
v 19.058708 -30.723591 -10.884227
v 19.025806 -30.723591 -10.852248
v 19.106918 -30.723591 -10.573231
v 19.149555 -30.723591 -10.603400
v 5.991410 -30.723587 -8.639163
v 6.023402 -30.723587 -8.607171
v 2.846806 -30.723591 -14.174082
v 2.814814 -30.723591 -14.206074
v 2.562697 -30.723591 -29.404783
v 2.594689 -30.723591 -29.436775
v 2.315162 -30.723591 -29.724010
v 2.283197 -30.723591 -29.693123
v 5.398153 -30.723591 -29.436775
v 5.430145 -30.723591 -29.404783
v 19.154976 -30.723591 -29.436775
v 19.187920 -30.723591 -29.404797
v 19.360668 -30.723591 -29.687862
v 19.328682 -30.723591 -29.719173
v 19.196354 -30.723591 -25.735735
v 19.164364 -30.723591 -25.703743
v 19.382889 -30.723591 -25.420738
v 19.409426 -30.723591 -25.451889
v 15.915459 -30.723591 -25.597025
v 15.947451 -30.723591 -25.565033
v 19.066446 -29.235836 -25.454105
v 19.097279 -29.235836 -25.413540
v 19.129259 -29.203844 -25.468735
v 19.294312 -29.235836 -25.421528
v 19.226471 -29.203844 -25.454308
v 19.266130 -29.235836 -25.390137
v 19.097363 -29.235836 -25.119383
v 19.129362 -29.203844 -25.118515
v 19.060062 -29.235836 -25.703499
v 19.064680 -29.203844 -25.671501
v 18.698959 -29.203844 -25.588362
v 18.699867 -29.235836 -25.556053
v 18.696617 -29.203844 -25.671501
v 18.695713 -29.235836 -25.703499
v 18.346365 -29.203844 -25.597000
v 18.346285 -29.235836 -25.564789
v 18.032991 -29.203844 -25.596947
v 18.032978 -29.235836 -25.564789
v 18.346615 -29.235836 -25.703499
v 18.346542 -29.203844 -25.671499
v 18.033024 -29.235836 -25.703499
v 18.033016 -29.203844 -25.671499
v 17.719374 -29.235836 -25.703499
v 17.719376 -29.203844 -25.671497
v 17.719372 -29.235836 -25.564789
v 17.719376 -29.203844 -25.596907
v 17.405655 -29.235836 -25.703499
v 17.405657 -29.203844 -25.671497
v 17.405651 -29.235836 -25.564789
v 17.405655 -29.203844 -25.596878
v 17.091944 -29.235836 -25.703499
v 17.091942 -29.203844 -25.671495
v 17.091919 -29.235836 -25.564789
v 17.091928 -29.203844 -25.596855
v 16.778267 -29.235836 -25.703499
v 16.778313 -29.203844 -25.671492
v 16.778446 -29.235836 -25.564789
v 16.778408 -29.203844 -25.596840
v 16.464512 -29.235836 -25.703598
v 16.465273 -29.203844 -25.671585
v 16.467796 -29.235836 -25.564789
v 16.467041 -29.203844 -25.596830
v 16.144051 -29.235836 -25.749493
v 16.112076 -29.203844 -25.686909
v 16.176014 -29.235836 -25.716114
v 16.170658 -29.235836 -25.564789
v 16.165079 -29.203844 -25.596825
v 15.915602 -29.235836 -25.668831
v 15.947598 -29.203844 -25.675640
v 16.144051 -29.235836 -25.998013
v 16.112076 -29.203844 -25.993385
v 15.915602 -29.235836 -25.964985
v 15.947598 -29.203844 -25.969606
v 16.144051 -29.235836 -26.129261
v 16.112078 -29.203844 -26.110739
v 15.915602 -29.235836 -25.964985
v 15.947598 -29.203844 -26.028988
v 15.883610 -29.235836 -25.996979
v 16.143902 -29.235836 -26.462700
v 16.111927 -29.203844 -26.451073
v 16.142735 -29.235836 -26.990986
v 16.110743 -29.203844 -26.989067
v 16.140953 -29.235836 -27.587681
v 16.108957 -29.203844 -27.587490
v 16.140432 -29.235836 -28.199162
v 16.108437 -29.203844 -28.199144
v 16.140432 -29.235836 -28.815262
v 16.108438 -29.203844 -28.815254
v 16.172424 -29.235836 -29.436531
v 16.108438 -29.203844 -29.468519
v 16.140432 -29.235836 -29.404541
v 14.950708 -29.203844 -29.683216
v 14.950697 -29.235836 -29.715214
v 14.634708 -29.203844 -29.683216
v 14.634705 -29.235836 -29.715214
v 11.254313 -29.235836 -25.903339
v 11.254316 -29.203844 -25.935314
v 10.944927 -29.203844 -29.683216
v 10.944923 -29.235836 -29.715214
v 10.634667 -29.235836 -29.715214
v 10.634671 -29.203844 -29.683216
v 11.255184 -29.203844 -29.683216
v 11.255180 -29.235836 -29.715214
v 11.565445 -29.203844 -29.683216
v 11.565441 -29.235836 -29.715214
v 11.875688 -29.203844 -29.683216
v 11.875675 -29.235836 -29.715214
v 12.185807 -29.203844 -29.683216
v 12.185686 -29.235836 -29.715214
v 12.495119 -29.203844 -29.683216
v 12.494354 -29.235836 -29.715214
v 12.799162 -29.203844 -29.683216
v 12.795753 -29.235836 -29.715214
v 13.062725 -29.203844 -29.683216
v 13.066450 -29.235836 -29.715214
v 13.371763 -29.203844 -29.683216
v 13.372576 -29.235836 -29.715214
v 13.686821 -29.203844 -29.683216
v 13.686939 -29.235836 -29.715214
v 14.002707 -29.203844 -29.683216
v 14.002712 -29.235836 -29.715214
v 14.318700 -29.203844 -29.683216
v 14.318697 -29.235836 -29.715214
v 10.324410 -29.235836 -29.715214
v 10.324414 -29.203844 -29.683216
v 10.014154 -29.235836 -29.715214
v 10.014157 -29.203844 -29.683216
v 10.012275 -29.235836 -25.903339
v 10.012278 -29.203844 -25.935326
v 9.701776 -29.235836 -25.903339
v 9.701772 -29.203844 -25.935328
v 9.082620 -29.235836 -25.903339
v 9.081798 -29.203844 -25.935333
v 8.781977 -29.235836 -25.905334
v 8.778030 -29.203844 -25.937349
v 8.510679 -29.235836 -25.908035
v 8.514125 -29.203844 -25.939981
v 8.216913 -29.235836 -25.911335
v 8.217828 -29.203844 -25.943312
v 7.916244 -29.235836 -25.914715
v 7.916635 -29.203844 -25.946699
v 7.613187 -29.235836 -25.918121
v 7.613717 -29.203844 -25.950106
v 6.981542 -29.235836 -25.921631
v 6.981954 -29.203844 -25.953611
v 5.430039 -29.235836 -27.344604
v 5.462034 -29.203844 -27.344589
v 5.462216 -29.203844 -27.643324
v 5.430221 -29.235836 -27.643333
v 5.429855 -29.235836 -27.045853
v 5.461850 -29.203844 -27.045832
v 5.429671 -29.235836 -26.747234
v 5.461666 -29.203844 -26.747131
v 5.429553 -29.235836 -26.449612
v 5.461548 -29.203844 -26.449007
v 6.322477 -29.235836 -25.921631
v 6.322506 -29.203844 -25.953613
v 5.991596 -29.203844 -25.953613
v 5.991592 -29.235836 -25.921631
v 6.652445 -29.235836 -25.921631
v 6.652596 -29.203844 -25.953613
v 5.658985 -29.235836 -25.889637
v 5.690977 -29.235836 -25.921631
v 5.626996 -29.203844 -25.953613
v 5.461548 -29.203844 -25.921265
v 5.429553 -29.235836 -25.921211
v 5.626996 -29.203844 -25.712011
v 5.658985 -29.235836 -25.712521
v 5.626994 -29.235836 -25.554564
v 5.658985 -29.235836 -25.586739
v 5.626996 -29.203844 -25.586601
v 5.429553 -29.235836 -25.740906
v 5.397563 -29.235836 -25.708593
v 5.461548 -29.203844 -25.677235
v 5.110791 -29.235836 -25.705727
v 5.110794 -29.203844 -25.673729
v 5.429553 -29.235836 -25.553436
v 5.429556 -29.203844 -25.585476
v 5.110794 -29.203844 -25.584593
v 5.110791 -29.235836 -25.552544
v 4.792031 -29.203844 -25.584602
v 4.792028 -29.235836 -25.552544
v 4.473269 -29.203844 -25.584621
v 4.473266 -29.235836 -25.552544
v 4.792031 -29.203844 -25.673729
v 4.792028 -29.235836 -25.705727
v 4.473266 -29.235836 -25.705727
v 4.473269 -29.203844 -25.673729
v 4.154503 -29.235836 -25.705727
v 4.154506 -29.203844 -25.673729
v 3.835741 -29.235836 -25.705727
v 3.835744 -29.203844 -25.673729
v 4.154503 -29.235836 -25.552544
v 4.154506 -29.203844 -25.584644
v 3.835743 -29.203844 -25.584679
v 3.835740 -29.235836 -25.552544
v 3.516976 -29.203844 -25.584723
v 3.516972 -29.235836 -25.552544
v 3.197916 -29.203844 -25.584816
v 3.197728 -29.235836 -25.552578
v 3.516979 -29.203844 -25.673729
v 3.516977 -29.235836 -25.705727
v 3.198606 -29.235836 -25.705727
v 3.198426 -29.203844 -25.673729
v 2.878775 -29.235836 -25.705727
v 2.879241 -29.203844 -25.673729
v 2.562840 -29.235836 -25.737717
v 2.530851 -29.203844 -25.673729
v 2.594832 -29.235836 -25.705727
v 2.880939 -29.235836 -25.556374
v 2.880473 -29.203844 -25.588699
v 2.559958 -29.235836 -25.414124
v 2.589863 -29.235836 -25.456497
v 2.527365 -29.203844 -25.467590
v 2.531306 -29.203844 -25.112423
v 2.563293 -29.235836 -25.113583
v 2.280809 -29.235836 -25.413170
v 2.312780 -29.203844 -25.416941
v 2.311690 -29.203844 -25.701960
v 2.279703 -29.235836 -25.701485
v 2.285019 -29.235836 -25.103552
v 2.317022 -29.203844 -25.104700
v 2.284621 -29.235836 -24.793110
v 2.316622 -29.203844 -24.793331
v 2.563025 -29.235836 -24.795090
v 2.531038 -29.203844 -24.794857
v 2.283708 -29.235836 -24.483255
v 2.315706 -29.203844 -24.483246
v 2.562842 -29.235836 -24.483232
v 2.530855 -29.203844 -24.483229
v 2.283357 -29.235836 -24.173559
v 2.315354 -29.203844 -24.173553
v 2.562840 -29.235836 -24.173553
v 2.530852 -29.203844 -24.173548
v 2.283257 -29.235836 -23.863853
v 2.315254 -29.203844 -23.863848
v 2.562840 -29.235836 -23.863853
v 2.530852 -29.203844 -23.863848
v 2.283232 -29.235836 -23.554148
v 2.315228 -29.203844 -23.554142
v 2.562840 -29.235836 -23.554148
v 2.530852 -29.203844 -23.554142
v 2.283225 -29.235836 -23.244442
v 2.315221 -29.203844 -23.244436
v 2.562840 -29.235836 -23.244442
v 2.530851 -29.203844 -23.244436
v 2.283223 -29.235836 -22.934736
v 2.315219 -29.203844 -22.934731
v 2.562840 -29.235836 -22.934734
v 2.530851 -29.203844 -22.934729
v 2.283223 -29.235836 -22.625029
v 2.315219 -29.203844 -22.625023
v 2.562840 -29.235836 -22.625029
v 2.530851 -29.203844 -22.625023
v 2.283222 -29.235836 -22.315323
v 2.315218 -29.203844 -22.315317
v 2.562840 -29.235836 -22.315323
v 2.530851 -29.203844 -22.315317
v 2.283223 -29.235836 -22.005617
v 2.315218 -29.203844 -22.005611
v 2.562840 -29.235836 -22.005617
v 2.530851 -29.203844 -22.005611
v 2.283223 -29.235836 -21.695911
v 2.315218 -29.203844 -21.695906
v 2.562840 -29.235836 -21.695910
v 2.530851 -29.203844 -21.695904
v 2.283222 -29.235836 -21.386204
v 2.315217 -29.203844 -21.386198
v 2.562840 -29.235836 -21.386202
v 2.530851 -29.203844 -21.386196
v 2.283222 -29.235836 -21.076498
v 2.315217 -29.203844 -21.076492
v 2.562840 -29.235836 -21.076498
v 2.530851 -29.203844 -21.076492
v 2.283220 -29.235836 -20.766792
v 2.315215 -29.203844 -20.766787
v 2.562840 -29.235836 -20.766792
v 2.530851 -29.203844 -20.766787
v 2.283222 -29.235836 -20.457085
v 2.315217 -29.203844 -20.457079
v 2.562840 -29.235836 -20.457085
v 2.530851 -29.203844 -20.457079
v 2.283222 -29.235836 -20.147379
v 2.315217 -29.203844 -20.147373
v 2.562840 -29.235836 -20.147381
v 2.530851 -29.203844 -20.147375
v 2.283219 -29.235836 -19.837673
v 2.315214 -29.203844 -19.837667
v 2.562840 -29.235836 -19.837675
v 2.530851 -29.203844 -19.837669
v 2.283213 -29.235836 -19.527966
v 2.315207 -29.203844 -19.527960
v 2.562840 -29.235836 -19.527967
v 2.530851 -29.203844 -19.527962
v 2.283194 -29.235836 -19.218262
v 2.315188 -29.203844 -19.218256
v 2.562840 -29.235836 -19.218269
v 2.530851 -29.203844 -19.218262
v 2.283138 -29.235836 -18.908554
v 2.315133 -29.203844 -18.908558
v 2.283056 -29.235836 -18.598860
v 2.315051 -29.203844 -18.598948
v 2.562840 -29.235836 -18.908642
v 2.530851 -29.203844 -18.908627
v 2.530851 -29.203844 -18.599585
v 2.562840 -29.235836 -18.599686
v 2.530851 -29.203844 -18.292454
v 2.562840 -29.235836 -18.292282
v 2.530851 -29.203844 -17.980572
v 2.562840 -29.235836 -17.980558
v 2.315058 -29.203844 -18.293646
v 2.283063 -29.235836 -18.293829
v 2.283139 -29.235836 -17.980728
v 2.315134 -29.203844 -17.980703
v 2.283194 -29.235836 -17.667759
v 2.315188 -29.203844 -17.667751
v 2.562840 -29.235836 -17.667740
v 2.530851 -29.203844 -17.667736
v 2.283213 -29.235836 -17.354782
v 2.315207 -29.203844 -17.354774
v 2.562840 -29.235836 -17.354774
v 2.530851 -29.203844 -17.354769
v 2.283218 -29.235836 -17.041805
v 2.315213 -29.203844 -17.041798
v 2.562840 -29.235836 -17.041801
v 2.530851 -29.203844 -17.041796
v 2.283222 -29.235836 -16.728828
v 2.315217 -29.203844 -16.728823
v 2.562840 -29.235836 -16.728825
v 2.530851 -29.203844 -16.728821
v 2.283222 -29.235836 -16.415852
v 2.315217 -29.203844 -16.415846
v 2.562840 -29.235836 -16.415848
v 2.530851 -29.203844 -16.415844
v 2.283222 -29.235836 -16.102871
v 2.315217 -29.203844 -16.102867
v 2.562840 -29.235836 -16.102871
v 2.530851 -29.203844 -16.102867
v 2.283222 -29.235836 -15.789895
v 2.315218 -29.203844 -15.789890
v 2.562840 -29.235836 -15.789895
v 2.530851 -29.203844 -15.789890
v 2.283223 -29.235836 -15.476918
v 2.315219 -29.203844 -15.476912
v 2.562840 -29.235836 -15.476911
v 2.530851 -29.203844 -15.476906
v 2.283229 -29.235836 -15.163941
v 2.315225 -29.203844 -15.163925
v 2.562840 -29.235836 -15.163841
v 2.530851 -29.203844 -15.163847
v 2.283250 -29.235836 -14.850944
v 2.315247 -29.203844 -14.850832
v 2.562840 -29.235836 -14.850020
v 2.530851 -29.203844 -14.850121
v 2.283302 -29.235836 -14.537681
v 2.315299 -29.203844 -14.537098
v 2.562840 -29.235836 -14.532633
v 2.530851 -29.203844 -14.533205
v 2.283341 -29.235836 -14.224042
v 2.315339 -29.203844 -14.221952
v 2.562840 -29.235836 -14.237823
v 2.530851 -29.203844 -14.173834
v 2.594832 -29.235836 -14.205831
v 2.283642 -29.235836 -13.936448
v 2.315639 -29.203844 -13.936146
v 2.283649 -29.235836 -13.651549
v 2.315647 -29.203844 -13.651814
v 2.283353 -29.235836 -13.363740
v 2.315353 -29.203844 -13.365766
v 2.846949 -29.235836 -13.655713
v 2.814960 -29.203844 -13.655504
v 2.562840 -29.235836 -13.349486
v 2.594832 -29.235836 -13.381478
v 2.530851 -29.203844 -13.413465
v 2.846949 -29.235836 -13.413471
v 2.814960 -29.203844 -13.413465
v 2.814957 -29.235836 -13.381478
v 2.530851 -29.203844 -13.056630
v 2.562840 -29.235836 -13.057180
v 2.315305 -29.203844 -13.052953
v 2.283303 -29.235836 -13.052412
v 2.530851 -29.203844 -12.741730
v 2.562840 -29.235836 -12.741833
v 2.315245 -29.203844 -12.741066
v 2.283241 -29.235836 -12.740973
v 2.530851 -29.203844 -12.429868
v 2.562840 -29.235836 -12.429882
v 2.315198 -29.203844 -12.429803
v 2.283192 -29.235836 -12.429798
v 2.530851 -29.203844 -12.118634
v 2.562840 -29.235836 -12.118639
v 2.315099 -29.203844 -12.118637
v 2.283090 -29.235836 -12.118642
v 2.530851 -29.203844 -11.807399
v 2.562840 -29.235836 -11.807393
v 2.314756 -29.203844 -11.807469
v 2.282743 -29.235836 -11.807485
v 2.530851 -29.203844 -11.495531
v 2.562840 -29.235836 -11.495437
v 2.313437 -29.203844 -11.496208
v 2.281418 -29.235836 -11.496313
v 2.530851 -29.203844 -11.180588
v 2.562840 -29.235836 -11.180046
v 2.594832 -29.235836 -10.855584
v 2.562840 -29.235836 -10.887576
v 2.530851 -29.203844 -10.823587
v 2.276256 -29.235836 -11.184939
v 2.308276 -29.203844 -11.184388
v 2.257627 -29.235836 -10.874758
v 2.289570 -29.203844 -10.872746
v 2.244813 -29.235836 -10.587434
v 2.250070 -29.203844 -10.619421
v 2.217750 -29.235836 -10.619044
v 2.553406 -29.235836 -10.587434
v 2.554534 -29.203844 -10.619421
v 2.874912 -29.235836 -10.587434
v 2.875063 -29.203844 -10.619421
v 3.189270 -29.235836 -10.587434
v 3.189280 -29.203844 -10.619421
v 2.876153 -29.235836 -10.855584
v 2.876008 -29.203844 -10.823587
v 3.189330 -29.203844 -10.823587
v 3.189334 -29.235836 -10.855584
v 3.502322 -29.203844 -10.823587
v 3.502319 -29.235836 -10.855584
v 3.815284 -29.203844 -10.823587
v 3.815281 -29.235836 -10.855584
v 3.502320 -29.235836 -10.587434
v 3.502323 -29.203844 -10.619421
v 3.815282 -29.235836 -10.587434
v 3.815285 -29.203844 -10.619421
v 4.128243 -29.235836 -10.587434
v 4.128246 -29.203844 -10.619421
v 4.441206 -29.235836 -10.587434
v 4.441208 -29.203844 -10.619421
v 4.128243 -29.235836 -10.855584
v 4.128246 -29.203844 -10.823587
v 4.441208 -29.203844 -10.823587
v 4.441206 -29.235836 -10.855584
v 4.754164 -29.203844 -10.823587
v 4.754161 -29.235836 -10.855584
v 5.067070 -29.203844 -10.823587
v 5.067070 -29.235836 -10.855584
v 4.754159 -29.235836 -10.587434
v 4.754162 -29.203844 -10.619421
v 5.067050 -29.235836 -10.587434
v 5.067055 -29.203844 -10.619421
v 5.379709 -29.235836 -10.587434
v 5.379739 -29.203844 -10.619421
v 5.691741 -29.235836 -10.587434
v 5.691936 -29.203844 -10.619421
v 5.379942 -29.235836 -10.855584
v 5.379917 -29.203844 -10.823587
v 5.693164 -29.203844 -10.823587
v 5.693354 -29.235836 -10.855584
v 6.008714 -29.203844 -10.823587
v 6.009646 -29.235836 -10.855584
v 5.969812 -29.235836 -10.587434
v 6.000858 -29.235836 -10.555456
v 6.034768 -29.203844 -10.619421
v 6.335845 -29.235836 -10.823592
v 6.303854 -29.235836 -10.855584
v 6.303852 -29.203844 -10.823587
v 6.303852 -29.203844 -10.562414
v 6.335845 -29.235836 -10.559769
v 6.303852 -29.203844 -10.235747
v 6.335845 -29.235836 -10.234938
v 6.303851 -29.203844 -9.902638
v 6.335845 -29.235836 -9.902640
v 6.023621 -29.203844 -10.242880
v 5.991629 -29.235836 -10.243699
v 5.991553 -29.235836 -9.902667
v 6.023546 -29.203844 -9.902659
v 5.991553 -29.235836 -9.568988
v 6.023547 -29.203844 -9.569037
v 5.991553 -29.235836 -9.233830
v 6.023547 -29.203844 -9.234457
v 6.335858 -29.235836 -9.569571
v 6.303862 -29.203844 -9.569511
v 6.306085 -29.203844 -9.240034
v 6.338079 -29.235836 -9.240670
v 6.394316 -29.235836 -8.895710
v 6.360081 -29.235836 -8.927623
v 6.332532 -29.203844 -8.863713
v 6.357962 -29.203840 -8.638915
v 6.357416 -29.235832 -8.606928
v 6.023547 -29.203844 -8.895155
v 5.991553 -29.235836 -8.895108
v 6.675116 -29.203842 -8.863713
v 6.675117 -29.235836 -8.895710
v 6.993783 -29.203842 -8.863713
v 6.993780 -29.235836 -8.895710
v 6.675074 -29.235832 -8.606928
v 6.675082 -29.203840 -8.638915
v 6.993778 -29.235832 -8.606928
v 6.993782 -29.203840 -8.638915
v 7.312493 -29.235832 -8.606928
v 7.312496 -29.203840 -8.638915
v 7.631207 -29.235832 -8.606928
v 7.631210 -29.203840 -8.638915
v 7.312491 -29.235836 -8.895710
v 7.312494 -29.203842 -8.863713
v 7.631208 -29.203842 -8.863713
v 7.631205 -29.235836 -8.895710
v 7.949920 -29.203842 -8.863713
v 7.949916 -29.235836 -8.895710
v 8.268631 -29.203842 -8.863713
v 8.268627 -29.235836 -8.895710
v 7.949916 -29.235832 -8.606928
v 7.949920 -29.203840 -8.638916
v 8.268631 -29.235832 -8.606928
v 8.268633 -29.203840 -8.638916
v 8.587341 -29.235832 -8.606928
v 8.587345 -29.203840 -8.638916
v 8.906054 -29.235832 -8.606928
v 8.906056 -29.203840 -8.638916
v 8.587339 -29.235836 -8.895710
v 8.587343 -29.203842 -8.863713
v 8.906055 -29.203842 -8.863713
v 8.906052 -29.235836 -8.895710
v 9.224769 -29.203842 -8.863713
v 9.224765 -29.235836 -8.895710
v 9.543478 -29.203842 -8.863713
v 9.543475 -29.235836 -8.895710
v 9.224766 -29.235832 -8.606928
v 9.224769 -29.203840 -8.638917
v 9.543475 -29.235832 -8.606928
v 9.543478 -29.203840 -8.638918
v 9.862189 -29.235832 -8.606928
v 9.862192 -29.203840 -8.638918
v 10.180902 -29.235832 -8.606928
v 10.180904 -29.203840 -8.638919
v 9.862186 -29.235836 -8.895710
v 9.862190 -29.203842 -8.863713
v 10.180903 -29.203842 -8.863713
v 10.180900 -29.235836 -8.895710
v 10.499615 -29.203842 -8.863713
v 10.499611 -29.235836 -8.895710
v 10.818325 -29.203842 -8.863713
v 10.818321 -29.235836 -8.895710
v 10.499613 -29.235832 -8.606928
v 10.499616 -29.203840 -8.638921
v 10.818321 -29.235832 -8.606928
v 10.818325 -29.203840 -8.638923
v 11.137034 -29.235832 -8.606928
v 11.137038 -29.203840 -8.638925
v 11.455745 -29.235832 -8.606928
v 11.455748 -29.203840 -8.638928
v 11.137034 -29.235836 -8.895710
v 11.137038 -29.203842 -8.863713
v 11.455748 -29.203842 -8.863713
v 11.455745 -29.235836 -8.895710
v 11.774460 -29.203842 -8.863713
v 11.774457 -29.235836 -8.895710
v 12.093172 -29.203842 -8.863713
v 12.093168 -29.235836 -8.895710
v 11.774457 -29.235832 -8.606928
v 11.774460 -29.203840 -8.638932
v 12.093168 -29.235832 -8.606928
v 12.093172 -29.203840 -8.638938
v 12.411880 -29.235832 -8.606928
v 12.411884 -29.203840 -8.638946
v 12.730595 -29.235832 -8.606928
v 12.730598 -29.203840 -8.638955
v 12.411880 -29.235836 -8.895710
v 12.411884 -29.203842 -8.863713
v 12.730598 -29.203842 -8.863713
v 12.730595 -29.235836 -8.895710
v 13.049308 -29.203842 -8.863713
v 13.049305 -29.235836 -8.895710
v 13.368019 -29.203842 -8.863713
v 13.368015 -29.235836 -8.895710
v 13.049305 -29.235832 -8.606928
v 13.049308 -29.203840 -8.638968
v 13.368015 -29.235832 -8.606928
v 13.368019 -29.203840 -8.638986
v 13.686728 -29.235832 -8.606928
v 13.686731 -29.203840 -8.639009
v 14.005442 -29.235832 -8.606928
v 14.005445 -29.203840 -8.639039
v 13.686728 -29.235836 -8.895710
v 13.686731 -29.203842 -8.863713
v 14.005444 -29.203842 -8.863713
v 14.005440 -29.235836 -8.895710
v 14.324156 -29.203842 -8.863713
v 14.324152 -29.235836 -8.895710
v 14.642859 -29.203842 -8.863713
v 14.642855 -29.235836 -8.895710
v 14.324154 -29.235832 -8.606928
v 14.324158 -29.203840 -8.639079
v 14.642872 -29.235832 -8.606928
v 14.642873 -29.203840 -8.639132
v 14.960838 -29.235832 -8.606928
v 14.960283 -29.203840 -8.639203
v 14.955845 -29.235836 -8.895710
v 14.956402 -29.203842 -8.863713
v 15.329149 -29.235832 -8.657763
v 15.319931 -29.203840 -8.688928
v 15.226770 -29.235836 -8.895710
v 15.290758 -29.203844 -8.863713
v 15.258762 -29.235836 -8.927702
v 15.571489 -29.235832 -8.680139
v 15.539503 -29.203840 -8.680246
v 15.537579 -29.235832 -8.649477
v 15.584774 -29.235836 -8.898442
v 15.552767 -29.203844 -8.898170
v 15.585588 -29.235836 -9.234158
v 15.553586 -29.203844 -9.234163
v 15.585588 -29.235836 -9.565969
v 15.553589 -29.203844 -9.565964
v 15.258762 -29.235836 -9.234261
v 15.290758 -29.203844 -9.234245
v 15.290758 -29.203844 -9.565964
v 15.258762 -29.235836 -9.565969
v 15.290758 -29.203844 -9.897646
v 15.258762 -29.235836 -9.897651
v 15.290758 -29.203844 -10.228274
v 15.258762 -29.235836 -10.227845
v 15.585588 -29.235836 -9.897655
v 15.553591 -29.203844 -9.897650
v 15.585588 -29.235836 -10.232278
v 15.553591 -29.203844 -10.231839
v 15.617580 -29.235836 -10.572988
v 15.553592 -29.203844 -10.604975
v 15.585588 -29.235836 -10.540996
v 15.895248 -29.235836 -10.572988
v 15.895123 -29.203844 -10.604975
v 15.580685 -29.203844 -10.820008
v 15.580046 -29.235836 -10.852005
v 15.258762 -29.235836 -10.552092
v 15.290758 -29.203844 -10.554132
v 15.290754 -29.235836 -10.852005
v 15.258762 -29.235836 -10.820013
v 15.290758 -29.203844 -10.820008
v 15.894260 -29.203844 -10.820008
v 15.894129 -29.235836 -10.852005
v 16.206123 -29.203844 -10.820008
v 16.206102 -29.235836 -10.852005
v 16.517660 -29.203844 -10.820008
v 16.517656 -29.235836 -10.852005
v 16.206242 -29.203844 -10.604975
v 16.206257 -29.235836 -10.572988
v 16.517660 -29.235836 -10.572988
v 16.517662 -29.203844 -10.604975
v 16.829157 -29.235836 -10.572988
v 16.829161 -29.203844 -10.604975
v 17.140652 -29.235836 -10.572988
v 17.140656 -29.203844 -10.604975
v 16.829161 -29.203844 -10.820008
v 16.829157 -29.235836 -10.852005
v 17.140656 -29.203844 -10.820008
v 17.140652 -29.235836 -10.852005
v 17.452152 -29.203844 -10.820008
v 17.452148 -29.235836 -10.852005
v 17.763649 -29.203844 -10.820008
v 17.763645 -29.235836 -10.852005
v 17.452148 -29.203844 -10.604975
v 17.452145 -29.235836 -10.572988
v 17.763645 -29.235836 -10.572988
v 17.763649 -29.203844 -10.604975
v 18.075096 -29.235836 -10.572988
v 18.075121 -29.203844 -10.604975
v 18.386133 -29.235836 -10.572988
v 18.386444 -29.203844 -10.604975
v 18.075260 -29.203844 -10.820008
v 18.075277 -29.235836 -10.852005
v 18.388506 -29.203844 -10.820008
v 18.388809 -29.235836 -10.852005
v 18.710529 -29.203844 -10.820008
v 18.712639 -29.235836 -10.852005
v 19.058851 -29.235836 -10.883984
v 19.025948 -29.235836 -10.852005
v 19.089020 -29.203844 -10.820008
v 18.696333 -29.203844 -10.604975
v 18.694218 -29.235836 -10.572988
v 18.972424 -29.235836 -10.572988
v 18.982233 -29.203844 -10.604975
v 19.149698 -29.235836 -10.603157
v 19.118240 -29.203844 -10.604975
v 19.107063 -29.235836 -10.572988
v 19.241856 -29.235836 -10.864384
v 19.209049 -29.203844 -10.862170
v 19.284672 -29.235836 -11.170768
v 19.252245 -29.203844 -11.170371
v 19.066944 -29.235836 -11.168134
v 19.098946 -29.203844 -11.168516
v 19.296703 -29.235836 -11.480402
v 19.264393 -29.203844 -11.480335
v 19.066944 -29.235836 -11.479959
v 19.098944 -29.203844 -11.480017
v 19.299706 -29.235836 -11.790254
v 19.267473 -29.203844 -11.790242
v 19.066944 -29.235836 -11.790208
v 19.098942 -29.203844 -11.790210
v 19.300457 -29.235836 -12.100119
v 19.268284 -29.203844 -12.100114
v 19.066944 -29.235836 -12.100119
v 19.098942 -29.203844 -12.100114
v 19.300652 -29.235836 -12.409985
v 19.268524 -29.203844 -12.409980
v 19.066944 -29.235836 -12.409985
v 19.098942 -29.203844 -12.409980
v 19.300705 -29.235836 -12.719850
v 19.268612 -29.203844 -12.719845
v 19.066944 -29.235836 -12.719851
v 19.098942 -29.203844 -12.719847
v 19.300720 -29.235836 -13.029716
v 19.268652 -29.203844 -13.029711
v 19.066944 -29.235836 -13.029717
v 19.098942 -29.203844 -13.029713
v 19.300728 -29.235836 -13.339583
v 19.268679 -29.203844 -13.339579
v 19.066944 -29.235836 -13.339581
v 19.098942 -29.203844 -13.339577
v 19.300728 -29.235836 -13.649445
v 19.268692 -29.203844 -13.649440
v 19.066944 -29.235836 -13.649446
v 19.098942 -29.203844 -13.649441
v 19.300728 -29.235836 -13.959312
v 19.268703 -29.203844 -13.959307
v 19.066944 -29.235836 -13.959311
v 19.098940 -29.203844 -13.959306
v 19.300728 -29.235836 -14.269179
v 19.268711 -29.203844 -14.269174
v 19.066944 -29.235836 -14.269177
v 19.098940 -29.203844 -14.269173
v 19.300728 -29.235836 -14.579041
v 19.268719 -29.203844 -14.579037
v 19.066944 -29.235836 -14.579042
v 19.098940 -29.203844 -14.579037
v 19.300728 -29.235836 -14.888909
v 19.268723 -29.203844 -14.888905
v 19.066944 -29.235836 -14.888908
v 19.098940 -29.203844 -14.888903
v 19.300728 -29.235836 -15.198775
v 19.268726 -29.203844 -15.198771
v 19.066944 -29.235836 -15.198775
v 19.098940 -29.203844 -15.198771
v 19.300728 -29.235836 -15.508640
v 19.268730 -29.203844 -15.508635
v 19.066944 -29.235836 -15.508640
v 19.098940 -29.203844 -15.508635
v 19.300728 -29.235836 -15.818506
v 19.268730 -29.203844 -15.818501
v 19.066944 -29.235836 -15.818506
v 19.098940 -29.203844 -15.818501
v 19.300728 -29.235836 -16.128372
v 19.268734 -29.203844 -16.128366
v 19.066944 -29.235836 -16.128372
v 19.098940 -29.203844 -16.128366
v 19.300728 -29.235836 -16.438236
v 19.268734 -29.203844 -16.438232
v 19.066944 -29.235836 -16.438236
v 19.098940 -29.203844 -16.438232
v 19.300728 -29.235836 -16.748104
v 19.268734 -29.203844 -16.748098
v 19.066944 -29.235836 -16.748104
v 19.098940 -29.203844 -16.748098
v 19.300728 -29.235836 -17.057968
v 19.268736 -29.203844 -17.057964
v 19.066944 -29.235836 -17.057968
v 19.098940 -29.203844 -17.057962
v 19.300728 -29.235836 -17.367836
v 19.268736 -29.203844 -17.367830
v 19.066944 -29.235836 -17.367836
v 19.098940 -29.203844 -17.367830
v 19.300728 -29.235836 -17.677700
v 19.268738 -29.203844 -17.677694
v 19.066944 -29.235836 -17.677700
v 19.098940 -29.203844 -17.677694
v 19.300728 -29.235836 -17.987568
v 19.268738 -29.203844 -17.987562
v 19.066944 -29.235836 -17.987568
v 19.098940 -29.203844 -17.987562
v 19.300728 -29.235836 -18.297432
v 19.268738 -29.203844 -18.297426
v 19.066944 -29.235836 -18.297432
v 19.098940 -29.203844 -18.297426
v 19.300728 -29.235836 -18.607298
v 19.268738 -29.203844 -18.607292
v 19.066944 -29.235836 -18.607298
v 19.098940 -29.203844 -18.607292
v 19.300728 -29.235836 -18.917164
v 19.268738 -29.203844 -18.917158
v 19.066944 -29.235836 -18.917164
v 19.098940 -29.203844 -18.917158
v 19.300728 -29.235836 -19.227028
v 19.268738 -29.203844 -19.227022
v 19.066944 -29.235836 -19.227028
v 19.098940 -29.203844 -19.227022
v 19.300728 -29.235836 -19.536894
v 19.268738 -29.203844 -19.536888
v 19.066944 -29.235836 -19.536894
v 19.098940 -29.203844 -19.536888
v 19.300728 -29.235836 -19.846760
v 19.268738 -29.203844 -19.846754
v 19.066944 -29.235836 -19.846760
v 19.098940 -29.203844 -19.846754
v 19.300728 -29.235836 -20.156626
v 19.268738 -29.203844 -20.156620
v 19.066944 -29.235836 -20.156626
v 19.098940 -29.203844 -20.156620
v 19.300728 -29.235836 -20.466492
v 19.268738 -29.203844 -20.466486
v 19.066944 -29.235836 -20.466492
v 19.098940 -29.203844 -20.466486
v 19.300728 -29.235836 -20.776356
v 19.268736 -29.203844 -20.776350
v 19.066944 -29.235836 -20.776356
v 19.098940 -29.203844 -20.776350
v 19.300728 -29.235836 -21.086222
v 19.268736 -29.203844 -21.086216
v 19.066944 -29.235836 -21.086222
v 19.098940 -29.203844 -21.086216
v 19.300728 -29.235836 -21.396088
v 19.268734 -29.203844 -21.396082
v 19.066944 -29.235836 -21.396088
v 19.098940 -29.203844 -21.396082
v 19.300724 -29.235836 -21.705954
v 19.268732 -29.203844 -21.705948
v 19.066944 -29.235836 -21.705954
v 19.098940 -29.203844 -21.705948
v 19.300728 -29.235836 -22.015820
v 19.268734 -29.203844 -22.015814
v 19.066944 -29.235836 -22.015820
v 19.098940 -29.203844 -22.015814
v 19.300728 -29.235836 -22.325686
v 19.268732 -29.203844 -22.325680
v 19.066944 -29.235836 -22.325686
v 19.098940 -29.203844 -22.325680
v 19.300728 -29.235836 -22.635551
v 19.268730 -29.203844 -22.635546
v 19.066944 -29.235836 -22.635551
v 19.098940 -29.203844 -22.635546
v 19.300728 -29.235836 -22.945415
v 19.268726 -29.203844 -22.945410
v 19.066944 -29.235836 -22.945415
v 19.098942 -29.203844 -22.945410
v 19.300728 -29.235836 -23.255281
v 19.268723 -29.203844 -23.255276
v 19.066944 -29.235836 -23.255281
v 19.098942 -29.203844 -23.255276
v 19.300720 -29.235836 -23.565147
v 19.268711 -29.203844 -23.565142
v 19.066944 -29.235836 -23.565147
v 19.098942 -29.203844 -23.565142
v 19.300701 -29.235836 -23.875023
v 19.268688 -29.203844 -23.875040
v 19.066944 -29.235836 -23.875187
v 19.098942 -29.203844 -23.875158
v 19.300762 -29.235836 -24.184925
v 19.268742 -29.203844 -24.185047
v 19.066944 -29.235836 -24.185852
v 19.098942 -29.203844 -24.185719
v 19.301449 -29.235836 -24.494717
v 19.269417 -29.203844 -24.495211
v 19.067078 -29.235836 -24.498379
v 19.099075 -29.203844 -24.497873
v 19.303116 -29.235836 -24.804247
v 19.271072 -29.203844 -24.805309
v 19.107271 -29.203844 -24.810770
v 19.075287 -29.235836 -24.811842
v 19.299248 -29.235836 -25.113947
v 19.267189 -29.203844 -25.114803
v 6.023545 -29.235832 -8.606928
v 6.023547 -29.203840 -8.638915
v 5.991553 -29.235832 -8.638920
v 2.846949 -29.235836 -13.931804
v 2.814960 -29.203844 -13.932029
v 2.814957 -29.235836 -14.205831
v 2.814960 -29.203844 -14.173834
v 2.846949 -29.235836 -14.173839
v 2.313545 -29.203844 -25.992607
v 2.281559 -29.235836 -25.992592
v 2.530851 -29.203844 -25.992758
v 2.562840 -29.235836 -25.992786
v 2.314614 -29.203844 -26.282753
v 2.282625 -29.235836 -26.282757
v 2.530851 -29.203844 -26.282774
v 2.562840 -29.235836 -26.282784
v 2.315017 -29.203844 -26.572910
v 2.283027 -29.235836 -26.572914
v 2.530851 -29.203844 -26.572912
v 2.562840 -29.235836 -26.572918
v 2.315152 -29.203844 -26.863060
v 2.283161 -29.235836 -26.863075
v 2.530851 -29.203844 -26.862984
v 2.562840 -29.235836 -26.862980
v 2.315201 -29.203844 -27.153194
v 2.283209 -29.235836 -27.153271
v 2.530851 -29.203844 -27.152725
v 2.562840 -29.235836 -27.152660
v 2.315262 -29.203844 -27.443565
v 2.283269 -29.235836 -27.443924
v 2.530851 -29.203844 -27.441193
v 2.562840 -29.235836 -27.440845
v 2.315578 -29.203844 -27.734608
v 2.283586 -29.235836 -27.735832
v 2.530851 -29.203844 -27.726410
v 2.562840 -29.235836 -27.725197
v 2.315571 -29.203844 -27.992311
v 2.283578 -29.235836 -27.991219
v 2.530851 -29.203844 -27.999706
v 2.562840 -29.235836 -28.000813
v 2.315260 -29.203844 -28.281454
v 2.283266 -29.235836 -28.281124
v 2.530851 -29.203844 -28.283718
v 2.562840 -29.235836 -28.284058
v 2.315228 -29.203844 -28.570408
v 2.283235 -29.235836 -28.570347
v 2.530851 -29.203844 -28.570856
v 2.562840 -29.235836 -28.570927
v 2.315252 -29.203844 -28.859135
v 2.283258 -29.235836 -28.859131
v 2.530851 -29.203844 -28.859196
v 2.562840 -29.235836 -28.859211
v 2.315318 -29.203844 -29.147873
v 2.283324 -29.235836 -29.147884
v 2.530851 -29.203844 -29.147844
v 2.562840 -29.235836 -29.147846
v 2.315403 -29.203844 -29.436699
v 2.283408 -29.235836 -29.436726
v 2.562840 -29.235836 -29.404541
v 2.594832 -29.235836 -29.436531
v 2.530851 -29.203844 -29.468519
v 2.315305 -29.235836 -29.723766
v 2.283340 -29.235836 -29.692879
v 2.315335 -29.203844 -29.691765
v 2.562843 -29.203844 -29.683212
v 2.562840 -29.235836 -29.715214
v 2.880682 -29.203844 -29.683212
v 2.880679 -29.235836 -29.715214
v 2.880687 -29.203844 -29.468519
v 2.880685 -29.235836 -29.436531
v 3.197803 -29.203844 -29.683214
v 3.197800 -29.235836 -29.715214
v 3.197807 -29.203844 -29.468519
v 3.197805 -29.235836 -29.436531
v 3.514560 -29.203844 -29.683214
v 3.514557 -29.235836 -29.715214
v 3.514560 -29.203844 -29.468519
v 3.514557 -29.235836 -29.436531
v 3.831242 -29.203844 -29.683216
v 3.831239 -29.235836 -29.715214
v 3.831242 -29.203844 -29.468519
v 3.831239 -29.235836 -29.436531
v 4.147922 -29.203844 -29.683216
v 4.147919 -29.235836 -29.715214
v 4.147923 -29.203844 -29.468519
v 4.147920 -29.235836 -29.436531
v 4.464591 -29.203844 -29.683216
v 4.464580 -29.235836 -29.715214
v 4.464642 -29.203844 -29.468519
v 4.464647 -29.235836 -29.436531
v 4.781130 -29.203844 -29.683216
v 4.781027 -29.235836 -29.715214
v 4.781800 -29.203844 -29.468519
v 4.781898 -29.235836 -29.436531
v 5.096780 -29.203844 -29.683216
v 5.096117 -29.235836 -29.715214
v 5.101210 -29.203844 -29.468519
v 5.101867 -29.235836 -29.436531
v 5.407178 -29.203844 -29.683216
v 5.404178 -29.235836 -29.715214
v 5.398296 -29.235836 -29.436531
v 5.430288 -29.235836 -29.404541
v 5.462283 -29.203844 -29.468519
v 5.681364 -29.203844 -29.683216
v 5.684263 -29.235836 -29.715214
v 5.991169 -29.203844 -29.683216
v 5.991799 -29.235836 -29.715214
v 6.305982 -29.203844 -29.683216
v 6.306073 -29.235836 -29.715214
v 6.621573 -29.203844 -29.683216
v 6.621577 -29.235836 -29.715214
v 6.937271 -29.203844 -29.683216
v 6.937268 -29.235836 -29.715214
v 7.252984 -29.203844 -29.683216
v 7.252981 -29.235836 -29.715214
v 7.568683 -29.203844 -29.683216
v 7.568671 -29.235836 -29.715214
v 7.884250 -29.203844 -29.683216
v 7.884143 -29.235836 -29.715214
v 8.198904 -29.203844 -29.683216
v 8.198217 -29.235836 -29.715214
v 8.508055 -29.203844 -29.683216
v 8.504938 -29.235836 -29.715214
v 8.779449 -29.203844 -29.683216
v 8.782197 -29.235836 -29.715214
v 9.084331 -29.203844 -29.683216
v 9.084932 -29.235836 -29.715214
v 9.393768 -29.203844 -29.683216
v 9.393856 -29.235836 -29.715214
v 9.703914 -29.203844 -29.683216
v 9.703918 -29.235836 -29.715214
v 5.430288 -29.235836 -27.942066
v 5.462283 -29.203844 -27.942060
v 5.430288 -29.235836 -28.240810
v 5.462283 -29.203844 -28.240807
v 5.430288 -29.235836 -28.539562
v 5.462283 -29.203844 -28.539558
v 5.430288 -29.235836 -28.838345
v 5.462283 -29.203844 -28.838339
v 5.462283 -29.203844 -29.137280
v 5.430288 -29.235836 -29.137283
v 5.461548 -29.203844 -26.154089
v 5.429553 -29.235836 -26.156742
v 7.304545 -29.235836 -25.921543
v 7.305484 -29.203844 -25.953522
v 9.391447 -29.235836 -25.903339
v 9.391339 -29.203844 -25.935329
v 10.322783 -29.235836 -25.903339
v 10.322787 -29.203844 -25.935324
v 10.633292 -29.235836 -25.903339
v 10.633296 -29.203844 -25.935320
v 10.943805 -29.235836 -25.903339
v 10.943809 -29.203844 -25.935318
v 11.564821 -29.235836 -25.903339
v 11.564825 -29.203844 -25.935308
v 11.875324 -29.235836 -25.903339
v 11.875332 -29.203844 -25.935301
v 12.185690 -29.235836 -25.903339
v 12.185771 -29.203844 -25.935291
v 12.494856 -29.235836 -25.903347
v 12.495444 -29.203844 -25.935287
v 12.798031 -29.235836 -25.904861
v 12.800775 -29.203844 -25.936796
v 13.082535 -29.235836 -25.908886
v 13.077898 -29.203844 -25.940695
v 13.388945 -29.235836 -25.931610
v 13.386688 -29.203844 -25.963572
v 13.702591 -29.235836 -25.954880
v 13.700911 -29.203844 -25.986866
v 14.016888 -29.235836 -25.978195
v 14.015645 -29.203844 -26.010201
v 14.330378 -29.235836 -25.996979
v 14.329922 -29.203844 -26.029015
v 14.646065 -29.235836 -25.996979
v 14.645943 -29.203844 -26.029003
v 14.962721 -29.235836 -25.996979
v 14.962715 -29.203844 -26.028996
v 15.279865 -29.235836 -25.996979
v 15.280083 -29.203844 -26.028992
v 15.598408 -29.235836 -25.996979
v 15.600157 -29.203844 -26.028988
v 15.266573 -29.203844 -29.683216
v 15.266462 -29.235836 -29.715214
v 15.581475 -29.203844 -29.683216
v 15.580761 -29.235836 -29.715214
v 15.890526 -29.203844 -29.683216
v 15.887270 -29.235836 -29.715214
v 16.159922 -29.203844 -29.683216
v 16.162445 -29.235836 -29.715214
v 16.459764 -29.203844 -29.683216
v 16.460323 -29.235836 -29.715214
v 16.455996 -29.203844 -29.468519
v 16.455431 -29.235836 -29.436531
v 16.763580 -29.203844 -29.683218
v 16.763662 -29.235836 -29.715214
v 16.763008 -29.203844 -29.468519
v 16.762918 -29.235836 -29.436531
v 17.068008 -29.203844 -29.683218
v 17.068012 -29.235836 -29.715214
v 17.067968 -29.203844 -29.468519
v 17.067959 -29.235836 -29.436531
v 17.372536 -29.203844 -29.683220
v 17.372532 -29.235836 -29.715214
v 17.372536 -29.203844 -29.468519
v 17.372532 -29.235836 -29.436531
v 17.677076 -29.203844 -29.683220
v 17.677073 -29.235836 -29.715214
v 17.677076 -29.203844 -29.468519
v 17.677073 -29.235836 -29.436531
v 17.981613 -29.203844 -29.683220
v 17.981609 -29.235836 -29.715214
v 17.981613 -29.203844 -29.468519
v 17.981609 -29.235836 -29.436531
v 18.286152 -29.203844 -29.683224
v 18.286148 -29.235836 -29.715214
v 18.286152 -29.203844 -29.468519
v 18.286148 -29.235836 -29.436531
v 18.590542 -29.203844 -29.683226
v 18.590538 -29.235836 -29.715214
v 18.590542 -29.203844 -29.468519
v 18.590538 -29.235836 -29.436531
v 18.894218 -29.203844 -29.683228
v 18.894215 -29.235836 -29.715214
v 18.894218 -29.203844 -29.468519
v 18.894215 -29.235836 -29.436531
v 19.157713 -29.203844 -29.683231
v 19.153900 -29.235836 -29.715214
v 19.155121 -29.235836 -29.436531
v 19.188065 -29.235836 -29.404554
v 19.218153 -29.203844 -29.468519
v 19.360809 -29.235836 -29.687618
v 19.328827 -29.235836 -29.718931
v 19.328808 -29.203844 -29.686871
v 19.328808 -29.203844 -29.432411
v 19.360809 -29.235836 -29.431488
v 19.333509 -29.203844 -29.120308
v 19.365501 -29.235836 -29.120087
v 19.228497 -29.203844 -29.121050
v 19.196499 -29.235836 -29.121281
v 19.333508 -29.203844 -28.809723
v 19.365501 -29.235836 -28.809689
v 19.228497 -29.203844 -28.809849
v 19.196499 -29.235836 -28.809895
v 19.333508 -29.203844 -28.499765
v 19.365501 -29.235836 -28.499767
v 19.228497 -29.203844 -28.499777
v 19.196499 -29.235836 -28.499786
v 19.333504 -29.203844 -28.189920
v 19.365501 -29.235836 -28.189926
v 19.228495 -29.203844 -28.189920
v 19.196499 -29.235836 -28.189926
v 19.333502 -29.203844 -27.880083
v 19.365501 -29.235836 -27.880089
v 19.228495 -29.203844 -27.880083
v 19.196499 -29.235836 -27.880089
v 19.333498 -29.203844 -27.570246
v 19.365501 -29.235836 -27.570251
v 19.228493 -29.203844 -27.570246
v 19.196499 -29.235836 -27.570251
v 19.333492 -29.203844 -27.260408
v 19.365501 -29.235836 -27.260414
v 19.228493 -29.203844 -27.260408
v 19.196499 -29.235836 -27.260414
v 19.333488 -29.203844 -26.950571
v 19.365501 -29.235836 -26.950577
v 19.228493 -29.203844 -26.950571
v 19.196499 -29.235836 -26.950577
v 19.333479 -29.203844 -26.640732
v 19.365501 -29.235836 -26.640736
v 19.228493 -29.203844 -26.640730
v 19.196499 -29.235836 -26.640736
v 19.333467 -29.203844 -26.330894
v 19.365501 -29.235836 -26.330898
v 19.228493 -29.203844 -26.330894
v 19.196499 -29.235836 -26.330902
v 19.333454 -29.203844 -26.021034
v 19.365501 -29.235836 -26.021049
v 19.228493 -29.203844 -26.021008
v 19.196499 -29.235836 -26.021004
v 19.333433 -29.203844 -25.705873
v 19.365501 -29.235836 -25.706436
v 19.164505 -29.235836 -25.703499
v 19.228493 -29.203844 -25.671501
v 19.196499 -29.235836 -25.735493
v 19.383030 -29.235836 -25.420496
v 19.409569 -29.235836 -25.451647
v 19.377235 -29.203844 -25.452553
v 15.947594 -29.235836 -25.564789
v 15.947598 -29.203844 -25.596823
v 15.915602 -29.235836 -25.596783
vn -0.0000 -1.0000 -0.0000
vn -0.0000 1.0000 -0.0000
vn -0.3802 -0.8786 0.2890
vn 0.3008 -0.9147 0.2700
vn 0.3136 -0.9008 -0.3003
vn -0.3014 -0.9046 0.3015
vn 0.3015 -0.9046 0.3015
vn 0.3015 -0.9045 0.3015
vn 0.5792 -0.5770 0.5759
vn -0.3043 -0.9037 -0.3012
vn 0.3015 -0.9045 -0.3015
vn 0.3974 -0.8737 0.2805
vn 0.5773 -0.5774 0.5773
vn -0.6004 -0.6126 0.5140
vn -0.3022 -0.9070 0.2934
vn 0.5773 -0.5774 -0.5773
vn 0.2991 -0.8986 -0.3209
vn -0.3015 -0.9045 -0.3015
vn 0.5563 -0.5585 0.6153
vn -0.5774 -0.5773 -0.5774
vn -0.3007 -0.9021 -0.3094
vn 0.4921 -0.5237 0.6954
vn -0.5774 -0.5773 0.5774
vn 0.5774 -0.5773 -0.5774
vn -0.5640 -0.5841 -0.5837
vn -0.3015 -0.9045 0.3015
vn -0.3006 -0.9020 0.3097
vn 0.5687 -0.5824 -0.5809
vn 0.5979 -0.6190 0.5093
vn -0.5771 -0.5779 0.5771
vn -0.3802 0.8786 0.2890
vn 0.3008 0.9146 0.2700
vn 0.3136 0.9008 -0.3003
vn -0.3015 0.9046 0.3015
vn 0.3015 0.9045 0.3015
vn 0.5793 0.5768 0.5760
vn -0.3042 0.9037 -0.3012
vn 0.3015 0.9045 -0.3015
vn 0.3974 0.8737 0.2805
vn 0.5774 0.5773 0.5774
vn -0.6004 0.6126 0.5140
vn -0.3022 0.9070 0.2934
vn 0.5773 0.5774 -0.5773
vn 0.2991 0.8986 -0.3209
vn -0.3015 0.9046 -0.3015
vn 0.5564 0.5584 0.6154
vn -0.5773 0.5774 -0.5773
vn -0.3007 0.9022 -0.3093
vn 0.4922 0.5235 0.6955
vn -0.5774 0.5773 0.5774
vn -0.5639 0.5843 -0.5836
vn -0.3015 0.9045 0.3015
vn -0.3006 0.9020 0.3097
vn 0.5687 0.5825 -0.5808
vn -0.3015 0.9045 -0.3015
vn 0.5980 0.6188 0.5094
vn -0.5771 0.5779 0.5771
vn -0.7071 -0.7071 0.0002
vn -0.1927 -0.6948 0.6929
vn -0.0173 -0.7099 0.7040
vn 0.0001 -0.7093 0.7049
vn -0.0000 -0.7071 -0.7071
vn -0.0000 -0.7072 -0.7071
vn 0.0002 -0.7072 -0.7070
vn 0.0307 -0.7065 -0.7070
vn 0.7072 -0.7070 -0.0000
vn 0.7072 -0.7070 -0.0003
vn 0.7070 -0.7072 -0.0016
vn 0.7070 -0.7072 -0.0021
vn 0.7070 -0.7072 -0.0006
vn 0.7070 -0.7072 -0.0000
vn -0.0000 -0.7071 -0.7072
vn -0.0000 -0.7070 -0.7072
vn -0.7071 -0.7071 -0.0004
vn -0.7071 -0.7071 -0.0003
vn -0.0000 -0.7071 0.7071
vn 0.7071 -0.7071 -0.0000
vn -0.0071 -0.7070 -0.7071
vn -0.7071 -0.7071 -0.0000
vn 0.0020 -0.7078 0.7064
vn 0.0040 -0.7077 0.7065
vn -0.0000 -0.7079 0.7063
vn -0.0000 -0.7081 0.7062
vn -0.0000 -0.7086 0.7056
vn -0.0000 -0.7083 0.7059
vn -0.0000 -0.7090 0.7052
vn -0.0001 -0.7096 0.7046
vn 0.2339 -0.6931 0.6818
vn -0.0085 -0.7104 0.7038
vn 0.7069 -0.7072 -0.0078
vn -0.7072 -0.7070 0.0027
vn -0.7068 -0.7073 0.0096
vn -0.7071 -0.7071 -0.0009
vn -0.7071 -0.7071 -0.0021
vn -0.7071 -0.7071 -0.0008
vn -0.7071 -0.7071 -0.0002
vn -0.7071 -0.7071 -0.0001
vn -0.7071 -0.7071 0.0001
vn -0.7071 -0.7071 0.0007
vn -0.7071 -0.7071 -0.0007
vn -0.0000 -0.7072 0.7071
vn -0.7068 -0.7074 -0.0117
vn -0.7058 -0.7071 -0.0424
vn -0.7000 -0.7057 -0.1092
vn -0.0000 -0.7072 0.7070
vn -0.7072 -0.7071 -0.0002
vn -0.7067 -0.7072 -0.0209
vn -0.7072 -0.7071 -0.0000
vn 0.7070 -0.7072 -0.0048
vn 0.7057 -0.7068 -0.0496
vn -0.0000 -0.7073 0.7069
vn -0.0000 -0.7074 0.7068
vn -0.0000 -0.7075 0.7067
vn -0.0000 -0.7077 0.7065
vn -0.0000 -0.7078 0.7064
vn -0.0000 -0.7081 0.7061
vn -0.0000 -0.7084 0.7058
vn -0.0000 -0.7087 0.7055
vn 0.0001 -0.7093 0.7050
vn 0.0001 -0.7099 0.7043
vn 0.0966 -0.7083 0.6993
vn -0.0285 -0.6937 0.7197
vn 0.7064 -0.7065 0.0430
vn 0.7069 -0.7073 0.0017
vn 0.7069 -0.7073 -0.0000
vn 0.7070 -0.7073 -0.0000
vn 0.6853 -0.6870 0.2419
vn 0.6988 -0.7086 0.0978
vn 0.7027 -0.7109 0.0274
vn 0.7039 -0.7102 0.0069
vn 0.7047 -0.7095 0.0018
vn 0.7053 -0.7089 0.0005
vn 0.7057 -0.7085 0.0002
vn 0.7061 -0.7081 0.0001
vn 0.7063 -0.7079 -0.0000
vn 0.7065 -0.7077 -0.0000
vn 0.7066 -0.7076 -0.0000
vn 0.7067 -0.7075 -0.0000
vn 0.7068 -0.7074 -0.0000
vn 0.7071 -0.7072 -0.0000
vn 0.7068 -0.7075 0.0001
vn 0.7067 -0.7076 0.0015
vn 0.7065 -0.7077 0.0038
vn 0.7065 -0.7077 -0.0088
vn 0.7049 -0.7043 -0.0845
vn -0.7068 -0.7071 -0.0185
vn -0.7055 -0.7069 -0.0506
vn -0.7071 -0.7069 -0.0201
vn -0.7069 -0.7073 -0.0030
vn -0.7070 -0.7073 -0.0008
vn -0.7070 -0.7072 -0.0002
vn -0.7070 -0.7072 -0.0001
vn -0.7071 -0.7072 -0.0001
vn 0.7071 -0.7071 0.0004
vn 0.7071 -0.7071 0.0006
vn -0.7072 -0.7070 -0.0045
vn -0.7072 -0.7070 -0.0026
vn -0.7072 -0.7070 -0.0010
vn -0.7072 -0.7070 -0.0003
vn -0.7072 -0.7070 -0.0001
vn -0.7072 -0.7071 -0.0008
vn -0.7072 -0.7070 -0.0000
vn -0.7071 -0.7071 0.0008
vn 0.0244 -0.7069 -0.7069
vn -0.0002 -0.7071 0.7071
vn -0.0078 -0.7072 0.7070
vn -0.0079 -0.7072 0.7070
vn -0.0079 -0.7071 0.7070
vn -0.0079 -0.7071 0.7071
vn -0.0070 -0.7071 0.7071
vn -0.0047 -0.7072 0.7070
vn -0.0000 -0.7070 0.7072
vn -0.0000 -0.7069 0.7073
vn -0.0000 -0.7068 0.7074
vn -0.0000 -0.7067 0.7075
vn 0.0035 -0.7065 0.7077
vn 0.0100 -0.7060 0.7081
vn 0.0522 -0.7079 0.7044
vn 0.0523 -0.7077 0.7046
vn 0.0523 -0.7075 0.7048
vn 0.0423 -0.7075 0.7055
vn -0.0000 -0.7077 0.7066
vn -0.0000 -0.7076 0.7067
vn -0.0000 -0.7069 -0.7073
vn -0.0150 -0.7077 -0.7064
vn 0.7070 -0.7071 -0.0107
vn 0.6999 -0.7039 -0.1210
vn -0.0082 -0.7072 0.7070
vn -0.7070 -0.7069 0.0210
vn -0.0000 -0.7080 0.7063
vn -0.0000 -0.7082 0.7060
vn -0.0000 -0.7088 0.7054
vn -0.6949 0.0002 -0.7191
vn 0.8170 -0.0002 0.5766
vn 0.5776 -0.0002 0.8163
vn 0.7223 -0.0000 -0.6916
vn -0.7106 0.0002 -0.7036
vn 0.7091 -0.0002 0.7051
vn 0.7071 -0.0002 0.7071
vn -0.7071 0.0002 -0.7071
vn -0.7961 -0.0000 0.6051
vn 0.6819 0.0001 -0.7315
vn -0.7071 -0.0000 0.7071
vn 0.7071 -0.0000 -0.7071
vn -0.7175 -0.0000 0.6966
vn -0.6965 -0.0000 0.7176
vn -0.6970 0.0002 -0.7171
vn 0.7612 -0.0002 0.6485
vn -0.7596 -0.0000 0.6504
vn 0.6996 -0.0000 -0.7146
vn 0.7441 -0.0002 0.6680
vn 0.6707 -0.0002 0.7417
vn -0.6965 -0.0000 0.7175
vn -0.7070 0.7072 0.0002
vn -0.1927 0.6948 0.6930
vn -0.0173 0.7098 0.7042
vn 0.0001 0.7092 0.7050
vn -0.0000 0.7072 -0.7070
vn -0.0000 0.7073 -0.7069
vn 0.0002 0.7073 -0.7069
vn 0.0307 0.7066 -0.7069
vn 0.7073 0.7069 -0.0000
vn 0.7072 0.7070 -0.0003
vn 0.7070 0.7072 -0.0016
vn 0.7070 0.7072 -0.0021
vn 0.7071 0.7072 -0.0006
vn 0.7071 0.7071 -0.0000
vn -0.0000 0.7072 -0.7071
vn -0.7071 0.7071 -0.0004
vn -0.7071 0.7071 -0.0003
vn -0.0000 0.7070 0.7072
vn -0.0071 0.7071 -0.7070
vn -0.7071 0.7071 -0.0000
vn 0.0020 0.7077 0.7065
vn 0.0040 0.7076 0.7066
vn -0.0000 0.7078 0.7064
vn -0.0000 0.7079 0.7063
vn -0.0000 0.7085 0.7057
vn -0.0000 0.7082 0.7060
vn -0.0000 0.7089 0.7053
vn -0.0001 0.7095 0.7047
vn 0.2339 0.6930 0.6819
vn -0.0085 0.7103 0.7039
vn 0.7070 0.7072 -0.0078
vn -0.7072 0.7071 0.0027
vn -0.7068 0.7074 0.0096
vn -0.7070 0.7072 -0.0009
vn -0.7070 0.7072 -0.0021
vn -0.7070 0.7072 -0.0008
vn -0.7070 0.7072 -0.0002
vn -0.7071 0.7072 -0.0001
vn -0.7071 0.7072 -0.0000
vn -0.7071 0.7071 -0.0001
vn -0.7071 0.7071 -0.0002
vn -0.7071 0.7071 0.0002
vn -0.7071 0.7071 0.0001
vn -0.7071 0.7072 0.0001
vn -0.7071 0.7072 0.0007
vn -0.7070 0.7072 -0.0007
vn -0.0000 0.7071 0.7072
vn -0.7067 0.7074 -0.0117
vn -0.7057 0.7072 -0.0424
vn -0.7000 0.7058 -0.1091
vn -0.7067 0.7072 -0.0209
vn 0.7070 0.7072 -0.0048
vn 0.7057 0.7068 -0.0496
vn -0.0000 0.7071 0.7071
vn -0.0000 0.7071 -0.7071
vn -0.0000 0.7072 0.7071
vn -0.0000 0.7072 0.7070
vn -0.0000 0.7073 0.7069
vn -0.0000 0.7075 0.7068
vn -0.0000 0.7076 0.7066
vn -0.0000 0.7077 0.7065
vn -0.0000 0.7080 0.7063
vn -0.0000 0.7083 0.7059
vn -0.0000 0.7086 0.7056
vn 0.0001 0.7091 0.7051
vn 0.0001 0.7098 0.7044
vn 0.0966 0.7082 0.6994
vn -0.0285 0.6936 0.7198
vn 0.7065 0.7064 0.0430
vn 0.7070 0.7073 0.0017
vn 0.7070 0.7072 -0.0000
vn 0.6854 0.6869 0.2419
vn 0.6989 0.7085 0.0978
vn 0.7028 0.7109 0.0274
vn 0.7040 0.7102 0.0069
vn 0.7048 0.7094 0.0018
vn 0.7054 0.7088 0.0005
vn 0.7058 0.7084 0.0002
vn 0.7061 0.7081 0.0001
vn 0.7064 0.7078 -0.0000
vn 0.7066 0.7076 -0.0000
vn 0.7067 0.7075 -0.0000
vn 0.7068 0.7074 -0.0000
vn 0.7069 0.7073 -0.0000
vn 0.7070 0.7073 -0.0000
vn 0.7071 0.7072 -0.0000
vn 0.7068 0.7074 0.0001
vn 0.7067 0.7075 0.0016
vn 0.7066 0.7076 0.0038
vn 0.7066 0.7076 -0.0088
vn 0.7049 0.7042 -0.0845
vn -0.7068 0.7072 -0.0185
vn -0.7054 0.7070 -0.0506
vn -0.7071 0.7072 -0.0003
vn -0.7070 0.7072 -0.0000
vn -0.7070 0.7069 -0.0201
vn -0.7068 0.7074 -0.0030
vn -0.7069 0.7073 -0.0008
vn -0.7069 0.7073 -0.0002
vn -0.7070 0.7072 -0.0001
vn 0.7072 0.7071 -0.0000
vn 0.7072 0.7071 0.0004
vn 0.7072 0.7070 0.0006
vn -0.7072 0.7070 -0.0045
vn -0.7072 0.7071 -0.0026
vn -0.7071 0.7071 -0.0010
vn -0.7071 0.7071 -0.0008
vn -0.7071 0.7071 0.0008
vn 0.0244 0.7070 -0.7068
vn -0.0002 0.7070 0.7072
vn -0.0078 0.7071 0.7071
vn -0.0080 0.7070 0.7071
vn -0.0079 0.7070 0.7072
vn -0.0070 0.7069 0.7072
vn -0.0047 0.7071 0.7071
vn -0.0000 0.7070 0.7073
vn -0.0000 0.7069 0.7073
vn -0.0000 0.7069 0.7074
vn -0.0000 0.7068 0.7074
vn -0.0000 0.7067 0.7075
vn -0.0000 0.7066 0.7076
vn 0.0035 0.7064 0.7078
vn 0.0100 0.7059 0.7082
vn 0.0522 0.7078 0.7045
vn 0.0523 0.7076 0.7047
vn 0.0523 0.7074 0.7049
vn 0.0423 0.7073 0.7056
vn -0.0000 0.7075 0.7067
vn -0.0000 0.7074 0.7068
vn -0.0000 0.7070 -0.7072
vn -0.0150 0.7078 -0.7063
vn 0.7071 0.7070 -0.0107
vn 0.7066 0.7077 -0.0000
vn 0.7064 0.7079 -0.0000
vn 0.6999 0.7039 -0.1210
vn -0.0082 0.7070 0.7071
vn -0.7069 0.7070 0.0210
vn -0.0000 0.7080 0.7062
vn -0.0000 0.7087 0.7055
vn -1.0000 0.0001 0.0003
vn -0.2679 -0.0001 0.9634
vn -0.0116 -0.0002 0.9999
vn 0.9929 -0.0001 -0.1191
vn -0.9974 0.0001 -0.0716
vn -0.0000 0.0002 -1.0000
vn -0.0247 -0.0002 0.9997
vn -0.0000 -0.0002 1.0000
vn 0.0003 0.0002 -1.0000
vn 0.0433 0.0002 -0.9991
vn 1.0000 -0.0001 -0.0000
vn -1.0000 0.0001 -0.0000
vn 1.0000 -0.0001 -0.0004
vn 1.0000 -0.0001 -0.0022
vn 1.0000 -0.0001 -0.0030
vn 1.0000 -0.0001 -0.0009
vn -0.0066 -0.0002 1.0000
vn -0.0100 -0.0002 1.0000
vn -0.0112 -0.0002 0.9999
vn -0.0111 -0.0002 0.9999
vn -0.0003 -0.0002 1.0000
vn -1.0000 0.0001 -0.0006
vn -1.0000 0.0001 -0.0002
vn -1.0000 0.0001 -0.0004
vn 0.0057 -0.0002 1.0000
vn -0.0100 0.0002 -1.0000
vn 0.0028 -0.0002 1.0000
vn -0.0001 -0.0002 1.0000
vn -0.0120 -0.0002 0.9999
vn 0.3245 -0.0002 0.9459
vn 0.9999 -0.0001 -0.0111
vn 1.0000 -0.0001 0.0008
vn -0.9999 0.0001 0.0136
vn -1.0000 0.0001 0.0038
vn -1.0000 0.0001 -0.0064
vn -1.0000 0.0001 -0.0013
vn -1.0000 0.0001 -0.0029
vn 1.0000 -0.0001 0.0006
vn -1.0000 0.0001 -0.0011
vn -1.0000 0.0001 -0.0003
vn -1.0000 0.0001 -0.0001
vn -1.0000 0.0001 0.0002
vn -1.0000 0.0001 0.0001
vn -1.0000 0.0001 0.0010
vn -1.0000 0.0001 -0.0010
vn -1.0000 0.0001 -0.0043
vn -0.9999 0.0001 -0.0166
vn -0.9982 0.0001 -0.0599
vn -0.9881 0.0001 -0.1541
vn -0.9996 0.0001 -0.0296
vn 1.0000 -0.0001 -0.0068
vn 0.9975 -0.0001 -0.0701
vn 0.1367 -0.0002 0.9906
vn -0.0397 -0.0002 0.9992
vn 0.9982 -0.0001 0.0607
vn 1.0000 -0.0001 0.0024
vn -0.9996 0.0001 -0.0285
vn 0.9430 -0.0001 0.3327
vn 0.9904 -0.0001 0.1384
vn 0.9992 -0.0001 0.0388
vn 1.0000 -0.0001 0.0097
vn 1.0000 -0.0001 0.0002
vn 1.0000 -0.0001 -0.0001
vn 1.0000 -0.0001 0.0022
vn 1.0000 -0.0001 0.0054
vn -0.9997 0.0001 -0.0262
vn 0.9999 -0.0001 -0.0125
vn -1.0000 0.0001 -0.0037
vn -1.0000 0.0001 -0.0014
vn -1.0000 0.0001 -0.0005
vn -1.0000 0.0001 0.0011
vn 0.0345 0.0002 -0.9994
vn 0.0050 -0.0002 1.0000
vn 0.0141 -0.0002 0.9999
vn 0.0740 -0.0002 0.9973
vn 0.0598 -0.0002 0.9982
vn -0.0212 0.0002 -0.9998
vn -0.9996 0.0001 0.0298
vn 0.9999 -0.0001 -0.0151
vn 0.9854 -0.0001 -0.1704
vn 0.3246 -0.0002 0.9459
vn -0.0213 0.0002 -0.9998
s 0
f 4//1 9//1 5//1
f 5//1 7//1 6//1
f 5//1 8//1 7//1
f 5//1 9//1 8//1
f 10//1 9//1 4//1
f 11//1 10//1 12//1
f 12//1 10//1 4//1
f 3//1 13//1 12//1
f 12//1 13//1 17//1 15//1
f 11//1 12//1 14//1
f 14//1 12//1 15//1 16//1
f 3//1 12//1 4//1
f 16//1 15//1 19//1
f 17//1 20//1 15//1
f 15//1 20//1 18//1
f 19//1 15//1 18//1
f 20//1 17//1 21//1
f 23//1 20//1 22//1
f 18//1 20//1 23//1
f 22//1 24//1 23//1
f 33//1 31//1 32//1
f 32//1 11//1 14//1
f 32//1 14//1 33//1
f 34//1 31//1 33//1
f 34//1 33//1 35//1 36//1
f 33//1 14//1 16//1 35//1
f 35//1 26//1 36//1
f 35//1 16//1 25//1
f 25//1 26//1 35//1
f 38//1 34//1 36//1 37//1
f 36//1 27//1 37//1
f 26//1 27//1 36//1
f 37//1 27//1 28//1
f 29//1 38//1 37//1 28//1
f 38//1 30//1 34//1
f 29//1 30//1 38//1
f 34//1 30//1 31//1
f 25//1 16//1 19//1
f 42//1 40//1 39//1
f 24//1 43//1 39//1
f 39//1 43//1 41//1
f 39//1 41//1 44//1
f 42//1 39//1 44//1
f 44//1 47//1 45//1
f 63//1 46//1 44//1 45//1
f 46//1 93//1 42//1 44//1
f 41//1 47//1 44//1
f 47//1 48//1 45//1
f 48//1 49//1 50//1
f 45//1 48//1 50//1
f 51//1 63//1 45//1 50//1
f 54//1 51//1 50//1 52//1
f 50//1 49//1 52//1
f 52//1 55//1 53//1
f 59//1 54//1 52//1 53//1
f 49//1 55//1 52//1
f 56//1 53//1 55//1
f 57//1 59//1 53//1 56//1
f 57//1 58//1 59//1
f 59//1 58//1 54//1
f 54//1 58//1 60//1
f 51//1 60//1 61//1
f 54//1 60//1 51//1
f 63//1 61//1 62//1
f 51//1 61//1 63//1
f 64//1 46//1 63//1
f 63//1 62//1 64//1
f 65//1 67//1 64//1
f 64//1 66//1 46//1
f 67//1 66//1 64//1
f 68//1 67//1 65//1
f 69//1 71//1 70//1
f 69//1 68//1 72//1
f 72//1 71//1 69//1
f 72//1 68//1 65//1
f 90//1 88//1 89//1
f 91//1 89//1 40//1
f 90//1 89//1 91//1
f 92//1 94//1 90//1 91//1
f 93//1 92//1 91//1 42//1
f 91//1 40//1 42//1
f 92//1 93//1 81//1
f 94//1 92//1 82//1
f 82//1 92//1 81//1
f 94//1 95//1 96//1 90//1
f 94//1 83//1 95//1
f 82//1 83//1 94//1
f 95//1 97//1 98//1 96//1
f 95//1 84//1 97//1
f 83//1 84//1 95//1
f 97//1 84//1 85//1
f 97//1 85//1 86//1 98//1
f 98//1 86//1 87//1
f 98//1 87//1 96//1
f 96//1 88//1 90//1
f 96//1 87//1 88//1
f 66//1 93//1 46//1
f 81//1 93//1 99//1
f 66//1 99//1 93//1
f 100//1 80//1 99//1
f 99//1 80//1 81//1
f 101//1 79//1 100//1
f 100//1 79//1 80//1
f 102//1 78//1 101//1
f 101//1 78//1 79//1
f 103//1 77//1 102//1
f 102//1 77//1 78//1
f 103//1 76//1 77//1
f 73//1 70//1 71//1
f 43//1 24//1 22//1
f 104//1 107//1 105//1
f 21//1 106//1 104//1
f 104//1 106//1 107//1
f 123//1 108//1 107//1 106//1
f 108//1 110//1 109//1 107//1
f 105//1 107//1 109//1
f 110//1 124//1 111//1 109//1
f 111//1 112//1 109//1
f 109//1 112//1 105//1
f 112//1 111//1 113//1
f 2//1 122//1 121//1
f 1//1 122//1 2//1
f 2//1 121//1 120//1
f 3//1 120//1 119//1
f 2//1 120//1 3//1
f 3//1 119//1 118//1
f 118//1 117//1 123//1
f 118//1 13//1 3//1
f 123//1 13//1 118//1
f 13//1 123//1 106//1 17//1
f 123//1 117//1 108//1
f 117//1 116//1 108//1
f 115//1 110//1 116//1
f 108//1 116//1 110//1
f 124//1 115//1 114//1
f 124//1 110//1 115//1
f 124//1 114//1 113//1 111//1
f 17//1 106//1 21//1
f 644//2 645//2 649//2
f 645//2 646//2 647//2
f 645//2 647//2 648//2
f 645//2 648//2 649//2
f 650//2 644//2 649//2
f 651//2 652//2 650//2
f 652//2 644//2 650//2
f 643//2 652//2 653//2
f 652//2 655//2 657//2 653//2
f 651//2 654//2 652//2
f 654//2 656//2 655//2 652//2
f 643//2 644//2 652//2
f 656//2 659//2 655//2
f 657//2 655//2 660//2
f 655//2 658//2 660//2
f 659//2 658//2 655//2
f 660//2 661//2 657//2
f 663//2 662//2 660//2
f 658//2 663//2 660//2
f 662//2 663//2 664//2
f 673//2 672//2 671//2
f 672//2 654//2 651//2
f 672//2 673//2 654//2
f 674//2 673//2 671//2
f 674//2 676//2 675//2 673//2
f 673//2 675//2 656//2 654//2
f 675//2 676//2 666//2
f 675//2 665//2 656//2
f 665//2 675//2 666//2
f 678//2 677//2 676//2 674//2
f 676//2 677//2 667//2
f 666//2 676//2 667//2
f 677//2 668//2 667//2
f 669//2 668//2 677//2 678//2
f 678//2 674//2 670//2
f 669//2 678//2 670//2
f 674//2 671//2 670//2
f 665//2 659//2 656//2
f 682//2 679//2 680//2
f 664//2 679//2 683//2
f 679//2 681//2 683//2
f 679//2 684//2 681//2
f 682//2 684//2 679//2
f 684//2 685//2 687//2
f 703//2 685//2 684//2 686//2
f 686//2 684//2 682//2 733//2
f 681//2 684//2 687//2
f 687//2 685//2 688//2
f 688//2 690//2 689//2
f 685//2 690//2 688//2
f 691//2 690//2 685//2 703//2
f 694//2 692//2 690//2 691//2
f 690//2 692//2 689//2
f 692//2 693//2 695//2
f 699//2 693//2 692//2 694//2
f 689//2 692//2 695//2
f 696//2 695//2 693//2
f 697//2 696//2 693//2 699//2
f 697//2 699//2 698//2
f 699//2 694//2 698//2
f 694//2 700//2 698//2
f 691//2 701//2 700//2
f 694//2 691//2 700//2
f 703//2 702//2 701//2
f 691//2 703//2 701//2
f 704//2 703//2 686//2
f 703//2 704//2 702//2
f 705//2 704//2 707//2
f 704//2 686//2 706//2
f 707//2 704//2 706//2
f 708//2 705//2 707//2
f 709//2 710//2 711//2
f 709//2 712//2 708//2
f 712//2 709//2 711//2
f 712//2 705//2 708//2
f 730//2 729//2 728//2
f 731//2 680//2 729//2
f 730//2 731//2 729//2
f 732//2 731//2 730//2 734//2
f 733//2 682//2 731//2 732//2
f 731//2 682//2 680//2
f 732//2 721//2 733//2
f 734//2 722//2 732//2
f 722//2 721//2 732//2
f 734//2 730//2 736//2 735//2
f 734//2 735//2 723//2
f 722//2 734//2 723//2
f 735//2 736//2 738//2 737//2
f 735//2 737//2 724//2
f 723//2 735//2 724//2
f 737//2 725//2 724//2
f 737//2 738//2 726//2 725//2
f 738//2 727//2 726//2
f 738//2 736//2 727//2
f 736//2 730//2 728//2
f 736//2 728//2 727//2
f 706//2 686//2 733//2
f 721//2 739//2 733//2
f 706//2 733//2 739//2
f 740//2 739//2 720//2
f 739//2 721//2 720//2
f 741//2 740//2 719//2
f 740//2 720//2 719//2
f 742//2 741//2 718//2
f 741//2 719//2 718//2
f 743//2 742//2 717//2
f 742//2 718//2 717//2
f 743//2 717//2 716//2
f 713//2 711//2 710//2
f 683//2 662//2 664//2
f 744//2 745//2 747//2
f 661//2 744//2 746//2
f 744//2 747//2 746//2
f 763//2 746//2 747//2 748//2
f 748//2 747//2 749//2 750//2
f 745//2 749//2 747//2
f 750//2 749//2 751//2 764//2
f 751//2 749//2 752//2
f 749//2 745//2 752//2
f 752//2 753//2 751//2
f 642//2 761//2 762//2
f 641//2 642//2 762//2
f 642//2 760//2 761//2
f 643//2 759//2 760//2
f 642//2 643//2 760//2
f 643//2 758//2 759//2
f 758//2 763//2 757//2
f 758//2 643//2 653//2
f 763//2 758//2 653//2
f 653//2 657//2 746//2 763//2
f 763//2 748//2 757//2
f 757//2 748//2 756//2
f 755//2 756//2 750//2
f 748//2 750//2 756//2
f 764//2 754//2 755//2
f 764//2 755//2 750//2
f 764//2 751//2 753//2 754//2
f 657//2 661//2 746//2
f 765//3 766//3 767//3
f 768//4 769//4 770//4
f 807//5 808//5 809//5
f 820//6 821//6 822//6
f 833//7 834//7 835//7
f 906//8 907//8 908//8
f 913//9 914//9 915//9
f 916//10 917//10 918//10
f 951//11 952//11 953//11
f 956//12 957//12 958//12
f 1105//11 1106//11 1107//11
f 1116//8 1117//8 1118//8
f 1119//13 1120//13 1121//13
f 1148//11 1149//11 1150//11
f 1155//14 1156//14 1157//14
f 1202//15 1203//15 1204//15
f 1205//16 1206//16 1207//16
f 1226//17 1227//17 1228//17
f 1343//18 1344//18 1345//18
f 1346//19 1347//19 1348//19
f 1367//7 1368//7 1369//7
f 1376//20 1377//20 1378//20
f 1415//21 1416//21 1417//21
f 1422//22 1423//22 1424//22
f 1609//23 1610//23 1611//23
f 1614//24 1615//24 1616//24
f 1667//8 1668//8 1669//8
f 1670//25 1671//25 1672//25
f 1709//26 1710//26 1711//26
f 1836//27 1837//27 1838//27
f 1839//28 1840//28 1841//28
f 1890//18 1891//18 1892//18
f 1893//29 1894//29 1895//29
f 1896//30 1897//30 1898//30
f 1967//31 1968//31 1969//31
f 1970//32 1971//32 1972//32
f 2009//33 2010//33 2011//33
f 2022//34 2023//34 2024//34
f 2035//35 2036//35 2037//35
f 2108//35 2109//35 2110//35
f 2115//36 2116//36 2117//36
f 2118//37 2119//37 2120//37
f 2153//38 2154//38 2155//38
f 2158//39 2159//39 2160//39
f 2307//38 2308//38 2309//38
f 2318//35 2319//35 2320//35
f 2321//40 2322//40 2323//40
f 2350//38 2351//38 2352//38
f 2357//41 2358//41 2359//41
f 2404//42 2405//42 2406//42
f 2407//43 2408//43 2409//43
f 2428//44 2429//44 2430//44
f 2545//45 2546//45 2547//45
f 2548//46 2549//46 2550//46
f 2569//35 2570//35 2571//35
f 2578//47 2579//47 2580//47
f 2617//48 2618//48 2619//48
f 2624//49 2625//49 2626//49
f 2811//50 2812//50 2813//50
f 2816//43 2817//43 2818//43
f 2869//35 2870//35 2871//35
f 2872//51 2873//51 2874//51
f 2911//52 2912//52 2913//52
f 3038//53 3039//53 3040//53
f 3041//54 3042//54 3043//54
f 3092//55 3093//55 3094//55
f 3095//56 3096//56 3097//56
f 3098//57 3099//57 3100//57
f 772//58 765//58 767//58 771//58
f 766//59 775//59 776//59 767//59
f 775//60 779//60 780//60 776//60
f 779//61 781//61 782//61 780//61
f 778//62 783//62 784//62 777//62
f 783//62 785//62 786//62 784//62
f 785//62 787//62 788//62 786//62
f 787//62 791//62 792//62 788//62
f 791//62 795//62 796//62 792//62
f 795//63 799//63 800//63 796//63
f 799//64 803//64 804//64 800//64
f 803//65 808//65 807//65 804//65
f 815//66 809//66 808//66 814//66
f 814//66 818//66 819//66 815//66
f 818//67 823//67 824//67 819//67
f 823//68 825//68 826//68 824//68
f 825//69 827//69 828//69 826//69
f 827//70 829//70 830//70 828//70
f 829//71 831//71 832//71 830//71
f 833//71 832//71 831//71 834//71
f 845//72 842//72 843//72 844//72
f 842//72 846//72 847//72 843//72
f 846//62 848//62 849//62 847//62
f 848//73 850//73 851//73 849//73
f 850//73 852//73 853//73 851//73
f 852//72 854//72 855//72 853//72
f 854//72 856//72 857//72 855//72
f 856//73 858//73 859//73 857//73
f 858//72 860//72 861//72 859//72
f 860//72 862//72 863//72 861//72
f 862//72 864//72 865//72 863//72
f 864//72 866//72 867//72 865//72
f 866//72 838//72 839//72 867//72
f 869//72 845//72 844//72 868//72
f 871//72 869//72 868//72 870//72
f 891//74 892//74 893//74 890//74
f 895//74 891//74 890//74 894//74
f 897//74 895//74 894//74 896//74
f 899//75 897//75 896//75 898//75
f 901//76 902//76 903//76 900//76
f 905//76 901//76 900//76 904//76
f 889//76 905//76 904//76 888//76
f 902//76 906//76 908//76 903//76
f 912//77 908//77 907//77 911//77
f 915//77 912//77 911//77 913//77
f 920//78 916//78 918//78 919//78
f 910//79 918//79 917//79 909//79
f 924//80 921//80 922//80 923//80
f 914//81 922//81 921//81 915//81
f 926//82 924//82 923//82 925//82
f 928//83 926//83 925//83 927//83
f 932//73 929//73 930//73 931//73
f 929//72 920//72 919//72 930//72
f 934//73 932//73 931//73 933//73
f 936//73 934//73 933//73 935//73
f 940//84 937//84 938//84 939//84
f 937//85 928//85 927//85 938//85
f 942//86 940//86 939//86 941//86
f 944//87 942//87 941//87 943//87
f 948//73 945//73 946//73 947//73
f 945//73 936//73 935//73 946//73
f 950//73 948//73 947//73 949//73
f 951//73 950//73 949//73 952//73
f 958//88 954//88 955//88 956//88
f 954//89 944//89 943//89 955//89
f 957//90 959//90 960//90 958//90
f 962//91 963//91 964//91 961//91
f 966//92 962//92 961//92 965//92
f 968//93 966//93 965//93 967//93
f 972//94 968//94 967//94 971//94
f 976//95 972//95 971//95 975//95
f 980//96 976//96 975//96 979//96
f 984//97 980//97 979//97 983//97
f 988//79 984//79 983//79 987//79
f 992//79 988//79 987//79 991//79
f 996//79 992//79 991//79 995//79
f 1000//79 996//79 995//79 999//79
f 1004//79 1000//79 999//79 1003//79
f 1008//79 1004//79 1003//79 1007//79
f 1012//79 1008//79 1007//79 1011//79
f 1016//79 1012//79 1011//79 1015//79
f 1020//79 1016//79 1015//79 1019//79
f 1024//79 1020//79 1019//79 1023//79
f 1028//79 1024//79 1023//79 1027//79
f 1032//79 1028//79 1027//79 1031//79
f 1036//79 1032//79 1031//79 1035//79
f 1040//79 1036//79 1035//79 1039//79
f 1044//97 1040//97 1039//97 1043//97
f 1046//96 1044//96 1043//96 1045//96
f 1050//77 1047//77 1048//77 1049//77
f 1047//77 1041//77 1042//77 1048//77
f 1049//77 1051//77 1052//77 1050//77
f 1051//77 1053//77 1054//77 1052//77
f 1056//58 1057//58 1058//58 1055//58
f 1055//79 1046//79 1045//79 1056//79
f 1057//98 1059//98 1060//98 1058//98
f 1059//79 1063//79 1064//79 1060//79
f 1063//79 1067//79 1068//79 1064//79
f 1067//79 1071//79 1072//79 1068//79
f 1071//79 1075//79 1076//79 1072//79
f 1075//79 1079//79 1080//79 1076//79
f 1079//79 1083//79 1084//79 1080//79
f 1083//79 1087//79 1088//79 1084//79
f 1087//79 1091//79 1092//79 1088//79
f 1091//79 1095//79 1096//79 1092//79
f 1095//98 1099//98 1100//98 1096//98
f 1099//98 1103//98 1104//98 1100//98
f 1103//99 1108//99 1109//99 1104//99
f 1108//79 1110//79 1111//79 1109//79
f 1110//100 1112//100 1113//100 1111//100
f 1118//101 1120//101 1119//101 1116//101
f 1117//77 1122//77 1123//77 1118//77
f 1122//77 1126//77 1127//77 1123//77
f 1126//77 1130//77 1131//77 1127//77
f 1130//77 1134//77 1135//77 1131//77
f 1134//77 1138//77 1139//77 1135//77
f 1138//77 1142//77 1143//77 1139//77
f 1142//77 1146//77 1147//77 1143//77
f 1150//77 1147//77 1146//77 1148//77
f 1145//102 1151//102 1152//102 1144//102
f 1154//103 1152//103 1151//103 1153//103
f 1153//104 1156//104 1155//104 1154//104
f 1159//101 1157//101 1156//101 1158//101
f 1161//101 1159//101 1158//101 1160//101
f 1163//105 1161//105 1160//105 1162//105
f 1167//72 1164//72 1165//72 1166//72
f 1164//72 1150//72 1149//72 1165//72
f 1169//72 1167//72 1166//72 1168//72
f 1171//72 1169//72 1168//72 1170//72
f 1173//76 1163//76 1162//76 1172//76
f 1175//101 1173//101 1172//101 1174//101
f 1177//101 1175//101 1174//101 1176//101
f 1179//101 1177//101 1176//101 1178//101
f 1183//72 1180//72 1181//72 1182//72
f 1180//72 1171//72 1170//72 1181//72
f 1185//72 1183//72 1182//72 1184//72
f 1187//73 1185//73 1184//73 1186//73
f 1189//101 1179//101 1178//101 1188//101
f 1191//101 1189//101 1188//101 1190//101
f 1193//105 1191//105 1190//105 1192//105
f 1195//101 1193//101 1192//101 1194//101
f 1199//73 1196//73 1197//73 1198//73
f 1196//72 1187//72 1186//72 1197//72
f 1201//72 1199//72 1198//72 1200//72
f 1207//72 1201//72 1200//72 1205//72
f 1209//71 1207//71 1206//71 1208//71
f 1211//71 1209//71 1208//71 1210//71
f 1213//71 1211//71 1210//71 1212//71
f 1217//106 1214//106 1215//106 1216//106
f 1214//107 1202//107 1204//107 1215//107
f 1219//108 1217//108 1216//108 1218//108
f 1221//108 1219//108 1218//108 1220//108
f 1225//109 1222//109 1223//109 1224//109
f 1222//71 1213//71 1212//71 1223//71
f 1228//110 1225//110 1224//110 1226//110
f 1234//73 1228//73 1227//73 1233//73
f 1236//72 1234//72 1233//72 1235//72
f 1238//105 1229//105 1230//105 1237//105
f 1240//76 1238//76 1237//76 1239//76
f 1242//105 1240//105 1239//105 1241//105
f 1244//105 1242//105 1241//105 1243//105
f 1248//72 1245//72 1246//72 1247//72
f 1245//72 1236//72 1235//72 1246//72
f 1250//72 1248//72 1247//72 1249//72
f 1252//72 1250//72 1249//72 1251//72
f 1254//105 1244//105 1243//105 1253//105
f 1256//105 1254//105 1253//105 1255//105
f 1258//105 1256//105 1255//105 1257//105
f 1260//105 1258//105 1257//105 1259//105
f 1264//72 1261//72 1262//72 1263//72
f 1261//72 1252//72 1251//72 1262//72
f 1266//62 1264//62 1263//62 1265//62
f 1268//72 1266//72 1265//72 1267//72
f 1270//105 1260//105 1259//105 1269//105
f 1272//105 1270//105 1269//105 1271//105
f 1274//105 1272//105 1271//105 1273//105
f 1276//105 1274//105 1273//105 1275//105
f 1280//72 1277//72 1278//72 1279//72
f 1277//72 1268//72 1267//72 1278//72
f 1282//72 1280//72 1279//72 1281//72
f 1284//72 1282//72 1281//72 1283//72
f 1286//105 1276//105 1275//105 1285//105
f 1288//105 1286//105 1285//105 1287//105
f 1290//105 1288//105 1287//105 1289//105
f 1292//111 1290//111 1289//111 1291//111
f 1296//72 1293//72 1294//72 1295//72
f 1293//72 1284//72 1283//72 1294//72
f 1298//72 1296//72 1295//72 1297//72
f 1300//72 1298//72 1297//72 1299//72
f 1302//111 1292//111 1291//111 1301//111
f 1304//112 1302//112 1301//112 1303//112
f 1306//113 1304//113 1303//113 1305//113
f 1308//113 1306//113 1305//113 1307//113
f 1312//72 1309//72 1310//72 1311//72
f 1309//72 1300//72 1299//72 1310//72
f 1314//72 1312//72 1311//72 1313//72
f 1316//72 1314//72 1313//72 1315//72
f 1318//114 1308//114 1307//114 1317//114
f 1320//115 1318//115 1317//115 1319//115
f 1322//116 1320//116 1319//116 1321//116
f 1324//117 1322//117 1321//117 1323//117
f 1328//72 1325//72 1326//72 1327//72
f 1325//72 1316//72 1315//72 1326//72
f 1330//72 1328//72 1327//72 1329//72
f 1332//72 1330//72 1329//72 1331//72
f 1334//118 1324//118 1323//118 1333//118
f 1336//119 1334//119 1333//119 1335//119
f 1338//120 1336//120 1335//120 1337//120
f 1342//121 1338//121 1337//121 1341//121
f 1341//122 1347//122 1346//122 1342//122
f 1350//123 1348//123 1347//123 1349//123
f 1352//124 1350//124 1349//124 1351//124
f 1354//125 1352//125 1351//125 1353//125
f 1358//79 1355//79 1356//79 1357//79
f 1355//79 1344//79 1343//79 1356//79
f 1360//79 1358//79 1357//79 1359//79
f 1362//79 1360//79 1359//79 1361//79
f 1364//126 1354//126 1353//126 1363//126
f 1366//71 1364//71 1363//71 1365//71
f 1367//71 1366//71 1365//71 1368//71
f 1371//101 1369//101 1368//101 1370//101
f 1378//79 1374//79 1375//79 1376//79
f 1374//79 1362//79 1361//79 1375//79
f 1373//72 1378//72 1377//72 1372//72
f 1380//72 1373//72 1372//72 1379//72
f 1382//72 1380//72 1379//72 1381//72
f 1384//72 1382//72 1381//72 1383//72
f 1388//101 1385//101 1386//101 1387//101
f 1385//101 1371//101 1370//101 1386//101
f 1390//101 1388//101 1387//101 1389//101
f 1392//101 1390//101 1389//101 1391//101
f 1394//72 1384//72 1383//72 1393//72
f 1396//72 1394//72 1393//72 1395//72
f 1398//72 1396//72 1395//72 1397//72
f 1400//72 1398//72 1397//72 1399//72
f 1404//101 1401//101 1402//101 1403//101
f 1401//101 1392//101 1391//101 1402//101
f 1406//105 1404//105 1403//105 1405//105
f 1408//101 1406//101 1405//101 1407//101
f 1410//72 1400//72 1399//72 1409//72
f 1412//73 1410//73 1409//73 1411//73
f 1414//72 1412//72 1411//72 1413//72
f 1417//73 1414//73 1413//73 1415//73
f 1421//101 1418//101 1419//101 1420//101
f 1418//105 1408//105 1407//105 1419//105
f 1422//101 1421//101 1420//101 1423//101
f 1426//127 1424//127 1423//127 1425//127
f 1428//128 1426//128 1425//128 1427//128
f 1432//129 1428//129 1427//129 1431//129
f 1436//130 1432//130 1431//130 1435//130
f 1440//131 1436//131 1435//131 1439//131
f 1444//132 1440//132 1439//132 1443//132
f 1448//133 1444//133 1443//133 1447//133
f 1452//134 1448//134 1447//134 1451//134
f 1456//135 1452//135 1451//135 1455//135
f 1460//136 1456//136 1455//136 1459//136
f 1464//137 1460//137 1459//137 1463//137
f 1468//138 1464//138 1463//138 1467//138
f 1472//139 1468//139 1467//139 1471//139
f 1476//125 1472//125 1471//125 1475//125
f 1480//125 1476//125 1475//125 1479//125
f 1484//71 1480//71 1479//71 1483//71
f 1488//71 1484//71 1483//71 1487//71
f 1492//71 1488//71 1487//71 1491//71
f 1496//71 1492//71 1491//71 1495//71
f 1500//71 1496//71 1495//71 1499//71
f 1504//71 1500//71 1499//71 1503//71
f 1508//140 1504//140 1503//140 1507//140
f 1512//140 1508//140 1507//140 1511//140
f 1516//77 1512//77 1511//77 1515//77
f 1520//77 1516//77 1515//77 1519//77
f 1524//77 1520//77 1519//77 1523//77
f 1528//77 1524//77 1523//77 1527//77
f 1532//77 1528//77 1527//77 1531//77
f 1536//77 1532//77 1531//77 1535//77
f 1540//77 1536//77 1535//77 1539//77
f 1544//77 1540//77 1539//77 1543//77
f 1548//77 1544//77 1543//77 1547//77
f 1552//140 1548//140 1547//140 1551//140
f 1556//140 1552//140 1551//140 1555//140
f 1560//71 1556//71 1555//71 1559//71
f 1564//71 1560//71 1559//71 1563//71
f 1568//71 1564//71 1563//71 1567//71
f 1572//71 1568//71 1567//71 1571//71
f 1576//71 1572//71 1571//71 1575//71
f 1580//71 1576//71 1575//71 1579//71
f 1584//125 1580//125 1579//125 1583//125
f 1588//125 1584//125 1583//125 1587//125
f 1592//139 1588//139 1587//139 1591//139
f 1596//141 1592//141 1591//141 1595//141
f 1600//142 1596//142 1595//142 1599//142
f 1604//143 1600//143 1599//143 1603//143
f 1608//144 1604//144 1603//144 1607//144
f 768//145 1608//145 1607//145 769//145
f 1602//146 1605//146 1606//146 1601//146
f 1605//147 772//147 771//147 1606//147
f 1598//75 1602//75 1601//75 1597//75
f 1594//79 1598//79 1597//79 1593//79
f 1590//79 1594//79 1593//79 1589//79
f 1586//79 1590//79 1589//79 1585//79
f 1582//79 1586//79 1585//79 1581//79
f 1578//79 1582//79 1581//79 1577//79
f 1574//79 1578//79 1577//79 1573//79
f 1570//79 1574//79 1573//79 1569//79
f 1566//79 1570//79 1569//79 1565//79
f 1562//79 1566//79 1565//79 1561//79
f 1558//79 1562//79 1561//79 1557//79
f 1554//79 1558//79 1557//79 1553//79
f 1550//79 1554//79 1553//79 1549//79
f 1546//79 1550//79 1549//79 1545//79
f 1542//79 1546//79 1545//79 1541//79
f 1538//79 1542//79 1541//79 1537//79
f 1534//79 1538//79 1537//79 1533//79
f 1530//79 1534//79 1533//79 1529//79
f 1526//79 1530//79 1529//79 1525//79
f 1522//79 1526//79 1525//79 1521//79
f 1518//79 1522//79 1521//79 1517//79
f 1514//79 1518//79 1517//79 1513//79
f 1510//79 1514//79 1513//79 1509//79
f 1506//79 1510//79 1509//79 1505//79
f 1502//79 1506//79 1505//79 1501//79
f 1498//79 1502//79 1501//79 1497//79
f 1494//79 1498//79 1497//79 1493//79
f 1490//79 1494//79 1493//79 1489//79
f 1486//79 1490//79 1489//79 1485//79
f 1482//79 1486//79 1485//79 1481//79
f 1478//79 1482//79 1481//79 1477//79
f 1474//79 1478//79 1477//79 1473//79
f 1470//79 1474//79 1473//79 1469//79
f 1466//79 1470//79 1469//79 1465//79
f 1462//79 1466//79 1465//79 1461//79
f 1458//79 1462//79 1461//79 1457//79
f 1454//79 1458//79 1457//79 1453//79
f 1450//79 1454//79 1453//79 1449//79
f 1446//79 1450//79 1449//79 1445//79
f 1442//79 1446//79 1445//79 1441//79
f 1438//79 1442//79 1441//79 1437//79
f 1434//79 1438//79 1437//79 1433//79
f 1430//79 1434//79 1433//79 1429//79
f 1416//148 1430//148 1429//148 1417//148
f 1344//62 1339//62 1340//62 1345//62
f 1339//73 1332//73 1331//73 1340//73
f 1232//79 1610//79 1609//79 1231//79
f 1231//108 1221//108 1220//108 1232//108
f 1229//76 1611//76 1610//76 1230//76
f 1203//101 1195//101 1194//101 1204//101
f 1141//149 1145//149 1144//149 1140//149
f 1137//150 1141//150 1140//150 1136//150
f 1133//151 1137//151 1136//151 1132//151
f 1129//152 1133//152 1132//152 1128//152
f 1125//153 1129//153 1128//153 1124//153
f 1112//97 1125//97 1124//97 1113//97
f 1115//77 1121//77 1120//77 1114//77
f 1613//77 1115//77 1114//77 1612//77
f 1612//77 1615//77 1614//77 1613//77
f 1105//72 1616//72 1615//72 1106//72
f 1102//77 1107//77 1106//77 1101//77
f 1098//77 1102//77 1101//77 1097//77
f 1094//77 1098//77 1097//77 1093//77
f 1090//77 1094//77 1093//77 1089//77
f 1086//77 1090//77 1089//77 1085//77
f 1082//77 1086//77 1085//77 1081//77
f 1078//77 1082//77 1081//77 1077//77
f 1074//77 1078//77 1077//77 1073//77
f 1070//77 1074//77 1073//77 1069//77
f 1066//77 1070//77 1069//77 1065//77
f 1062//77 1066//77 1065//77 1061//77
f 1053//77 1062//77 1061//77 1054//77
f 1038//77 1042//77 1041//77 1037//77
f 1034//77 1038//77 1037//77 1033//77
f 1030//77 1034//77 1033//77 1029//77
f 1026//77 1030//77 1029//77 1025//77
f 1022//77 1026//77 1025//77 1021//77
f 1018//77 1022//77 1021//77 1017//77
f 1014//77 1018//77 1017//77 1013//77
f 1010//77 1014//77 1013//77 1009//77
f 1006//77 1010//77 1009//77 1005//77
f 1002//77 1006//77 1005//77 1001//77
f 998//77 1002//77 1001//77 997//77
f 994//77 998//77 997//77 993//77
f 990//77 994//77 993//77 989//77
f 986//77 990//77 989//77 985//77
f 982//77 986//77 985//77 981//77
f 978//77 982//77 981//77 977//77
f 974//77 978//77 977//77 973//77
f 970//154 974//154 973//154 969//154
f 959//155 970//155 969//155 960//155
f 963//156 1617//156 1618//156 964//156
f 1617//157 1621//157 1622//157 1618//157
f 1621//158 1625//158 1626//158 1622//158
f 1625//159 1629//159 1630//159 1626//159
f 1629//160 1633//160 1634//160 1630//160
f 1633//160 1637//160 1638//160 1634//160
f 1637//161 1641//161 1642//161 1638//161
f 1641//162 1645//162 1646//162 1642//162
f 1645//163 1649//163 1650//163 1646//163
f 1649//98 1653//98 1654//98 1650//98
f 1653//97 1657//97 1658//97 1654//97
f 1657//96 1661//96 1662//96 1658//96
f 1666//96 1662//96 1661//96 1665//96
f 1672//58 1666//58 1665//58 1670//58
f 1671//164 1673//164 1674//164 1672//164
f 1673//62 1675//62 1676//62 1674//62
f 1675//62 1679//62 1680//62 1676//62
f 1679//62 1683//62 1684//62 1680//62
f 1683//62 1687//62 1688//62 1684//62
f 1687//72 1691//72 1692//72 1688//72
f 1691//62 1695//62 1696//62 1692//62
f 1695//72 1699//72 1700//72 1696//72
f 1699//72 1703//72 1704//72 1700//72
f 1703//73 1707//73 1708//73 1704//73
f 1707//72 1712//72 1713//72 1708//72
f 1712//72 1714//72 1715//72 1713//72
f 1714//72 1716//72 1717//72 1715//72
f 1716//72 1718//72 1719//72 1717//72
f 1718//73 1720//73 1721//73 1719//73
f 1720//72 1722//72 1723//72 1721//72
f 1722//73 1724//73 1725//73 1723//73
f 1724//72 1726//72 1727//72 1725//72
f 1726//72 1728//72 1729//72 1727//72
f 1728//73 1730//73 1731//73 1729//73
f 1730//72 1732//72 1733//72 1731//72
f 1732//72 1734//72 1735//72 1733//72
f 1734//72 1736//72 1737//72 1735//72
f 1736//72 1738//72 1739//72 1737//72
f 1738//72 871//72 870//72 1739//72
f 1747//79 1748//79 1749//79 1746//79
f 1711//79 1749//79 1748//79 1709//79
f 1745//79 1747//79 1746//79 1744//79
f 1743//79 1745//79 1744//79 1742//79
f 1741//79 1743//79 1742//79 1740//79
f 892//96 1741//96 1740//96 893//96
f 1706//101 1711//101 1710//101 1705//101
f 1702//101 1706//101 1705//101 1701//101
f 1698//105 1702//105 1701//105 1697//105
f 1694//101 1698//101 1697//101 1693//101
f 1690//101 1694//101 1693//101 1689//101
f 1686//101 1690//101 1689//101 1685//101
f 1682//105 1686//105 1685//105 1681//105
f 1678//101 1682//101 1681//101 1677//101
f 1669//105 1678//105 1677//105 1667//105
f 1668//77 1663//77 1664//77 1669//77
f 1663//77 1659//77 1660//77 1664//77
f 1659//77 1655//77 1656//77 1660//77
f 1655//77 1651//77 1652//77 1656//77
f 1651//77 1647//77 1648//77 1652//77
f 1647//77 1643//77 1644//77 1648//77
f 1643//77 1639//77 1640//77 1644//77
f 1639//77 1635//77 1636//77 1640//77
f 1635//77 1631//77 1632//77 1636//77
f 1631//77 1627//77 1628//77 1632//77
f 1627//77 1623//77 1624//77 1628//77
f 1623//77 1619//77 1620//77 1624//77
f 1619//77 953//77 952//77 1620//77
f 1751//79 910//79 909//79 1750//79
f 1750//79 899//79 898//79 1751//79
f 1753//165 889//165 888//165 1752//165
f 887//166 1753//166 1752//166 886//166
f 885//167 887//167 886//167 884//167
f 883//168 885//168 884//168 882//168
f 881//169 883//169 882//169 880//169
f 879//170 881//170 880//170 878//170
f 877//171 879//171 878//171 876//171
f 1755//105 877//105 876//105 1754//105
f 875//105 1755//105 1754//105 874//105
f 873//101 875//101 874//101 872//101
f 1757//76 873//76 872//76 1756//76
f 1759//76 1757//76 1756//76 1758//76
f 1761//76 1759//76 1758//76 1760//76
f 841//172 1761//172 1760//172 840//172
f 1763//172 841//172 840//172 1762//172
f 1765//173 1763//173 1762//173 1764//173
f 1767//174 1765//174 1764//174 1766//174
f 1769//175 1767//175 1766//175 1768//175
f 1771//176 1769//176 1768//176 1770//176
f 1770//177 1772//177 1773//177 1771//177
f 1772//178 1774//178 1775//178 1773//178
f 1774//179 1776//179 1777//179 1775//179
f 1776//180 1778//180 1779//180 1777//180
f 1778//181 1780//181 1781//181 1779//181
f 1780//182 1782//182 1783//182 1781//182
f 1782//183 1784//183 1785//183 1783//183
f 1784//113 1786//113 1787//113 1785//113
f 1786//112 1788//112 1789//112 1787//112
f 820//112 1789//112 1788//112 821//112
f 838//72 836//72 837//72 839//72
f 836//72 1790//72 1791//72 837//72
f 1790//72 1792//72 1793//72 1791//72
f 1792//72 1794//72 1795//72 1793//72
f 1794//73 1796//73 1797//73 1795//73
f 1796//72 1798//72 1799//72 1797//72
f 1798//73 1802//73 1803//73 1799//73
f 1802//73 1806//73 1807//73 1803//73
f 1806//73 1810//73 1811//73 1807//73
f 1810//73 1814//73 1815//73 1811//73
f 1814//73 1818//73 1819//73 1815//73
f 1818//73 1822//73 1823//73 1819//73
f 1822//73 1826//73 1827//73 1823//73
f 1826//184 1830//184 1831//184 1827//184
f 1830//184 1834//184 1835//184 1831//184
f 1834//185 1839//185 1841//185 1835//185
f 1843//125 1841//125 1840//125 1842//125
f 1842//186 1844//186 1845//186 1843//186
f 1844//71 1848//71 1849//71 1845//71
f 1848//71 1852//71 1853//71 1849//71
f 1852//71 1856//71 1857//71 1853//71
f 1856//71 1860//71 1861//71 1857//71
f 1860//125 1864//125 1865//125 1861//125
f 1864//125 1868//125 1869//125 1865//125
f 1868//139 1872//139 1873//139 1869//139
f 1872//138 1876//138 1877//138 1873//138
f 1876//137 1880//137 1881//137 1877//137
f 1880//136 1884//136 1885//136 1881//136
f 1884//135 1888//135 1889//135 1885//135
f 1888//187 1893//187 1895//187 1889//187
f 769//188 1895//188 1894//188 770//188
f 1887//79 1891//79 1890//79 1886//79
f 1891//62 773//62 774//62 1892//62
f 1883//79 1887//79 1886//79 1882//79
f 1879//79 1883//79 1882//79 1878//79
f 1875//79 1879//79 1878//79 1874//79
f 1871//79 1875//79 1874//79 1870//79
f 1867//79 1871//79 1870//79 1866//79
f 1863//79 1867//79 1866//79 1862//79
f 1859//79 1863//79 1862//79 1858//79
f 1855//79 1859//79 1858//79 1854//79
f 1851//79 1855//79 1854//79 1850//79
f 1847//79 1851//79 1850//79 1846//79
f 1838//189 1847//189 1846//189 1836//189
f 1833//101 1838//101 1837//101 1832//101
f 1829//101 1833//101 1832//101 1828//101
f 1825//105 1829//105 1828//105 1824//105
f 1821//101 1825//101 1824//101 1820//101
f 1817//101 1821//101 1820//101 1816//101
f 1813//101 1817//101 1816//101 1812//101
f 1809//105 1813//105 1812//105 1808//105
f 1805//105 1809//105 1808//105 1804//105
f 1801//101 1805//101 1804//101 1800//101
f 834//101 1801//101 1800//101 835//101
f 817//79 822//79 821//79 816//79
f 816//79 812//79 813//79 817//79
f 812//79 1897//79 1896//79 813//79
f 811//114 1898//114 1897//114 810//114
f 806//114 811//114 810//114 805//114
f 802//115 806//115 805//115 801//115
f 798//190 802//190 801//190 797//190
f 794//191 798//191 797//191 793//191
f 790//117 794//117 793//117 789//117
f 781//192 790//192 789//192 782//192
f 773//62 778//62 777//62 774//62
f 2872//193 1953//193 1954//193 2873//193
f 2158//194 1917//194 1918//194 2159//194
f 1946//195 2624//195 2626//195 1945//195
f 1904//196 2009//196 2011//196 1903//196
f 2118//197 1913//197 1914//197 2119//197
f 2115//198 1911//198 1912//198 2116//198
f 2108//199 1909//199 1910//199 2109//199
f 2578//200 1941//200 1942//200 2579//200
f 1967//201 1899//201 1900//201 1968//201
f 1940//199 2569//199 2571//199 1939//199
f 2428//202 1933//202 1934//202 2429//202
f 1966//203 3098//203 3100//203 1965//203
f 1920//204 2307//204 2309//204 1919//204
f 1950//204 2816//204 2818//204 1949//204
f 2155//204 1915//204 1916//204 2153//204
f 2037//199 1907//199 1908//199 2035//199
f 2407//204 1931//204 1932//204 2408//204
f 1930//205 2405//205 2404//205 1929//205
f 1948//203 2811//203 2813//203 1947//203
f 2869//199 1951//199 1952//199 2870//199
f 3038//206 1957//206 1958//206 3039//206
f 2547//200 1935//200 1936//200 2545//200
f 1944//207 2618//207 2617//207 1943//207
f 1962//200 3092//200 3094//200 1961//200
f 3095//208 1963//208 1964//208 3096//208
f 2911//203 1955//203 1956//203 2912//203
f 1928//209 2357//209 2359//209 1927//209
f 2350//204 1925//204 1926//204 2351//204
f 3041//210 1959//210 1960//210 3042//210
f 2318//199 1921//199 1922//199 2319//199
f 1924//199 2321//199 2323//199 1923//199
f 1902//211 1970//211 1972//211 1901//211
f 1938//212 2548//212 2550//212 1937//212
f 1906//203 2022//203 2024//203 1905//203
f 1931//204 1206//204 1205//204 1932//204
f 1929//205 1203//205 1202//205 1930//205
f 1933//202 1227//202 1226//202 1934//202
f 1899//201 766//201 765//201 1900//201
f 1909//199 907//199 906//199 1910//199
f 1911//198 914//198 913//198 1912//198
f 1913//197 917//197 916//197 1914//197
f 809//196 1904//196 1903//196 807//196
f 770//211 1902//211 1901//211 768//211
f 1959//210 1840//210 1839//210 1960//210
f 835//199 1908//199 1907//199 833//199
f 953//204 1916//204 1915//204 951//204
f 1917//194 957//194 956//194 1918//194
f 1955//203 1710//203 1709//203 1956//203
f 1963//208 1894//208 1893//208 1964//208
f 1892//200 1962//200 1961//200 1890//200
f 1415//207 1944//207 1943//207 1416//207
f 1935//200 1343//200 1345//200 1936//200
f 1957//213 1837//213 1836//213 1958//213
f 1951//199 1668//199 1667//199 1952//199
f 1611//203 1948//203 1947//203 1609//203
f 1348//212 1938//212 1937//212 1346//212
f 1923//199 1119//199 1121//199 1924//199
f 1616//204 1950//204 1949//204 1614//204
f 1107//204 1920//204 1919//204 1105//204
f 1905//203 820//203 822//203 1906//203
f 1898//203 1966//203 1965//203 1896//203
f 1369//199 1940//199 1939//199 1367//199
f 1941//200 1377//200 1376//200 1942//200
f 1921//199 1117//199 1116//199 1922//199
f 1424//195 1946//195 1945//195 1422//195
f 1953//193 1671//193 1670//193 1954//193
f 1925//204 1149//204 1148//204 1926//204
f 1157//209 1928//209 1927//209 1155//209
f 1974//214 1969//214 1968//214 1973//214
f 1969//215 1977//215 1978//215 1967//215
f 1977//216 1981//216 1982//216 1978//216
f 1981//217 1983//217 1984//217 1982//217
f 1980//218 1985//218 1986//218 1979//218
f 1985//218 1987//218 1988//218 1986//218
f 1987//218 1989//218 1990//218 1988//218
f 1989//218 1993//218 1994//218 1990//218
f 1993//218 1997//218 1998//218 1994//218
f 1997//219 2001//219 2002//219 1998//219
f 2001//220 2005//220 2006//220 2002//220
f 2005//221 2011//221 2010//221 2006//221
f 2017//222 2010//222 2009//222 2016//222
f 2016//222 2020//222 2021//222 2017//222
f 2020//223 2025//223 2026//223 2021//223
f 2025//224 2027//224 2028//224 2026//224
f 2027//225 2029//225 2030//225 2028//225
f 2029//226 2031//226 2032//226 2030//226
f 2031//227 2033//227 2034//227 2032//227
f 2036//227 2034//227 2033//227 2037//227
f 2047//228 2044//228 2045//228 2046//228
f 2044//218 2048//218 2049//218 2045//218
f 2048//228 2050//228 2051//228 2049//228
f 2050//218 2052//218 2053//218 2051//218
f 2052//228 2054//228 2055//228 2053//228
f 2054//218 2056//218 2057//218 2055//218
f 2056//228 2058//228 2059//228 2057//228
f 2058//228 2060//228 2061//228 2059//228
f 2060//228 2062//228 2063//228 2061//228
f 2062//228 2064//228 2065//228 2063//228
f 2064//218 2066//218 2067//218 2065//218
f 2066//228 2068//228 2069//228 2067//228
f 2068//228 2040//228 2041//228 2069//228
f 2071//228 2047//228 2046//228 2070//228
f 2073//228 2071//228 2070//228 2072//228
f 2093//229 2094//229 2095//229 2092//229
f 2097//229 2093//229 2092//229 2096//229
f 2099//229 2097//229 2096//229 2098//229
f 2101//230 2099//230 2098//230 2100//230
f 2103//231 2104//231 2105//231 2102//231
f 2107//231 2103//231 2102//231 2106//231
f 2091//231 2107//231 2106//231 2090//231
f 2104//231 2110//231 2109//231 2105//231
f 2114//227 2108//227 2110//227 2113//227
f 2116//227 2114//227 2113//227 2117//227
f 2122//232 2120//232 2119//232 2121//232
f 2112//233 2118//233 2120//233 2111//233
f 2126//234 2123//234 2124//234 2125//234
f 2117//235 2124//235 2123//235 2115//235
f 2128//236 2126//236 2125//236 2127//236
f 2130//237 2128//237 2127//237 2129//237
f 2134//218 2131//218 2132//218 2133//218
f 2131//218 2122//218 2121//218 2132//218
f 2136//218 2134//218 2133//218 2135//218
f 2138//218 2136//218 2135//218 2137//218
f 2142//238 2139//238 2140//238 2141//238
f 2139//239 2130//239 2129//239 2140//239
f 2144//240 2142//240 2141//240 2143//240
f 2146//241 2144//241 2143//241 2145//241
f 2150//218 2147//218 2148//218 2149//218
f 2147//218 2138//218 2137//218 2148//218
f 2152//218 2150//218 2149//218 2151//218
f 2154//218 2152//218 2151//218 2155//218
f 2159//242 2156//242 2157//242 2160//242
f 2156//243 2146//243 2145//243 2157//243
f 2160//244 2161//244 2162//244 2158//244
f 2164//245 2165//245 2166//245 2163//245
f 2168//246 2164//246 2163//246 2167//246
f 2170//247 2168//247 2167//247 2169//247
f 2174//248 2170//248 2169//248 2173//248
f 2178//249 2174//249 2173//249 2177//249
f 2182//250 2178//250 2177//250 2181//250
f 2186//251 2182//251 2181//251 2185//251
f 2190//252 2186//252 2185//252 2189//252
f 2194//233 2190//233 2189//233 2193//233
f 2198//233 2194//233 2193//233 2197//233
f 2202//233 2198//233 2197//233 2201//233
f 2206//233 2202//233 2201//233 2205//233
f 2210//233 2206//233 2205//233 2209//233
f 2214//233 2210//233 2209//233 2213//233
f 2218//233 2214//233 2213//233 2217//233
f 2222//233 2218//233 2217//233 2221//233
f 2226//233 2222//233 2221//233 2225//233
f 2230//233 2226//233 2225//233 2229//233
f 2234//233 2230//233 2229//233 2233//233
f 2238//233 2234//233 2233//233 2237//233
f 2242//233 2238//233 2237//233 2241//233
f 2246//253 2242//253 2241//253 2245//253
f 2248//254 2246//254 2245//254 2247//254
f 2252//227 2249//227 2250//227 2251//227
f 2249//227 2243//227 2244//227 2250//227
f 2251//227 2253//227 2254//227 2252//227
f 2253//227 2255//227 2256//227 2254//227
f 2258//255 2259//255 2260//255 2257//255
f 2257//233 2248//233 2247//233 2258//233
f 2259//256 2261//256 2262//256 2260//256
f 2261//233 2265//233 2266//233 2262//233
f 2265//233 2269//233 2270//233 2266//233
f 2269//233 2273//233 2274//233 2270//233
f 2273//233 2277//233 2278//233 2274//233
f 2277//233 2281//233 2282//233 2278//233
f 2281//233 2285//233 2286//233 2282//233
f 2285//233 2289//233 2290//233 2286//233
f 2289//252 2293//252 2294//252 2290//252
f 2293//252 2297//252 2298//252 2294//252
f 2297//257 2301//257 2302//257 2298//257
f 2301//257 2305//257 2306//257 2302//257
f 2305//258 2310//258 2311//258 2306//258
f 2310//252 2312//252 2313//252 2311//252
f 2312//259 2314//259 2315//259 2313//259
f 2319//260 2323//260 2322//260 2320//260
f 2320//227 2324//227 2325//227 2318//227
f 2324//227 2328//227 2329//227 2325//227
f 2328//227 2332//227 2333//227 2329//227
f 2332//227 2336//227 2337//227 2333//227
f 2336//227 2340//227 2341//227 2337//227
f 2340//227 2344//227 2345//227 2341//227
f 2344//227 2348//227 2349//227 2345//227
f 2351//227 2349//227 2348//227 2352//227
f 2347//261 2353//261 2354//261 2346//261
f 2356//262 2354//262 2353//262 2355//262
f 2355//263 2359//263 2358//263 2356//263
f 2361//260 2358//260 2357//260 2360//260
f 2363//260 2361//260 2360//260 2362//260
f 2365//231 2363//231 2362//231 2364//231
f 2369//228 2366//228 2367//228 2368//228
f 2366//228 2350//228 2352//228 2367//228
f 2371//218 2369//218 2368//218 2370//218
f 2373//228 2371//228 2370//228 2372//228
f 2375//260 2365//260 2364//260 2374//260
f 2377//260 2375//260 2374//260 2376//260
f 2379//260 2377//260 2376//260 2378//260
f 2381//260 2379//260 2378//260 2380//260
f 2385//228 2382//228 2383//228 2384//228
f 2382//228 2373//228 2372//228 2383//228
f 2387//228 2385//228 2384//228 2386//228
f 2389//228 2387//228 2386//228 2388//228
f 2391//260 2381//260 2380//260 2390//260
f 2393//260 2391//260 2390//260 2392//260
f 2395//260 2393//260 2392//260 2394//260
f 2397//260 2395//260 2394//260 2396//260
f 2401//228 2398//228 2399//228 2400//228
f 2398//228 2389//228 2388//228 2399//228
f 2403//228 2401//228 2400//228 2402//228
f 2408//228 2403//228 2402//228 2409//228
f 2411//227 2407//227 2409//227 2410//227
f 2413//227 2411//227 2410//227 2412//227
f 2415//227 2413//227 2412//227 2414//227
f 2419//254 2416//254 2417//254 2418//254
f 2416//264 2406//264 2405//264 2417//264
f 2421//233 2419//233 2418//233 2420//233
f 2423//233 2421//233 2420//233 2422//233
f 2427//265 2424//265 2425//265 2426//265
f 2424//227 2415//227 2414//227 2425//227
f 2429//266 2427//266 2426//266 2430//266
f 2436//228 2428//228 2430//228 2435//228
f 2438//228 2436//228 2435//228 2437//228
f 2440//267 2431//267 2432//267 2439//267
f 2442//231 2440//231 2439//231 2441//231
f 2444//260 2442//260 2441//260 2443//260
f 2446//260 2444//260 2443//260 2445//260
f 2450//228 2447//228 2448//228 2449//228
f 2447//228 2438//228 2437//228 2448//228
f 2452//268 2450//268 2449//268 2451//268
f 2454//228 2452//228 2451//228 2453//228
f 2456//267 2446//267 2445//267 2455//267
f 2458//267 2456//267 2455//267 2457//267
f 2460//267 2458//267 2457//267 2459//267
f 2462//260 2460//260 2459//260 2461//260
f 2466//228 2463//228 2464//228 2465//228
f 2463//228 2454//228 2453//228 2464//228
f 2468//268 2466//268 2465//268 2467//268
f 2470//228 2468//228 2467//228 2469//228
f 2472//260 2462//260 2461//260 2471//260
f 2474//267 2472//267 2471//267 2473//267
f 2476//267 2474//267 2473//267 2475//267
f 2478//267 2476//267 2475//267 2477//267
f 2482//268 2479//268 2480//268 2481//268
f 2479//228 2470//228 2469//228 2480//228
f 2484//228 2482//228 2481//228 2483//228
f 2486//268 2484//268 2483//268 2485//268
f 2488//267 2478//267 2477//267 2487//267
f 2490//267 2488//267 2487//267 2489//267
f 2492//269 2490//269 2489//269 2491//269
f 2494//270 2492//270 2491//270 2493//270
f 2498//268 2495//268 2496//268 2497//268
f 2495//268 2486//268 2485//268 2496//268
f 2500//228 2498//228 2497//228 2499//228
f 2502//228 2500//228 2499//228 2501//228
f 2504//270 2494//270 2493//270 2503//270
f 2506//271 2504//271 2503//271 2505//271
f 2508//271 2506//271 2505//271 2507//271
f 2510//272 2508//272 2507//272 2509//272
f 2514//228 2511//228 2512//228 2513//228
f 2511//228 2502//228 2501//228 2512//228
f 2516//228 2514//228 2513//228 2515//228
f 2518//228 2516//228 2515//228 2517//228
f 2520//273 2510//273 2509//273 2519//273
f 2522//274 2520//274 2519//274 2521//274
f 2524//275 2522//275 2521//275 2523//275
f 2526//276 2524//276 2523//276 2525//276
f 2530//228 2527//228 2528//228 2529//228
f 2527//228 2518//228 2517//228 2528//228
f 2532//228 2530//228 2529//228 2531//228
f 2534//228 2532//228 2531//228 2533//228
f 2536//277 2526//277 2525//277 2535//277
f 2538//278 2536//278 2535//278 2537//278
f 2540//279 2538//279 2537//279 2539//279
f 2544//280 2540//280 2539//280 2543//280
f 2543//281 2550//281 2549//281 2544//281
f 2552//282 2549//282 2548//282 2551//282
f 2554//283 2552//283 2551//283 2553//283
f 2556//284 2554//284 2553//284 2555//284
f 2560//233 2557//233 2558//233 2559//233
f 2557//233 2547//233 2546//233 2558//233
f 2562//233 2560//233 2559//233 2561//233
f 2564//233 2562//233 2561//233 2563//233
f 2566//284 2556//284 2555//284 2565//284
f 2568//284 2566//284 2565//284 2567//284
f 2570//284 2568//284 2567//284 2571//284
f 2573//231 2570//231 2569//231 2572//231
f 2579//233 2576//233 2577//233 2580//233
f 2576//233 2564//233 2563//233 2577//233
f 2575//228 2578//228 2580//228 2574//228
f 2582//218 2575//218 2574//218 2581//218
f 2584//228 2582//228 2581//228 2583//228
f 2586//228 2584//228 2583//228 2585//228
f 2590//260 2587//260 2588//260 2589//260
f 2587//231 2573//231 2572//231 2588//231
f 2592//260 2590//260 2589//260 2591//260
f 2594//260 2592//260 2591//260 2593//260
f 2596//228 2586//228 2585//228 2595//228
f 2598//228 2596//228 2595//228 2597//228
f 2600//228 2598//228 2597//228 2599//228
f 2602//228 2600//228 2599//228 2601//228
f 2606//260 2603//260 2604//260 2605//260
f 2603//231 2594//231 2593//231 2604//231
f 2608//260 2606//260 2605//260 2607//260
f 2610//260 2608//260 2607//260 2609//260
f 2612//228 2602//228 2601//228 2611//228
f 2614//228 2612//228 2611//228 2613//228
f 2616//228 2614//228 2613//228 2615//228
f 2618//228 2616//228 2615//228 2619//228
f 2623//260 2620//260 2621//260 2622//260
f 2620//260 2610//260 2609//260 2621//260
f 2625//231 2623//231 2622//231 2626//231
f 2628//285 2625//285 2624//285 2627//285
f 2630//286 2628//286 2627//286 2629//286
f 2634//287 2630//287 2629//287 2633//287
f 2638//288 2634//288 2633//288 2637//288
f 2642//289 2638//289 2637//289 2641//289
f 2646//290 2642//290 2641//290 2645//290
f 2650//291 2646//291 2645//291 2649//291
f 2654//292 2650//292 2649//292 2653//292
f 2658//293 2654//293 2653//293 2657//293
f 2662//294 2658//294 2657//294 2661//294
f 2666//295 2662//295 2661//295 2665//295
f 2670//296 2666//296 2665//296 2669//296
f 2674//297 2670//297 2669//297 2673//297
f 2678//298 2674//298 2673//298 2677//298
f 2682//284 2678//284 2677//284 2681//284
f 2686//284 2682//284 2681//284 2685//284
f 2690//299 2686//299 2685//299 2689//299
f 2694//227 2690//227 2689//227 2693//227
f 2698//227 2694//227 2693//227 2697//227
f 2702//227 2698//227 2697//227 2701//227
f 2706//227 2702//227 2701//227 2705//227
f 2710//227 2706//227 2705//227 2709//227
f 2714//227 2710//227 2709//227 2713//227
f 2718//227 2714//227 2713//227 2717//227
f 2722//227 2718//227 2717//227 2721//227
f 2726//227 2722//227 2721//227 2725//227
f 2730//227 2726//227 2725//227 2729//227
f 2734//227 2730//227 2729//227 2733//227
f 2738//227 2734//227 2733//227 2737//227
f 2742//227 2738//227 2737//227 2741//227
f 2746//227 2742//227 2741//227 2745//227
f 2750//227 2746//227 2745//227 2749//227
f 2754//227 2750//227 2749//227 2753//227
f 2758//227 2754//227 2753//227 2757//227
f 2762//227 2758//227 2757//227 2761//227
f 2766//227 2762//227 2761//227 2765//227
f 2770//227 2766//227 2765//227 2769//227
f 2774//227 2770//227 2769//227 2773//227
f 2778//227 2774//227 2773//227 2777//227
f 2782//284 2778//284 2777//284 2781//284
f 2786//284 2782//284 2781//284 2785//284
f 2790//298 2786//298 2785//298 2789//298
f 2794//297 2790//297 2789//297 2793//297
f 2798//300 2794//300 2793//300 2797//300
f 2802//301 2798//301 2797//301 2801//301
f 2806//302 2802//302 2801//302 2805//302
f 2810//303 2806//303 2805//303 2809//303
f 1971//304 2810//304 2809//304 1972//304
f 2804//305 2807//305 2808//305 2803//305
f 2807//306 1974//306 1973//306 2808//306
f 2800//307 2804//307 2803//307 2799//307
f 2796//252 2800//252 2799//252 2795//252
f 2792//233 2796//233 2795//233 2791//233
f 2788//233 2792//233 2791//233 2787//233
f 2784//233 2788//233 2787//233 2783//233
f 2780//233 2784//233 2783//233 2779//233
f 2776//233 2780//233 2779//233 2775//233
f 2772//233 2776//233 2775//233 2771//233
f 2768//233 2772//233 2771//233 2767//233
f 2764//233 2768//233 2767//233 2763//233
f 2760//233 2764//233 2763//233 2759//233
f 2756//233 2760//233 2759//233 2755//233
f 2752//233 2756//233 2755//233 2751//233
f 2748//233 2752//233 2751//233 2747//233
f 2744//233 2748//233 2747//233 2743//233
f 2740//233 2744//233 2743//233 2739//233
f 2736//233 2740//233 2739//233 2735//233
f 2732//233 2736//233 2735//233 2731//233
f 2728//233 2732//233 2731//233 2727//233
f 2724//233 2728//233 2727//233 2723//233
f 2720//233 2724//233 2723//233 2719//233
f 2716//233 2720//233 2719//233 2715//233
f 2712//233 2716//233 2715//233 2711//233
f 2708//233 2712//233 2711//233 2707//233
f 2704//233 2708//233 2707//233 2703//233
f 2700//233 2704//233 2703//233 2699//233
f 2696//233 2700//233 2699//233 2695//233
f 2692//233 2696//233 2695//233 2691//233
f 2688//233 2692//233 2691//233 2687//233
f 2684//233 2688//233 2687//233 2683//233
f 2680//233 2684//233 2683//233 2679//233
f 2676//233 2680//233 2679//233 2675//233
f 2672//233 2676//233 2675//233 2671//233
f 2668//233 2672//233 2671//233 2667//233
f 2664//233 2668//233 2667//233 2663//233
f 2660//252 2664//252 2663//252 2659//252
f 2656//233 2660//233 2659//233 2655//233
f 2652//233 2656//233 2655//233 2651//233
f 2648//252 2652//252 2651//252 2647//252
f 2644//252 2648//252 2647//252 2643//252
f 2640//252 2644//252 2643//252 2639//252
f 2636//308 2640//308 2639//308 2635//308
f 2632//308 2636//308 2635//308 2631//308
f 2619//309 2632//309 2631//309 2617//309
f 2545//228 2541//228 2542//228 2546//228
f 2541//228 2534//228 2533//228 2542//228
f 2434//233 2813//233 2812//233 2433//233
f 2433//233 2423//233 2422//233 2434//233
f 2431//260 2812//260 2811//260 2432//260
f 2406//260 2397//260 2396//260 2404//260
f 2343//310 2347//310 2346//310 2342//310
f 2339//311 2343//311 2342//311 2338//311
f 2335//312 2339//312 2338//312 2334//312
f 2331//313 2335//313 2334//313 2330//313
f 2327//313 2331//313 2330//313 2326//313
f 2314//313 2327//313 2326//313 2315//313
f 2317//227 2322//227 2321//227 2316//227
f 2815//227 2317//227 2316//227 2814//227
f 2814//227 2818//227 2817//227 2815//227
f 2308//228 2817//228 2816//228 2309//228
f 2304//227 2308//227 2307//227 2303//227
f 2300//227 2304//227 2303//227 2299//227
f 2296//227 2300//227 2299//227 2295//227
f 2292//227 2296//227 2295//227 2291//227
f 2288//227 2292//227 2291//227 2287//227
f 2284//227 2288//227 2287//227 2283//227
f 2280//227 2284//227 2283//227 2279//227
f 2276//227 2280//227 2279//227 2275//227
f 2272//227 2276//227 2275//227 2271//227
f 2268//227 2272//227 2271//227 2267//227
f 2264//227 2268//227 2267//227 2263//227
f 2255//227 2264//227 2263//227 2256//227
f 2240//227 2244//227 2243//227 2239//227
f 2236//227 2240//227 2239//227 2235//227
f 2232//227 2236//227 2235//227 2231//227
f 2228//227 2232//227 2231//227 2227//227
f 2224//227 2228//227 2227//227 2223//227
f 2220//227 2224//227 2223//227 2219//227
f 2216//227 2220//227 2219//227 2215//227
f 2212//227 2216//227 2215//227 2211//227
f 2208//227 2212//227 2211//227 2207//227
f 2204//227 2208//227 2207//227 2203//227
f 2200//227 2204//227 2203//227 2199//227
f 2196//227 2200//227 2199//227 2195//227
f 2192//227 2196//227 2195//227 2191//227
f 2188//227 2192//227 2191//227 2187//227
f 2184//314 2188//314 2187//314 2183//314
f 2180//227 2184//227 2183//227 2179//227
f 2176//314 2180//314 2179//314 2175//314
f 2172//315 2176//315 2175//315 2171//315
f 2161//316 2172//316 2171//316 2162//316
f 2165//317 2819//317 2820//317 2166//317
f 2819//318 2823//318 2824//318 2820//318
f 2823//319 2827//319 2828//319 2824//319
f 2827//230 2831//230 2832//230 2828//230
f 2831//253 2835//253 2836//253 2832//253
f 2835//253 2839//253 2840//253 2836//253
f 2839//320 2843//320 2844//320 2840//320
f 2843//233 2847//233 2848//233 2844//233
f 2847//321 2851//321 2852//321 2848//321
f 2851//256 2855//256 2856//256 2852//256
f 2855//253 2859//253 2860//253 2856//253
f 2859//254 2863//254 2864//254 2860//254
f 2868//254 2864//254 2863//254 2867//254
f 2873//255 2868//255 2867//255 2874//255
f 2874//322 2875//322 2876//322 2872//322
f 2875//218 2877//218 2878//218 2876//218
f 2877//218 2881//218 2882//218 2878//218
f 2881//218 2885//218 2886//218 2882//218
f 2885//218 2889//218 2890//218 2886//218
f 2889//218 2893//218 2894//218 2890//218
f 2893//218 2897//218 2898//218 2894//218
f 2897//218 2901//218 2902//218 2898//218
f 2901//228 2905//228 2906//228 2902//228
f 2905//218 2909//218 2910//218 2906//218
f 2909//228 2914//228 2915//228 2910//228
f 2914//228 2916//228 2917//228 2915//228
f 2916//218 2918//218 2919//218 2917//218
f 2918//228 2920//228 2921//228 2919//228
f 2920//228 2922//228 2923//228 2921//228
f 2922//228 2924//228 2925//228 2923//228
f 2924//228 2926//228 2927//228 2925//228
f 2926//228 2928//228 2929//228 2927//228
f 2928//228 2930//228 2931//228 2929//228
f 2930//228 2932//228 2933//228 2931//228
f 2932//228 2934//228 2935//228 2933//228
f 2934//228 2936//228 2937//228 2935//228
f 2936//228 2938//228 2939//228 2937//228
f 2938//228 2940//228 2941//228 2939//228
f 2940//218 2073//218 2072//218 2941//218
f 2949//233 2950//233 2951//233 2948//233
f 2912//233 2951//233 2950//233 2913//233
f 2947//233 2949//233 2948//233 2946//233
f 2945//233 2947//233 2946//233 2944//233
f 2943//233 2945//233 2944//233 2942//233
f 2094//254 2943//254 2942//254 2095//254
f 2908//260 2911//260 2913//260 2907//260
f 2904//260 2908//260 2907//260 2903//260
f 2900//260 2904//260 2903//260 2899//260
f 2896//260 2900//260 2899//260 2895//260
f 2892//260 2896//260 2895//260 2891//260
f 2888//260 2892//260 2891//260 2887//260
f 2884//231 2888//231 2887//231 2883//231
f 2880//260 2884//260 2883//260 2879//260
f 2870//260 2880//260 2879//260 2871//260
f 2871//227 2865//227 2866//227 2869//227
f 2865//227 2861//227 2862//227 2866//227
f 2861//227 2857//227 2858//227 2862//227
f 2857//227 2853//227 2854//227 2858//227
f 2853//227 2849//227 2850//227 2854//227
f 2849//227 2845//227 2846//227 2850//227
f 2845//227 2841//227 2842//227 2846//227
f 2841//227 2837//227 2838//227 2842//227
f 2837//227 2833//227 2834//227 2838//227
f 2833//227 2829//227 2830//227 2834//227
f 2829//227 2825//227 2826//227 2830//227
f 2825//227 2821//227 2822//227 2826//227
f 2821//227 2154//227 2153//227 2822//227
f 2953//233 2112//233 2111//233 2952//233
f 2952//233 2101//233 2100//233 2953//233
f 2955//323 2091//323 2090//323 2954//323
f 2089//324 2955//324 2954//324 2088//324
f 2087//325 2089//325 2088//325 2086//325
f 2085//325 2087//325 2086//325 2084//325
f 2083//326 2085//326 2084//326 2082//326
f 2081//327 2083//327 2082//327 2080//327
f 2079//328 2081//328 2080//328 2078//328
f 2957//267 2079//267 2078//267 2956//267
f 2077//267 2957//267 2956//267 2076//267
f 2075//231 2077//231 2076//231 2074//231
f 2959//231 2075//231 2074//231 2958//231
f 2961//231 2959//231 2958//231 2960//231
f 2963//329 2961//329 2960//329 2962//329
f 2043//330 2963//330 2962//330 2042//330
f 2965//331 2043//331 2042//331 2964//331
f 2967//332 2965//332 2964//332 2966//332
f 2969//333 2967//333 2966//333 2968//333
f 2971//334 2969//334 2968//334 2970//334
f 2973//335 2971//335 2970//335 2972//335
f 2972//336 2974//336 2975//336 2973//336
f 2974//337 2976//337 2977//337 2975//337
f 2976//338 2978//338 2979//338 2977//338
f 2978//339 2980//339 2981//339 2979//339
f 2980//340 2982//340 2983//340 2981//340
f 2982//341 2984//341 2985//341 2983//341
f 2984//342 2986//342 2987//342 2985//342
f 2986//342 2988//342 2989//342 2987//342
f 2988//271 2990//271 2991//271 2989//271
f 2023//271 2991//271 2990//271 2024//271
f 2040//218 2038//218 2039//218 2041//218
f 2038//228 2992//228 2993//228 2039//228
f 2992//228 2994//228 2995//228 2993//228
f 2994//268 2996//268 2997//268 2995//268
f 2996//228 2998//228 2999//228 2997//228
f 2998//228 3000//228 3001//228 2999//228
f 3000//268 3004//268 3005//268 3001//268
f 3004//268 3008//268 3009//268 3005//268
f 3008//268 3012//268 3013//268 3009//268
f 3012//268 3016//268 3017//268 3013//268
f 3016//268 3020//268 3021//268 3017//268
f 3020//268 3024//268 3025//268 3021//268
f 3024//268 3028//268 3029//268 3025//268
f 3028//343 3032//343 3033//343 3029//343
f 3032//343 3036//343 3037//343 3033//343
f 3036//344 3043//344 3042//344 3037//344
f 3045//284 3041//284 3043//284 3044//284
f 3044//345 3046//345 3047//345 3045//345
f 3046//227 3050//227 3051//227 3047//227
f 3050//227 3054//227 3055//227 3051//227
f 3054//299 3058//299 3059//299 3055//299
f 3058//284 3062//284 3063//284 3059//284
f 3062//284 3066//284 3067//284 3063//284
f 3066//297 3070//297 3071//297 3067//297
f 3070//297 3074//297 3075//297 3071//297
f 3074//296 3078//296 3079//296 3075//296
f 3078//295 3082//295 3083//295 3079//295
f 3082//346 3086//346 3087//346 3083//346
f 3086//347 3090//347 3091//347 3087//347
f 3090//348 3097//348 3096//348 3091//348
f 1970//349 3095//349 3097//349 1971//349
f 3089//233 3094//233 3093//233 3088//233
f 3092//218 1975//218 1976//218 3093//218
f 3085//233 3089//233 3088//233 3084//233
f 3081//233 3085//233 3084//233 3080//233
f 3077//233 3081//233 3080//233 3076//233
f 3073//233 3077//233 3076//233 3072//233
f 3069//233 3073//233 3072//233 3068//233
f 3065//252 3069//252 3068//252 3064//252
f 3061//252 3065//252 3064//252 3060//252
f 3057//308 3061//308 3060//308 3056//308
f 3053//308 3057//308 3056//308 3052//308
f 3049//308 3053//308 3052//308 3048//308
f 3039//350 3049//350 3048//350 3040//350
f 3035//260 3038//260 3040//260 3034//260
f 3031//260 3035//260 3034//260 3030//260
f 3027//260 3031//260 3030//260 3026//260
f 3023//260 3027//260 3026//260 3022//260
f 3019//231 3023//231 3022//231 3018//231
f 3015//260 3019//260 3018//260 3014//260
f 3011//260 3015//260 3014//260 3010//260
f 3007//260 3011//260 3010//260 3006//260
f 3003//260 3007//260 3006//260 3002//260
f 2035//260 3003//260 3002//260 2036//260
f 2019//233 2023//233 2022//233 2018//233
f 2018//233 2014//233 2015//233 2019//233
f 2014//233 3100//233 3099//233 2015//233
f 2013//273 3099//273 3098//273 2012//273
f 2008//273 2013//273 2012//273 2007//273
f 2004//274 2008//274 2007//274 2003//274
f 2000//236 2004//236 2003//236 1999//236
f 1996//351 2000//351 1999//351 1995//351
f 1992//276 1996//276 1995//276 1991//276
f 1983//352 1992//352 1991//352 1984//352
f 1975//218 1980//218 1979//218 1976//218
f 771//1 767//1 769//1 1607//1
f 765//353 772//353 125//353 1900//353
f 767//1 773//1 1891//1 769//1
f 767//1 776//1 778//1 773//1
f 775//354 766//354 1899//354 127//354
f 770//355 1894//355 1963//355 1902//355
f 1889//1 1895//1 769//1 1891//1
f 1608//356 768//356 1901//356 510//356
f 1606//1 771//1 1607//1 1603//1
f 772//357 1605//357 509//357 125//357
f 774//358 777//358 128//358 126//358
f 1892//358 774//358 126//358 1962//358
f 776//1 780//1 783//1 778//1
f 779//359 775//359 127//359 129//359
f 777//358 784//358 131//358 128//358
f 780//1 782//1 785//1 783//1
f 781//360 779//360 129//360 130//360
f 782//1 789//1 787//1 785//1
f 790//360 781//360 130//360 134//360
f 784//358 786//358 132//358 131//358
f 786//358 788//358 133//358 132//358
f 789//1 793//1 791//1 787//1
f 788//358 792//358 135//358 133//358
f 794//360 790//360 134//360 136//360
f 793//1 797//1 795//1 791//1
f 792//358 796//358 137//358 135//358
f 798//360 794//360 136//360 138//360
f 797//1 801//1 799//1 795//1
f 796//358 800//358 139//358 137//358
f 802//360 798//360 138//360 140//360
f 801//1 805//1 803//1 799//1
f 800//361 804//361 141//361 139//361
f 806//360 802//360 140//360 142//360
f 805//1 810//1 808//1 803//1
f 804//362 807//362 1903//362 141//362
f 811//360 806//360 142//360 143//360
f 810//1 1897//1 812//1 808//1
f 816//1 814//1 808//1 812//1
f 809//363 815//363 145//363 1904//363
f 1898//360 811//360 143//360 1966//360
f 813//364 1896//364 1965//364 144//364
f 817//364 813//364 144//364 146//364
f 816//1 821//1 818//1 814//1
f 815//363 819//363 147//363 145//363
f 822//2 817//2 146//2 1906//2
f 821//1 1//1 823//1 818//1
f 819//365 824//365 148//365 147//365
f 1789//360 820//360 1905//360 593//360
f 821//1 1788//1 122//1 1//1
f 1//1 2//1 825//1 823//1
f 824//366 826//366 149//366 148//366
f 2//1 3//1 827//1 825//1
f 826//367 828//367 150//367 149//367
f 3//1 4//1 829//1 827//1
f 828//368 830//368 151//368 150//368
f 4//1 5//1 831//1 829//1
f 830//363 832//363 152//363 151//363
f 832//363 833//363 1907//363 152//363
f 5//1 6//1 834//1 831//1
f 1797//1 1799//1 1801//1 834//1
f 835//360 1800//360 599//360 1908//360
f 1795//1 1797//1 834//1 6//1
f 839//1 837//1 9//1 10//1
f 836//358 838//358 154//358 153//358
f 837//1 1791//1 8//1 9//1
f 1790//358 836//358 153//358 594//358
f 867//1 839//1 10//1 11//1
f 838//358 866//358 168//358 154//358
f 840//1 1760//1 22//1 20//1
f 841//360 1763//360 580//360 155//360
f 1761//360 841//360 155//360 579//360
f 1762//1 840//1 20//1 21//1
f 843//1 847//1 18//1 23//1
f 846//358 842//358 156//358 158//358
f 844//1 843//1 23//1 24//1
f 842//358 845//358 157//358 156//358
f 845//358 869//358 169//358 157//358
f 868//1 844//1 24//1 39//1
f 847//1 849//1 19//1 18//1
f 848//358 846//358 158//358 159//358
f 849//1 851//1 25//1 19//1
f 850//358 848//358 159//358 160//358
f 851//1 853//1 26//1 25//1
f 852//358 850//358 160//358 161//358
f 853//1 855//1 27//1 26//1
f 854//358 852//358 161//358 162//358
f 855//1 857//1 28//1 27//1
f 856//358 854//358 162//358 163//358
f 857//1 859//1 29//1 28//1
f 858//358 856//358 163//358 164//358
f 859//1 861//1 30//1 29//1
f 860//358 858//358 164//358 165//358
f 861//1 863//1 31//1 30//1
f 862//358 860//358 165//358 166//358
f 863//1 865//1 32//1 31//1
f 864//358 862//358 166//358 167//358
f 865//1 867//1 11//1 32//1
f 866//358 864//358 167//358 168//358
f 869//358 871//358 170//358 169//358
f 870//1 868//1 39//1 40//1
f 871//358 1738//358 568//358 170//358
f 1739//1 870//1 40//1 89//1
f 872//1 874//1 48//1 47//1
f 873//360 1757//360 577//360 171//360
f 875//360 873//360 171//360 172//360
f 1756//1 872//1 47//1 41//1
f 874//1 1754//1 49//1 48//1
f 1755//360 875//360 172//360 576//360
f 876//1 878//1 56//1 55//1
f 877//360 1755//360 576//360 173//360
f 879//369 877//369 173//369 174//369
f 1754//1 876//1 55//1 49//1
f 878//1 880//1 57//1 56//1
f 881//370 879//370 174//370 175//370
f 880//1 882//1 58//1 57//1
f 883//371 881//371 175//371 176//371
f 882//1 884//1 60//1 58//1
f 885//371 883//371 176//371 177//371
f 884//1 886//1 61//1 60//1
f 887//371 885//371 177//371 178//371
f 886//1 1752//1 62//1 61//1
f 1753//372 887//372 178//372 575//372
f 888//1 904//1 65//1 64//1
f 889//373 1753//373 575//373 179//373
f 905//360 889//360 179//360 187//360
f 1752//1 888//1 64//1 62//1
f 890//1 893//1 66//1 67//1
f 891//374 895//374 182//374 180//374
f 892//374 891//374 180//374 181//374
f 894//1 890//1 67//1 68//1
f 893//1 1740//1 99//1 66//1
f 1741//375 892//375 181//375 569//375
f 895//374 897//374 183//374 182//374
f 896//1 894//1 68//1 69//1
f 897//376 899//376 184//376 183//376
f 898//1 896//1 69//1 70//1
f 899//364 1750//364 574//364 184//364
f 1751//1 898//1 70//1 73//1
f 900//1 903//1 71//1 72//1
f 901//360 905//360 187//360 185//360
f 902//360 901//360 185//360 186//360
f 904//1 900//1 72//1 65//1
f 903//1 908//1 73//1 71//1
f 906//360 902//360 186//360 1910//360
f 908//1 910//1 1751//1 73//1
f 908//1 912//1 918//1 910//1
f 911//363 907//363 1909//363 189//363
f 909//364 917//364 1913//364 188//364
f 1750//364 909//364 188//364 574//364
f 912//1 915//1 921//1 918//1
f 913//363 911//363 189//363 1912//363
f 922//377 914//377 1911//377 191//377
f 916//378 920//378 190//378 1914//378
f 919//1 918//1 921//1 924//1
f 930//1 919//1 924//1 926//1
f 920//358 929//358 195//358 190//358
f 923//379 922//379 191//379 192//379
f 925//360 923//360 192//360 193//360
f 931//1 930//1 926//1 928//1
f 927//360 925//360 193//360 194//360
f 933//1 931//1 928//1 937//1
f 938//360 927//360 194//360 199//360
f 929//358 932//358 196//358 195//358
f 932//358 934//358 197//358 196//358
f 934//358 936//358 198//358 197//358
f 935//1 933//1 937//1 940//1
f 946//1 935//1 940//1 942//1
f 936//358 945//358 203//358 198//358
f 939//360 938//360 199//360 200//360
f 941//360 939//360 200//360 201//360
f 947//1 946//1 942//1 944//1
f 943//380 941//380 201//380 202//380
f 949//1 947//1 944//1 954//1
f 955//381 943//381 202//381 206//381
f 945//358 948//358 204//358 203//358
f 948//358 950//358 205//358 204//358
f 950//358 951//358 1915//358 205//358
f 952//1 949//1 954//1 958//1
f 952//1 958//1 961//1 964//1
f 1620//1 952//1 964//1 1618//1
f 953//363 1619//363 513//363 1916//363
f 956//382 955//382 206//382 1918//382
f 958//1 960//1 965//1 961//1
f 959//383 957//383 1917//383 207//383
f 960//1 969//1 967//1 965//1
f 970//384 959//384 207//384 212//384
f 962//385 966//385 210//385 208//385
f 963//386 962//386 208//386 209//386
f 1617//387 963//387 209//387 512//387
f 966//388 968//388 211//388 210//388
f 969//1 973//1 971//1 967//1
f 968//389 972//389 213//389 211//389
f 974//390 970//390 212//390 214//390
f 973//1 977//1 975//1 971//1
f 972//391 976//391 215//391 213//391
f 978//363 974//363 214//363 216//363
f 977//1 981//1 979//1 975//1
f 976//392 980//392 217//392 215//392
f 982//363 978//363 216//363 218//363
f 981//1 985//1 983//1 979//1
f 980//393 984//393 219//393 217//393
f 986//363 982//363 218//363 220//363
f 985//1 989//1 987//1 983//1
f 984//364 988//364 221//364 219//364
f 990//363 986//363 220//363 222//363
f 989//1 993//1 991//1 987//1
f 988//364 992//364 223//364 221//364
f 994//363 990//363 222//363 224//363
f 993//1 997//1 995//1 991//1
f 992//364 996//364 225//364 223//364
f 998//363 994//363 224//363 226//363
f 997//1 1001//1 999//1 995//1
f 996//364 1000//364 227//364 225//364
f 1002//363 998//363 226//363 228//363
f 1001//1 1005//1 1003//1 999//1
f 1000//364 1004//364 229//364 227//364
f 1006//363 1002//363 228//363 230//363
f 1005//1 1009//1 1007//1 1003//1
f 1004//364 1008//364 231//364 229//364
f 1010//363 1006//363 230//363 232//363
f 1009//1 1013//1 1011//1 1007//1
f 1008//364 1012//364 233//364 231//364
f 1014//363 1010//363 232//363 234//363
f 1013//1 1017//1 1015//1 1011//1
f 1012//364 1016//364 235//364 233//364
f 1018//363 1014//363 234//363 236//363
f 1017//1 1021//1 1019//1 1015//1
f 1016//364 1020//364 237//364 235//364
f 1022//363 1018//363 236//363 238//363
f 1021//1 1025//1 1023//1 1019//1
f 1020//364 1024//364 239//364 237//364
f 1026//363 1022//363 238//363 240//363
f 1025//1 1029//1 1027//1 1023//1
f 1024//364 1028//364 241//364 239//364
f 1030//363 1026//363 240//363 242//363
f 1029//1 1033//1 1031//1 1027//1
f 1028//364 1032//364 243//364 241//364
f 1034//363 1030//363 242//363 244//363
f 1033//1 1037//1 1035//1 1031//1
f 1032//364 1036//364 245//364 243//364
f 1038//363 1034//363 244//363 246//363
f 1037//1 1041//1 1039//1 1035//1
f 1036//393 1040//393 247//393 245//393
f 1042//363 1038//363 246//363 248//363
f 1041//1 1047//1 1043//1 1039//1
f 1040//375 1044//375 249//375 247//375
f 1048//363 1042//363 248//363 251//363
f 1044//392 1046//392 250//392 249//392
f 1045//1 1043//1 1047//1 1050//1
f 1045//1 1050//1 1052//1 1056//1
f 1046//364 1055//364 255//364 250//364
f 1049//363 1048//363 251//363 252//363
f 1051//363 1049//363 252//363 253//363
f 1052//1 1054//1 1057//1 1056//1
f 1053//363 1051//363 253//363 254//363
f 1054//1 1061//1 1059//1 1057//1
f 1062//363 1053//363 254//363 258//363
f 1055//394 1058//394 256//394 255//394
f 1058//394 1060//394 257//394 256//394
f 1061//1 1065//1 1063//1 1059//1
f 1060//395 1064//395 259//395 257//395
f 1066//363 1062//363 258//363 260//363
f 1065//1 1069//1 1067//1 1063//1
f 1064//364 1068//364 261//364 259//364
f 1070//363 1066//363 260//363 262//363
f 1069//1 1073//1 1071//1 1067//1
f 1068//364 1072//364 263//364 261//364
f 1074//363 1070//363 262//363 264//363
f 1073//1 1077//1 1075//1 1071//1
f 1072//364 1076//364 265//364 263//364
f 1078//363 1074//363 264//363 266//363
f 1077//1 1081//1 1079//1 1075//1
f 1076//364 1080//364 267//364 265//364
f 1082//363 1078//363 266//363 268//363
f 1081//1 1085//1 1083//1 1079//1
f 1080//364 1084//364 269//364 267//364
f 1086//363 1082//363 268//363 270//363
f 1085//1 1089//1 1087//1 1083//1
f 1084//364 1088//364 271//364 269//364
f 1090//363 1086//363 270//363 272//363
f 1089//1 1093//1 1091//1 1087//1
f 1088//364 1092//364 273//364 271//364
f 1094//363 1090//363 272//363 274//363
f 1093//1 1097//1 1095//1 1091//1
f 1092//395 1096//395 275//395 273//395
f 1098//363 1094//363 274//363 276//363
f 1097//1 1101//1 1099//1 1095//1
f 1096//394 1100//394 277//394 275//394
f 1102//363 1098//363 276//363 278//363
f 1101//1 1106//1 1103//1 1099//1
f 1100//395 1104//395 279//395 277//395
f 1107//363 1102//363 278//363 1920//363
f 1106//1 74//1 1108//1 1103//1
f 1104//396 1109//396 280//396 279//396
f 1616//358 1105//358 1919//358 1950//358
f 1106//1 1615//1 1612//1 74//1
f 1110//1 1108//1 74//1 75//1
f 1109//364 1111//364 281//364 280//364
f 1111//397 1113//397 282//397 281//397
f 1118//1 1112//1 1110//1 75//1
f 1118//1 1123//1 1125//1 1112//1
f 1113//375 1124//375 285//375 282//375
f 1114//1 1120//1 1118//1 75//1
f 1115//363 1613//363 511//363 283//363
f 1121//363 1115//363 283//363 1924//363
f 1612//1 1114//1 75//1 74//1
f 1116//360 1119//360 1923//360 1922//360
f 1122//363 1117//363 1921//363 284//363
f 1123//1 1127//1 1129//1 1125//1
f 1126//363 1122//363 284//363 286//363
f 1124//375 1128//375 287//375 285//375
f 1127//1 1131//1 1133//1 1129//1
f 1130//363 1126//363 286//363 288//363
f 1128//375 1132//375 289//375 287//375
f 1131//1 1135//1 1137//1 1133//1
f 1134//363 1130//363 288//363 290//363
f 1132//392 1136//392 291//392 289//392
f 1135//1 1139//1 1141//1 1137//1
f 1138//363 1134//363 290//363 292//363
f 1136//391 1140//391 293//391 291//391
f 1139//1 1143//1 1145//1 1141//1
f 1142//363 1138//363 292//363 294//363
f 1140//398 1144//398 295//398 293//398
f 1143//1 1147//1 1151//1 1145//1
f 1146//363 1142//363 294//363 296//363
f 1144//399 1152//399 297//399 295//399
f 1147//1 1150//1 1153//1 1151//1
f 1148//363 1146//363 296//363 1926//363
f 1158//1 1156//1 1153//1 1150//1
f 1160//1 1158//1 1150//1 1164//1
f 1165//358 1149//358 1925//358 302//358
f 1152//400 1154//400 298//400 297//400
f 1154//401 1155//401 1927//401 298//401
f 1157//360 1159//360 299//360 1928//360
f 1159//360 1161//360 300//360 299//360
f 1161//360 1163//360 301//360 300//360
f 1162//1 1160//1 1164//1 1167//1
f 1172//1 1162//1 1167//1 1169//1
f 1163//360 1173//360 306//360 301//360
f 1166//358 1165//358 302//358 303//358
f 1168//358 1166//358 303//358 304//358
f 1174//1 1172//1 1169//1 1171//1
f 1170//358 1168//358 304//358 305//358
f 1176//1 1174//1 1171//1 1180//1
f 1181//358 1170//358 305//358 310//358
f 1173//360 1175//360 307//360 306//360
f 1175//360 1177//360 308//360 307//360
f 1177//360 1179//360 309//360 308//360
f 1178//1 1176//1 1180//1 1183//1
f 1188//1 1178//1 1183//1 1185//1
f 1179//360 1189//360 314//360 309//360
f 1182//358 1181//358 310//358 311//358
f 1184//358 1182//358 311//358 312//358
f 1190//1 1188//1 1185//1 1187//1
f 1186//358 1184//358 312//358 313//358
f 1192//1 1190//1 1187//1 1196//1
f 1197//358 1186//358 313//358 318//358
f 1189//360 1191//360 315//360 314//360
f 1191//360 1193//360 316//360 315//360
f 1193//360 1195//360 317//360 316//360
f 1194//1 1192//1 1196//1 1199//1
f 1204//1 1194//1 1199//1 1201//1
f 1195//360 1203//360 1929//360 317//360
f 1198//358 1197//358 318//358 319//358
f 1200//358 1198//358 319//358 320//358
f 1204//1 1201//1 1207//1 1209//1
f 1205//358 1200//358 320//358 1932//358
f 1215//1 1204//1 1209//1 1211//1
f 1202//402 1214//402 324//402 1930//402
f 1208//363 1206//363 1931//363 321//363
f 1210//363 1208//363 321//363 322//363
f 1216//1 1215//1 1211//1 1213//1
f 1212//363 1210//363 322//363 323//363
f 1218//1 1216//1 1213//1 1222//1
f 1223//363 1212//363 323//363 328//363
f 1214//375 1217//375 325//375 324//375
f 1217//364 1219//364 326//364 325//364
f 1219//364 1221//364 327//364 326//364
f 1220//1 1218//1 1222//1 1225//1
f 1232//1 1220//1 1225//1 1228//1
f 1221//364 1231//364 331//364 327//364
f 1224//403 1223//403 328//403 329//403
f 1226//404 1224//404 329//404 1934//404
f 1230//1 1610//1 1232//1 1228//1
f 1237//1 1230//1 1228//1 1234//1
f 1233//358 1227//358 1933//358 332//358
f 1229//360 1238//360 334//360 330//360
f 1611//360 1229//360 330//360 1948//360
f 1231//364 1609//364 1947//364 331//364
f 1239//1 1237//1 1234//1 1236//1
f 1235//358 1233//358 332//358 333//358
f 1241//1 1239//1 1236//1 1245//1
f 1246//358 1235//358 333//358 338//358
f 1238//360 1240//360 335//360 334//360
f 1240//360 1242//360 336//360 335//360
f 1242//360 1244//360 337//360 336//360
f 1243//1 1241//1 1245//1 1248//1
f 1253//1 1243//1 1248//1 1250//1
f 1244//360 1254//360 342//360 337//360
f 1247//358 1246//358 338//358 339//358
f 1249//358 1247//358 339//358 340//358
f 1255//1 1253//1 1250//1 1252//1
f 1251//358 1249//358 340//358 341//358
f 1257//1 1255//1 1252//1 1261//1
f 1262//358 1251//358 341//358 346//358
f 1254//360 1256//360 343//360 342//360
f 1256//360 1258//360 344//360 343//360
f 1258//360 1260//360 345//360 344//360
f 1259//1 1257//1 1261//1 1264//1
f 1269//1 1259//1 1264//1 1266//1
f 1260//360 1270//360 350//360 345//360
f 1263//358 1262//358 346//358 347//358
f 1265//358 1263//358 347//358 348//358
f 1271//1 1269//1 1266//1 1268//1
f 1267//358 1265//358 348//358 349//358
f 1273//1 1271//1 1268//1 1277//1
f 1278//358 1267//358 349//358 354//358
f 1270//360 1272//360 351//360 350//360
f 1272//360 1274//360 352//360 351//360
f 1274//360 1276//360 353//360 352//360
f 1275//1 1273//1 1277//1 1280//1
f 1285//1 1275//1 1280//1 1282//1
f 1276//360 1286//360 358//360 353//360
f 1279//358 1278//358 354//358 355//358
f 1281//358 1279//358 355//358 356//358
f 1287//1 1285//1 1282//1 1284//1
f 1283//358 1281//358 356//358 357//358
f 1289//1 1287//1 1284//1 1293//1
f 1294//358 1283//358 357//358 362//358
f 1286//360 1288//360 359//360 358//360
f 1288//360 1290//360 360//360 359//360
f 1290//360 1292//360 361//360 360//360
f 1291//1 1289//1 1293//1 1296//1
f 1301//1 1291//1 1296//1 1298//1
f 1292//360 1302//360 366//360 361//360
f 1295//358 1294//358 362//358 363//358
f 1297//358 1295//358 363//358 364//358
f 1303//1 1301//1 1298//1 1300//1
f 1299//358 1297//358 364//358 365//358
f 1305//1 1303//1 1300//1 1309//1
f 1310//358 1299//358 365//358 370//358
f 1302//360 1304//360 367//360 366//360
f 1304//360 1306//360 368//360 367//360
f 1306//360 1308//360 369//360 368//360
f 1307//1 1305//1 1309//1 1312//1
f 1317//1 1307//1 1312//1 1314//1
f 1308//360 1318//360 374//360 369//360
f 1311//358 1310//358 370//358 371//358
f 1313//358 1311//358 371//358 372//358
f 1319//1 1317//1 1314//1 1316//1
f 1315//358 1313//358 372//358 373//358
f 1321//1 1319//1 1316//1 1325//1
f 1326//358 1315//358 373//358 378//358
f 1318//360 1320//360 375//360 374//360
f 1320//360 1322//360 376//360 375//360
f 1322//360 1324//360 377//360 376//360
f 1323//1 1321//1 1325//1 1328//1
f 1333//1 1323//1 1328//1 1330//1
f 1324//360 1334//360 382//360 377//360
f 1327//358 1326//358 378//358 379//358
f 1329//358 1327//358 379//358 380//358
f 1335//1 1333//1 1330//1 1332//1
f 1331//358 1329//358 380//358 381//358
f 1337//1 1335//1 1332//1 1339//1
f 1340//358 1331//358 381//358 385//358
f 1334//360 1336//360 383//360 382//360
f 1336//360 1338//360 384//360 383//360
f 1341//1 1337//1 1339//1 1344//1
f 1338//405 1342//405 386//405 384//405
f 1345//358 1340//358 385//358 1936//358
f 1349//1 1347//1 1341//1 1344//1
f 1342//406 1346//406 1937//406 386//406
f 1351//1 1349//1 1344//1 1355//1
f 1356//364 1343//364 1935//364 390//364
f 1348//407 1350//407 387//407 1938//407
f 1350//408 1352//408 388//408 387//408
f 1352//363 1354//363 389//363 388//363
f 1353//1 1351//1 1355//1 1358//1
f 1363//1 1353//1 1358//1 1360//1
f 1354//363 1364//363 394//363 389//363
f 1357//364 1356//364 390//364 391//364
f 1359//364 1357//364 391//364 392//364
f 1365//1 1363//1 1360//1 1362//1
f 1361//364 1359//364 392//364 393//364
f 1368//1 1365//1 1362//1 1374//1
f 1375//364 1361//364 393//364 398//364
f 1364//363 1366//363 395//363 394//363
f 1366//363 1367//363 1939//363 395//363
f 1369//360 1371//360 396//360 1940//360
f 1370//1 1368//1 1373//1 1380//1
f 1368//1 1374//1 1378//1 1373//1
f 1386//1 1370//1 1380//1 1382//1
f 1371//360 1385//360 402//360 396//360
f 1372//358 1377//358 1941//358 397//358
f 1379//358 1372//358 397//358 399//358
f 1376//364 1375//364 398//364 1942//364
f 1381//358 1379//358 399//358 400//358
f 1387//1 1386//1 1382//1 1384//1
f 1383//358 1381//358 400//358 401//358
f 1389//1 1387//1 1384//1 1394//1
f 1393//358 1383//358 401//358 406//358
f 1385//360 1388//360 403//360 402//360
f 1388//360 1390//360 404//360 403//360
f 1390//360 1392//360 405//360 404//360
f 1391//1 1389//1 1394//1 1396//1
f 1402//1 1391//1 1396//1 1398//1
f 1392//360 1401//360 410//360 405//360
f 1395//358 1393//358 406//358 407//358
f 1397//358 1395//358 407//358 408//358
f 1403//1 1402//1 1398//1 1400//1
f 1399//358 1397//358 408//358 409//358
f 1405//1 1403//1 1400//1 1410//1
f 1409//358 1399//358 409//358 414//358
f 1401//360 1404//360 411//360 410//360
f 1404//360 1406//360 412//360 411//360
f 1406//360 1408//360 413//360 412//360
f 1407//1 1405//1 1410//1 1412//1
f 1419//1 1407//1 1412//1 1414//1
f 1408//360 1418//360 417//360 413//360
f 1411//358 1409//358 414//358 415//358
f 1413//358 1411//358 415//358 416//358
f 1420//1 1419//1 1414//1 1417//1
f 1415//358 1413//358 416//358 1944//358
f 1423//1 1420//1 1417//1 1425//1
f 1417//1 1429//1 1427//1 1425//1
f 1430//409 1416//409 1943//409 421//409
f 1418//360 1421//360 418//360 417//360
f 1421//360 1422//360 1945//360 418//360
f 1424//410 1426//410 419//410 1946//410
f 1426//411 1428//411 420//411 419//411
f 1429//1 1433//1 1431//1 1427//1
f 1428//412 1432//412 422//412 420//412
f 1434//364 1430//364 421//364 423//364
f 1433//1 1437//1 1435//1 1431//1
f 1432//413 1436//413 424//413 422//413
f 1438//364 1434//364 423//364 425//364
f 1437//1 1441//1 1439//1 1435//1
f 1436//408 1440//408 426//408 424//408
f 1442//364 1438//364 425//364 427//364
f 1441//1 1445//1 1443//1 1439//1
f 1440//390 1444//390 428//390 426//390
f 1446//364 1442//364 427//364 429//364
f 1445//1 1449//1 1447//1 1443//1
f 1444//414 1448//414 430//414 428//414
f 1450//364 1446//364 429//364 431//364
f 1449//1 1453//1 1451//1 1447//1
f 1448//363 1452//363 432//363 430//363
f 1454//364 1450//364 431//364 433//364
f 1453//1 1457//1 1455//1 1451//1
f 1452//363 1456//363 434//363 432//363
f 1458//364 1454//364 433//364 435//364
f 1457//1 1461//1 1459//1 1455//1
f 1456//363 1460//363 436//363 434//363
f 1462//364 1458//364 435//364 437//364
f 1461//1 1465//1 1463//1 1459//1
f 1460//363 1464//363 438//363 436//363
f 1466//364 1462//364 437//364 439//364
f 1465//1 1469//1 1467//1 1463//1
f 1464//363 1468//363 440//363 438//363
f 1470//364 1466//364 439//364 441//364
f 1469//1 1473//1 1471//1 1467//1
f 1468//363 1472//363 442//363 440//363
f 1474//364 1470//364 441//364 443//364
f 1473//1 1477//1 1475//1 1471//1
f 1472//363 1476//363 444//363 442//363
f 1478//364 1474//364 443//364 445//364
f 1477//1 1481//1 1479//1 1475//1
f 1476//363 1480//363 446//363 444//363
f 1482//364 1478//364 445//364 447//364
f 1481//1 1485//1 1483//1 1479//1
f 1480//363 1484//363 448//363 446//363
f 1486//364 1482//364 447//364 449//364
f 1485//1 1489//1 1487//1 1483//1
f 1484//363 1488//363 450//363 448//363
f 1490//364 1486//364 449//364 451//364
f 1489//1 1493//1 1491//1 1487//1
f 1488//363 1492//363 452//363 450//363
f 1494//364 1490//364 451//364 453//364
f 1493//1 1497//1 1495//1 1491//1
f 1492//363 1496//363 454//363 452//363
f 1498//364 1494//364 453//364 455//364
f 1497//1 1501//1 1499//1 1495//1
f 1496//363 1500//363 456//363 454//363
f 1502//364 1498//364 455//364 457//364
f 1501//1 1505//1 1503//1 1499//1
f 1500//363 1504//363 458//363 456//363
f 1506//364 1502//364 457//364 459//364
f 1505//1 1509//1 1507//1 1503//1
f 1504//363 1508//363 460//363 458//363
f 1510//364 1506//364 459//364 461//364
f 1509//1 1513//1 1511//1 1507//1
f 1508//363 1512//363 462//363 460//363
f 1514//364 1510//364 461//364 463//364
f 1513//1 1517//1 1515//1 1511//1
f 1512//363 1516//363 464//363 462//363
f 1518//364 1514//364 463//364 465//364
f 1517//1 1521//1 1519//1 1515//1
f 1516//363 1520//363 466//363 464//363
f 1522//364 1518//364 465//364 467//364
f 1521//1 1525//1 1523//1 1519//1
f 1520//363 1524//363 468//363 466//363
f 1526//364 1522//364 467//364 469//364
f 1525//1 1529//1 1527//1 1523//1
f 1524//363 1528//363 470//363 468//363
f 1530//364 1526//364 469//364 471//364
f 1529//1 1533//1 1531//1 1527//1
f 1528//363 1532//363 472//363 470//363
f 1534//364 1530//364 471//364 473//364
f 1533//1 1537//1 1535//1 1531//1
f 1532//363 1536//363 474//363 472//363
f 1538//364 1534//364 473//364 475//364
f 1537//1 1541//1 1539//1 1535//1
f 1536//363 1540//363 476//363 474//363
f 1542//364 1538//364 475//364 477//364
f 1541//1 1545//1 1543//1 1539//1
f 1540//363 1544//363 478//363 476//363
f 1546//364 1542//364 477//364 479//364
f 1545//1 1549//1 1547//1 1543//1
f 1544//363 1548//363 480//363 478//363
f 1550//364 1546//364 479//364 481//364
f 1549//1 1553//1 1551//1 1547//1
f 1548//363 1552//363 482//363 480//363
f 1554//364 1550//364 481//364 483//364
f 1553//1 1557//1 1555//1 1551//1
f 1552//363 1556//363 484//363 482//363
f 1558//364 1554//364 483//364 485//364
f 1557//1 1561//1 1559//1 1555//1
f 1556//363 1560//363 486//363 484//363
f 1562//364 1558//364 485//364 487//364
f 1561//1 1565//1 1563//1 1559//1
f 1560//363 1564//363 488//363 486//363
f 1566//364 1562//364 487//364 489//364
f 1565//1 1569//1 1567//1 1563//1
f 1564//363 1568//363 490//363 488//363
f 1570//364 1566//364 489//364 491//364
f 1569//1 1573//1 1571//1 1567//1
f 1568//363 1572//363 492//363 490//363
f 1574//364 1570//364 491//364 493//364
f 1573//1 1577//1 1575//1 1571//1
f 1572//363 1576//363 494//363 492//363
f 1578//364 1574//364 493//364 495//364
f 1577//1 1581//1 1579//1 1575//1
f 1576//363 1580//363 496//363 494//363
f 1582//364 1578//364 495//364 497//364
f 1581//1 1585//1 1583//1 1579//1
f 1580//363 1584//363 498//363 496//363
f 1586//364 1582//364 497//364 499//364
f 1585//1 1589//1 1587//1 1583//1
f 1584//363 1588//363 500//363 498//363
f 1590//364 1586//364 499//364 501//364
f 1589//1 1593//1 1591//1 1587//1
f 1588//415 1592//415 502//415 500//415
f 1594//364 1590//364 501//364 503//364
f 1593//1 1597//1 1595//1 1591//1
f 1592//414 1596//414 504//414 502//414
f 1598//364 1594//364 503//364 505//364
f 1597//1 1601//1 1599//1 1595//1
f 1596//416 1600//416 506//416 504//416
f 1602//376 1598//376 505//376 507//376
f 1601//1 1606//1 1603//1 1599//1
f 1600//417 1604//417 508//417 506//417
f 1605//418 1602//418 507//418 509//418
f 1604//419 1608//419 510//419 508//419
f 1613//363 1614//363 1949//363 511//363
f 1624//1 1620//1 1618//1 1622//1
f 1621//420 1617//420 512//420 514//420
f 1619//363 1623//363 515//363 513//363
f 1628//1 1624//1 1622//1 1626//1
f 1625//421 1621//421 514//421 516//421
f 1623//363 1627//363 517//363 515//363
f 1632//1 1628//1 1626//1 1630//1
f 1629//422 1625//422 516//422 518//422
f 1627//363 1631//363 519//363 517//363
f 1636//1 1632//1 1630//1 1634//1
f 1633//375 1629//375 518//375 520//375
f 1631//363 1635//363 521//363 519//363
f 1640//1 1636//1 1634//1 1638//1
f 1637//375 1633//375 520//375 522//375
f 1635//363 1639//363 523//363 521//363
f 1644//1 1640//1 1638//1 1642//1
f 1641//391 1637//391 522//391 524//391
f 1639//363 1643//363 525//363 523//363
f 1648//1 1644//1 1642//1 1646//1
f 1645//364 1641//364 524//364 526//364
f 1643//363 1647//363 527//363 525//363
f 1652//1 1648//1 1646//1 1650//1
f 1649//423 1645//423 526//423 528//423
f 1647//363 1651//363 529//363 527//363
f 1656//1 1652//1 1650//1 1654//1
f 1653//395 1649//395 528//395 530//395
f 1651//363 1655//363 531//363 529//363
f 1660//1 1656//1 1654//1 1658//1
f 1657//393 1653//393 530//393 532//393
f 1655//363 1659//363 533//363 531//363
f 1662//1 1664//1 1660//1 1658//1
f 1661//375 1657//375 532//375 534//375
f 1659//363 1663//363 535//363 533//363
f 1662//1 1666//1 1669//1 1664//1
f 1665//392 1661//392 534//392 536//392
f 1663//363 1668//363 1951//363 535//363
f 1674//1 1669//1 1666//1 1672//1
f 1670//353 1665//353 536//353 1954//353
f 1674//1 1676//1 1678//1 1669//1
f 1667//360 1677//360 539//360 1952//360
f 1673//424 1671//424 1953//424 537//424
f 1675//358 1673//358 537//358 538//358
f 1676//1 1680//1 1682//1 1678//1
f 1679//358 1675//358 538//358 540//358
f 1677//360 1681//360 541//360 539//360
f 1680//1 1684//1 1686//1 1682//1
f 1683//358 1679//358 540//358 542//358
f 1681//360 1685//360 543//360 541//360
f 1684//1 1688//1 1690//1 1686//1
f 1687//358 1683//358 542//358 544//358
f 1685//360 1689//360 545//360 543//360
f 1688//1 1692//1 1694//1 1690//1
f 1691//358 1687//358 544//358 546//358
f 1689//360 1693//360 547//360 545//360
f 1692//1 1696//1 1698//1 1694//1
f 1695//358 1691//358 546//358 548//358
f 1693//360 1697//360 549//360 547//360
f 1696//1 1700//1 1702//1 1698//1
f 1699//358 1695//358 548//358 550//358
f 1697//360 1701//360 551//360 549//360
f 1700//1 1704//1 1706//1 1702//1
f 1703//358 1699//358 550//358 552//358
f 1701//360 1705//360 553//360 551//360
f 1704//1 1708//1 1711//1 1706//1
f 1707//358 1703//358 552//358 554//358
f 1705//360 1710//360 1955//360 553//360
f 1708//1 1713//1 76//1 1711//1
f 1712//358 1707//358 554//358 555//358
f 1709//364 1748//364 573//364 1956//364
f 1749//1 1711//1 76//1 103//1
f 1713//1 1715//1 77//1 76//1
f 1714//358 1712//358 555//358 556//358
f 1715//1 1717//1 78//1 77//1
f 1716//358 1714//358 556//358 557//358
f 1717//1 1719//1 79//1 78//1
f 1718//358 1716//358 557//358 558//358
f 1719//1 1721//1 80//1 79//1
f 1720//358 1718//358 558//358 559//358
f 1721//1 1723//1 81//1 80//1
f 1722//358 1720//358 559//358 560//358
f 1723//1 1725//1 82//1 81//1
f 1724//358 1722//358 560//358 561//358
f 1725//1 1727//1 83//1 82//1
f 1726//358 1724//358 561//358 562//358
f 1727//1 1729//1 84//1 83//1
f 1728//358 1726//358 562//358 563//358
f 1729//1 1731//1 85//1 84//1
f 1730//358 1728//358 563//358 564//358
f 1731//1 1733//1 86//1 85//1
f 1732//358 1730//358 564//358 565//358
f 1733//1 1735//1 87//1 86//1
f 1734//358 1732//358 565//358 566//358
f 1735//1 1737//1 88//1 87//1
f 1736//358 1734//358 566//358 567//358
f 1737//1 1739//1 89//1 88//1
f 1738//358 1736//358 567//358 568//358
f 1740//1 1742//1 100//1 99//1
f 1743//364 1741//364 569//364 570//364
f 1742//1 1744//1 101//1 100//1
f 1745//364 1743//364 570//364 571//364
f 1744//1 1746//1 102//1 101//1
f 1747//364 1745//364 571//364 572//364
f 1746//1 1749//1 103//1 102//1
f 1748//364 1747//364 572//364 573//364
f 1757//360 1759//360 578//360 577//360
f 1758//1 1756//1 41//1 43//1
f 1759//360 1761//360 579//360 578//360
f 1760//1 1758//1 43//1 22//1
f 1763//360 1765//360 581//360 580//360
f 1764//1 1762//1 21//1 104//1
f 1765//360 1767//360 582//360 581//360
f 1766//1 1764//1 104//1 105//1
f 1767//360 1769//360 583//360 582//360
f 1768//1 1766//1 105//1 112//1
f 1769//425 1771//425 584//425 583//425
f 1770//1 1768//1 112//1 113//1
f 114//1 1772//1 1770//1 113//1
f 1771//426 1773//426 585//426 584//426
f 114//1 115//1 1774//1 1772//1
f 1773//427 1775//427 586//427 585//427
f 115//1 116//1 1776//1 1774//1
f 1775//427 1777//427 587//427 586//427
f 116//1 117//1 1778//1 1776//1
f 1777//427 1779//427 588//427 587//427
f 117//1 118//1 1780//1 1778//1
f 1779//428 1781//428 589//428 588//428
f 118//1 119//1 1782//1 1780//1
f 1781//360 1783//360 590//360 589//360
f 119//1 120//1 1784//1 1782//1
f 1783//360 1785//360 591//360 590//360
f 120//1 121//1 1786//1 1784//1
f 1785//360 1787//360 592//360 591//360
f 121//1 122//1 1788//1 1786//1
f 1787//360 1789//360 593//360 592//360
f 1791//1 1793//1 7//1 8//1
f 1792//358 1790//358 594//358 595//358
f 1793//1 1795//1 6//1 7//1
f 1794//358 1792//358 595//358 596//358
f 1796//358 1794//358 596//358 597//358
f 1798//358 1796//358 597//358 598//358
f 1799//1 1803//1 1805//1 1801//1
f 1802//358 1798//358 598//358 600//358
f 1800//360 1804//360 601//360 599//360
f 1803//1 1807//1 1809//1 1805//1
f 1806//358 1802//358 600//358 602//358
f 1804//360 1808//360 603//360 601//360
f 1807//1 1811//1 1813//1 1809//1
f 1810//358 1806//358 602//358 604//358
f 1808//360 1812//360 605//360 603//360
f 1811//1 1815//1 1817//1 1813//1
f 1814//358 1810//358 604//358 606//358
f 1812//360 1816//360 607//360 605//360
f 1815//1 1819//1 1821//1 1817//1
f 1818//358 1814//358 606//358 608//358
f 1816//360 1820//360 609//360 607//360
f 1819//1 1823//1 1825//1 1821//1
f 1822//358 1818//358 608//358 610//358
f 1820//360 1824//360 611//360 609//360
f 1823//1 1827//1 1829//1 1825//1
f 1826//358 1822//358 610//358 612//358
f 1824//360 1828//360 613//360 611//360
f 1827//1 1831//1 1833//1 1829//1
f 1830//358 1826//358 612//358 614//358
f 1828//360 1832//360 615//360 613//360
f 1831//1 1835//1 1838//1 1833//1
f 1834//358 1830//358 614//358 616//358
f 1832//360 1837//360 1957//360 615//360
f 1835//1 1841//1 1843//1 1838//1
f 1839//429 1834//429 616//429 1960//429
f 1843//1 1845//1 1847//1 1838//1
f 1836//430 1846//430 619//430 1958//430
f 1842//363 1840//363 1959//363 617//363
f 1844//431 1842//431 617//431 618//431
f 1845//1 1849//1 1851//1 1847//1
f 1848//363 1844//363 618//363 620//363
f 1846//364 1850//364 621//364 619//364
f 1849//1 1853//1 1855//1 1851//1
f 1852//363 1848//363 620//363 622//363
f 1850//364 1854//364 623//364 621//364
f 1853//1 1857//1 1859//1 1855//1
f 1856//363 1852//363 622//363 624//363
f 1854//364 1858//364 625//364 623//364
f 1857//1 1861//1 1863//1 1859//1
f 1860//363 1856//363 624//363 626//363
f 1858//364 1862//364 627//364 625//364
f 1861//1 1865//1 1867//1 1863//1
f 1864//363 1860//363 626//363 628//363
f 1862//364 1866//364 629//364 627//364
f 1865//1 1869//1 1871//1 1867//1
f 1868//363 1864//363 628//363 630//363
f 1866//364 1870//364 631//364 629//364
f 1869//1 1873//1 1875//1 1871//1
f 1872//363 1868//363 630//363 632//363
f 1870//364 1874//364 633//364 631//364
f 1873//1 1877//1 1879//1 1875//1
f 1876//363 1872//363 632//363 634//363
f 1874//364 1878//364 635//364 633//364
f 1877//1 1881//1 1883//1 1879//1
f 1880//363 1876//363 634//363 636//363
f 1878//364 1882//364 637//364 635//364
f 1881//1 1885//1 1887//1 1883//1
f 1884//363 1880//363 636//363 638//363
f 1882//364 1886//364 639//364 637//364
f 1885//1 1889//1 1891//1 1887//1
f 1888//363 1884//363 638//363 640//363
f 1886//364 1890//364 1961//364 639//364
f 1893//432 1888//432 640//432 1964//432
f 1900//353 125//353 1973//353 1968//353
f 127//354 1899//354 1967//354 1978//354
f 510//356 1901//356 1972//356 2809//356
f 1902//355 1963//355 3095//355 1970//355
f 1904//363 145//363 2016//363 2009//363
f 141//362 1903//362 2011//362 2005//362
f 593//360 1905//360 2024//360 2990//360
f 1906//2 146//2 2018//2 2022//2
f 152//363 1907//363 2037//363 2033//363
f 1908//360 599//360 3003//360 2035//360
f 1910//360 186//360 2105//360 2109//360
f 189//363 1909//363 2108//363 2114//363
f 1912//363 189//363 2114//363 2116//363
f 191//377 1911//377 2115//377 2123//377
f 1914//378 190//378 2121//378 2119//378
f 188//364 1913//364 2118//364 2112//364
f 205//358 1915//358 2155//358 2151//358
f 1916//363 513//363 2822//363 2153//363
f 207//383 1917//383 2158//383 2162//383
f 1918//433 206//433 2156//433 2159//433
f 1950//358 1919//358 2309//358 2816//358
f 1920//363 278//363 2303//363 2307//363
f 1922//360 1923//360 2323//360 2319//360
f 284//363 1921//363 2318//363 2325//363
f 1924//363 283//363 2316//363 2321//363
f 1926//363 296//363 2349//363 2351//363
f 302//358 1925//358 2350//358 2366//358
f 1928//360 299//360 2360//360 2357//360
f 298//401 1927//401 2359//401 2355//401
f 1930//402 324//402 2417//402 2405//402
f 317//360 1929//360 2404//360 2396//360
f 1932//358 320//358 2403//358 2408//358
f 321//363 1931//363 2407//363 2411//363
f 1934//404 329//404 2427//404 2429//404
f 332//358 1933//358 2428//358 2436//358
f 390//364 1935//364 2547//364 2557//364
f 1936//358 385//358 2541//358 2545//358
f 1938//407 387//407 2551//407 2548//407
f 386//406 1937//406 2550//406 2543//406
f 395//363 1939//363 2571//363 2567//363
f 1940//360 396//360 2572//360 2569//360
f 1942//364 398//364 2576//364 2579//364
f 397//358 1941//358 2578//358 2575//358
f 1944//358 416//358 2616//358 2618//358
f 421//409 1943//409 2617//409 2631//409
f 1946//410 419//410 2627//410 2624//410
f 418//360 1945//360 2626//360 2622//360
f 331//364 1947//364 2813//364 2434//364
f 1948//360 330//360 2432//360 2811//360
f 511//363 1949//363 2818//363 2814//363
f 1952//360 539//360 2880//360 2870//360
f 535//363 1951//363 2869//363 2866//363
f 537//424 1953//424 2872//424 2876//424
f 1954//353 536//353 2868//353 2873//353
f 1956//364 573//364 2951//364 2912//364
f 553//360 1955//360 2911//360 2908//360
f 1958//430 619//430 3049//430 3039//430
f 615//360 1957//360 3038//360 3035//360
f 1960//434 616//434 3037//434 3042//434
f 617//363 1959//363 3041//363 3045//363
f 639//364 1961//364 3094//364 3089//364
f 1962//358 126//358 1975//358 3092//358
f 1964//432 640//432 3091//432 3096//432
f 144//364 1965//364 3100//364 2014//364
f 1966//360 143//360 2012//360 3098//360
f 1969//2 1971//2 3093//2 1976//2
f 1974//2 2810//2 1971//2 1969//2
f 1969//2 1976//2 1979//2 1977//2
f 3090//2 3093//2 1971//2 3097//2
f 125//357 509//357 2808//357 1973//357
f 2807//2 2806//2 2810//2 1974//2
f 126//358 128//358 1980//358 1975//358
f 1977//2 1979//2 1986//2 1981//2
f 129//359 127//359 1978//359 1982//359
f 128//358 131//358 1985//358 1980//358
f 130//360 129//360 1982//360 1984//360
f 1981//2 1986//2 1988//2 1983//2
f 134//360 130//360 1984//360 1991//360
f 1983//2 1988//2 1990//2 1992//2
f 131//358 132//358 1987//358 1985//358
f 132//358 133//358 1989//358 1987//358
f 1992//2 1990//2 1994//2 1996//2
f 133//358 135//358 1993//358 1989//358
f 136//360 134//360 1991//360 1995//360
f 1996//2 1994//2 1998//2 2000//2
f 135//358 137//358 1997//358 1993//358
f 138//360 136//360 1995//360 1999//360
f 2000//2 1998//2 2002//2 2004//2
f 137//358 139//358 2001//358 1997//358
f 140//360 138//360 1999//360 2003//360
f 2004//2 2002//2 2006//2 2008//2
f 139//361 141//361 2005//361 2001//361
f 142//360 140//360 2003//360 2007//360
f 2008//2 2006//2 2010//2 2013//2
f 143//360 142//360 2007//360 2012//360
f 2013//2 2010//2 2015//2 3099//2
f 2019//2 2015//2 2010//2 2017//2
f 146//364 144//364 2014//364 2018//364
f 2019//2 2017//2 2021//2 2023//2
f 145//363 147//363 2020//363 2016//363
f 2023//2 2021//2 2026//2 641//2
f 147//365 148//365 2025//365 2020//365
f 2023//2 641//2 762//2 2991//2
f 641//2 2026//2 2028//2 642//2
f 148//366 149//366 2027//366 2025//366
f 149//367 150//367 2029//367 2027//367
f 642//2 2028//2 2030//2 643//2
f 150//368 151//368 2031//368 2029//368
f 643//2 2030//2 2032//2 644//2
f 151//363 152//363 2033//363 2031//363
f 644//2 2032//2 2034//2 645//2
f 645//2 2034//2 2036//2 646//2
f 2996//2 646//2 2036//2 2998//2
f 2998//2 2036//2 3002//2 3000//2
f 153//358 154//358 2041//358 2039//358
f 2038//2 649//2 648//2 2992//2
f 2040//2 650//2 649//2 2038//2
f 594//358 153//358 2039//358 2993//358
f 154//358 168//358 2069//358 2041//358
f 2068//2 651//2 650//2 2040//2
f 579//360 155//360 2042//360 2962//360
f 2965//2 661//2 660//2 2043//2
f 155//360 580//360 2964//360 2042//360
f 2043//2 660//2 662//2 2963//2
f 156//358 157//358 2046//358 2045//358
f 2044//2 663//2 658//2 2048//2
f 2047//2 664//2 663//2 2044//2
f 158//358 156//358 2045//358 2049//358
f 2071//2 679//2 664//2 2047//2
f 157//358 169//358 2070//358 2046//358
f 2048//2 658//2 659//2 2050//2
f 159//358 158//358 2049//358 2051//358
f 2050//2 659//2 665//2 2052//2
f 160//358 159//358 2051//358 2053//358
f 2052//2 665//2 666//2 2054//2
f 161//358 160//358 2053//358 2055//358
f 2054//2 666//2 667//2 2056//2
f 162//358 161//358 2055//358 2057//358
f 2056//2 667//2 668//2 2058//2
f 163//358 162//358 2057//358 2059//358
f 2058//2 668//2 669//2 2060//2
f 164//358 163//358 2059//358 2061//358
f 2060//2 669//2 670//2 2062//2
f 165//358 164//358 2061//358 2063//358
f 2062//2 670//2 671//2 2064//2
f 166//358 165//358 2063//358 2065//358
f 2064//2 671//2 672//2 2066//2
f 167//358 166//358 2065//358 2067//358
f 2066//2 672//2 651//2 2068//2
f 168//358 167//358 2067//358 2069//358
f 2073//2 680//2 679//2 2071//2
f 169//358 170//358 2072//358 2070//358
f 170//358 568//358 2941//358 2072//358
f 2940//2 729//2 680//2 2073//2
f 172//360 171//360 2074//360 2076//360
f 2959//2 681//2 687//2 2075//2
f 171//360 577//360 2958//360 2074//360
f 2075//2 687//2 688//2 2077//2
f 576//360 172//360 2076//360 2956//360
f 2077//2 688//2 689//2 2957//2
f 174//369 173//369 2078//369 2080//369
f 2957//2 689//2 695//2 2079//2
f 173//360 576//360 2956//360 2078//360
f 2079//2 695//2 696//2 2081//2
f 175//370 174//370 2080//370 2082//370
f 2081//2 696//2 697//2 2083//2
f 176//371 175//371 2082//371 2084//371
f 2083//2 697//2 698//2 2085//2
f 177//371 176//371 2084//371 2086//371
f 2085//2 698//2 700//2 2087//2
f 178//371 177//371 2086//371 2088//371
f 2087//2 700//2 701//2 2089//2
f 575//372 178//372 2088//372 2954//372
f 2089//2 701//2 702//2 2955//2
f 179//373 575//373 2954//373 2090//373
f 2091//2 704//2 705//2 2107//2
f 187//360 179//360 2090//360 2106//360
f 2955//2 702//2 704//2 2091//2
f 181//374 180//374 2092//374 2095//374
f 2097//2 708//2 707//2 2093//2
f 180//374 182//374 2096//374 2092//374
f 2093//2 707//2 706//2 2094//2
f 569//375 181//375 2095//375 2942//375
f 2094//2 706//2 739//2 2943//2
f 2099//2 709//2 708//2 2097//2
f 182//374 183//374 2098//374 2096//374
f 2101//2 710//2 709//2 2099//2
f 183//376 184//376 2100//376 2098//376
f 184//364 574//364 2953//364 2100//364
f 2952//2 713//2 710//2 2101//2
f 186//360 185//360 2102//360 2105//360
f 2107//2 705//2 712//2 2103//2
f 185//360 187//360 2106//360 2102//360
f 2103//2 712//2 711//2 2104//2
f 2104//2 711//2 713//2 2110//2
f 2110//2 713//2 2952//2 2111//2
f 2110//2 2111//2 2120//2 2113//2
f 574//364 188//364 2112//364 2953//364
f 2113//2 2120//2 2124//2 2117//2
f 2122//2 2125//2 2124//2 2120//2
f 2131//2 2127//2 2125//2 2122//2
f 190//358 195//358 2132//358 2121//358
f 192//379 191//379 2123//379 2126//379
f 193//360 192//360 2126//360 2128//360
f 194//360 193//360 2128//360 2130//360
f 2134//2 2129//2 2127//2 2131//2
f 199//360 194//360 2130//360 2139//360
f 2136//2 2140//2 2129//2 2134//2
f 195//358 196//358 2133//358 2132//358
f 196//358 197//358 2135//358 2133//358
f 2138//2 2141//2 2140//2 2136//2
f 197//358 198//358 2137//358 2135//358
f 198//358 203//358 2148//358 2137//358
f 2147//2 2143//2 2141//2 2138//2
f 200//360 199//360 2139//360 2142//360
f 201//360 200//360 2142//360 2144//360
f 202//380 201//380 2144//380 2146//380
f 2150//2 2145//2 2143//2 2147//2
f 206//381 202//381 2146//381 2156//381
f 2152//2 2157//2 2145//2 2150//2
f 203//358 204//358 2149//358 2148//358
f 204//358 205//358 2151//358 2149//358
f 2154//2 2160//2 2157//2 2152//2
f 2154//2 2165//2 2164//2 2160//2
f 2821//2 2819//2 2165//2 2154//2
f 2160//2 2164//2 2168//2 2161//2
f 2161//2 2168//2 2170//2 2172//2
f 212//384 207//384 2162//384 2171//384
f 208//385 210//385 2167//385 2163//385
f 209//386 208//386 2163//386 2166//386
f 512//387 209//387 2166//387 2820//387
f 210//388 211//388 2169//388 2167//388
f 211//389 213//389 2173//389 2169//389
f 2172//2 2170//2 2174//2 2176//2
f 214//390 212//390 2171//390 2175//390
f 213//391 215//391 2177//391 2173//391
f 2176//2 2174//2 2178//2 2180//2
f 216//363 214//363 2175//363 2179//363
f 215//392 217//392 2181//392 2177//392
f 2180//2 2178//2 2182//2 2184//2
f 218//363 216//363 2179//363 2183//363
f 217//393 219//393 2185//393 2181//393
f 2184//2 2182//2 2186//2 2188//2
f 220//363 218//363 2183//363 2187//363
f 219//364 221//364 2189//364 2185//364
f 2188//2 2186//2 2190//2 2192//2
f 222//363 220//363 2187//363 2191//363
f 221//364 223//364 2193//364 2189//364
f 2192//2 2190//2 2194//2 2196//2
f 224//363 222//363 2191//363 2195//363
f 2196//2 2194//2 2198//2 2200//2
f 223//364 225//364 2197//364 2193//364
f 226//363 224//363 2195//363 2199//363
f 2200//2 2198//2 2202//2 2204//2
f 225//364 227//364 2201//364 2197//364
f 228//363 226//363 2199//363 2203//363
f 2204//2 2202//2 2206//2 2208//2
f 227//364 229//364 2205//364 2201//364
f 230//363 228//363 2203//363 2207//363
f 2208//2 2206//2 2210//2 2212//2
f 229//364 231//364 2209//364 2205//364
f 232//363 230//363 2207//363 2211//363
f 2212//2 2210//2 2214//2 2216//2
f 231//364 233//364 2213//364 2209//364
f 234//363 232//363 2211//363 2215//363
f 2216//2 2214//2 2218//2 2220//2
f 233//364 235//364 2217//364 2213//364
f 236//363 234//363 2215//363 2219//363
f 2220//2 2218//2 2222//2 2224//2
f 235//364 237//364 2221//364 2217//364
f 238//363 236//363 2219//363 2223//363
f 2224//2 2222//2 2226//2 2228//2
f 237//364 239//364 2225//364 2221//364
f 240//363 238//363 2223//363 2227//363
f 2228//2 2226//2 2230//2 2232//2
f 239//364 241//364 2229//364 2225//364
f 242//363 240//363 2227//363 2231//363
f 2232//2 2230//2 2234//2 2236//2
f 241//364 243//364 2233//364 2229//364
f 244//363 242//363 2231//363 2235//363
f 2236//2 2234//2 2238//2 2240//2
f 243//364 245//364 2237//364 2233//364
f 246//363 244//363 2235//363 2239//363
f 2240//2 2238//2 2242//2 2244//2
f 245//393 247//393 2241//393 2237//393
f 248//363 246//363 2239//363 2243//363
f 2244//2 2242//2 2246//2 2250//2
f 247//375 249//375 2245//375 2241//375
f 251//363 248//363 2243//363 2249//363
f 2248//2 2251//2 2250//2 2246//2
f 249//392 250//392 2247//392 2245//392
f 2248//2 2257//2 2253//2 2251//2
f 250//364 255//364 2258//364 2247//364
f 252//363 251//363 2249//363 2252//363
f 253//363 252//363 2252//363 2254//363
f 254//363 253//363 2254//363 2256//363
f 2253//2 2257//2 2260//2 2255//2
f 2255//2 2260//2 2262//2 2264//2
f 258//363 254//363 2256//363 2263//363
f 255//394 256//394 2259//394 2258//394
f 256//394 257//394 2261//394 2259//394
f 2264//2 2262//2 2266//2 2268//2
f 257//395 259//395 2265//395 2261//395
f 260//363 258//363 2263//363 2267//363
f 2268//2 2266//2 2270//2 2272//2
f 259//364 261//364 2269//364 2265//364
f 262//363 260//363 2267//363 2271//363
f 2272//2 2270//2 2274//2 2276//2
f 261//364 263//364 2273//364 2269//364
f 264//363 262//363 2271//363 2275//363
f 2276//2 2274//2 2278//2 2280//2
f 263//364 265//364 2277//364 2273//364
f 266//363 264//363 2275//363 2279//363
f 2280//2 2278//2 2282//2 2284//2
f 265//364 267//364 2281//364 2277//364
f 268//363 266//363 2279//363 2283//363
f 2284//2 2282//2 2286//2 2288//2
f 267//364 269//364 2285//364 2281//364
f 270//363 268//363 2283//363 2287//363
f 2288//2 2286//2 2290//2 2292//2
f 269//364 271//364 2289//364 2285//364
f 272//363 270//363 2287//363 2291//363
f 2292//2 2290//2 2294//2 2296//2
f 271//364 273//364 2293//364 2289//364
f 274//363 272//363 2291//363 2295//363
f 2296//2 2294//2 2298//2 2300//2
f 273//395 275//395 2297//395 2293//395
f 276//363 274//363 2295//363 2299//363
f 2300//2 2298//2 2302//2 2304//2
f 275//394 277//394 2301//394 2297//394
f 278//363 276//363 2299//363 2303//363
f 2304//2 2302//2 2306//2 2308//2
f 277//395 279//395 2305//395 2301//395
f 2308//2 2306//2 2311//2 714//2
f 279//396 280//396 2310//396 2305//396
f 2308//2 714//2 2815//2 2817//2
f 2313//2 715//2 714//2 2311//2
f 280//364 281//364 2312//364 2310//364
f 2320//2 715//2 2313//2 2315//2
f 281//397 282//397 2314//397 2312//397
f 2320//2 2315//2 2326//2 2324//2
f 282//375 285//375 2327//375 2314//375
f 2815//2 714//2 715//2 2317//2
f 283//363 511//363 2814//363 2316//363
f 2317//2 715//2 2320//2 2322//2
f 2324//2 2326//2 2330//2 2328//2
f 286//363 284//363 2325//363 2329//363
f 285//375 287//375 2331//375 2327//375
f 2328//2 2330//2 2334//2 2332//2
f 288//363 286//363 2329//363 2333//363
f 287//375 289//375 2335//375 2331//375
f 2332//2 2334//2 2338//2 2336//2
f 290//363 288//363 2333//363 2337//363
f 289//392 291//392 2339//392 2335//392
f 2336//2 2338//2 2342//2 2340//2
f 292//363 290//363 2337//363 2341//363
f 291//391 293//391 2343//391 2339//391
f 2340//2 2342//2 2346//2 2344//2
f 294//363 292//363 2341//363 2345//363
f 293//398 295//398 2347//398 2343//398
f 2344//2 2346//2 2354//2 2348//2
f 296//363 294//363 2345//363 2349//363
f 295//399 297//399 2353//399 2347//399
f 2348//2 2354//2 2356//2 2352//2
f 2361//2 2352//2 2356//2 2358//2
f 2363//2 2367//2 2352//2 2361//2
f 297//400 298//400 2355//400 2353//400
f 299//360 300//360 2362//360 2360//360
f 2365//2 2368//2 2367//2 2363//2
f 300//360 301//360 2364//360 2362//360
f 2375//2 2370//2 2368//2 2365//2
f 301//360 306//360 2374//360 2364//360
f 303//358 302//358 2366//358 2369//358
f 304//358 303//358 2369//358 2371//358
f 305//358 304//358 2371//358 2373//358
f 2377//2 2372//2 2370//2 2375//2
f 2379//2 2383//2 2372//2 2377//2
f 310//358 305//358 2373//358 2382//358
f 306//360 307//360 2376//360 2374//360
f 307//360 308//360 2378//360 2376//360
f 2381//2 2384//2 2383//2 2379//2
f 308//360 309//360 2380//360 2378//360
f 2391//2 2386//2 2384//2 2381//2
f 309//360 314//360 2390//360 2380//360
f 311//358 310//358 2382//358 2385//358
f 312//358 311//358 2385//358 2387//358
f 313//358 312//358 2387//358 2389//358
f 2393//2 2388//2 2386//2 2391//2
f 2395//2 2399//2 2388//2 2393//2
f 318//358 313//358 2389//358 2398//358
f 314//360 315//360 2392//360 2390//360
f 315//360 316//360 2394//360 2392//360
f 2397//2 2400//2 2399//2 2395//2
f 316//360 317//360 2396//360 2394//360
f 2406//2 2402//2 2400//2 2397//2
f 319//358 318//358 2398//358 2401//358
f 320//358 319//358 2401//358 2403//358
f 2406//2 2410//2 2409//2 2402//2
f 2416//2 2412//2 2410//2 2406//2
f 322//363 321//363 2411//363 2413//363
f 323//363 322//363 2413//363 2415//363
f 2419//2 2414//2 2412//2 2416//2
f 2421//2 2425//2 2414//2 2419//2
f 328//363 323//363 2415//363 2424//363
f 324//375 325//375 2418//375 2417//375
f 325//364 326//364 2420//364 2418//364
f 2423//2 2426//2 2425//2 2421//2
f 326//364 327//364 2422//364 2420//364
f 327//364 331//364 2434//364 2422//364
f 2433//2 2430//2 2426//2 2423//2
f 329//403 328//403 2424//403 2427//403
f 2440//2 2435//2 2430//2 2431//2
f 2431//2 2430//2 2433//2 2812//2
f 330//360 334//360 2439//360 2432//360
f 333//358 332//358 2436//358 2438//358
f 2442//2 2437//2 2435//2 2440//2
f 2444//2 2448//2 2437//2 2442//2
f 338//358 333//358 2438//358 2447//358
f 334//360 335//360 2441//360 2439//360
f 335//360 336//360 2443//360 2441//360
f 2446//2 2449//2 2448//2 2444//2
f 336//360 337//360 2445//360 2443//360
f 2456//2 2451//2 2449//2 2446//2
f 337//360 342//360 2455//360 2445//360
f 339//358 338//358 2447//358 2450//358
f 340//358 339//358 2450//358 2452//358
f 341//358 340//358 2452//358 2454//358
f 2458//2 2453//2 2451//2 2456//2
f 2460//2 2464//2 2453//2 2458//2
f 346//358 341//358 2454//358 2463//358
f 342//360 343//360 2457//360 2455//360
f 343//360 344//360 2459//360 2457//360
f 2462//2 2465//2 2464//2 2460//2
f 344//360 345//360 2461//360 2459//360
f 2472//2 2467//2 2465//2 2462//2
f 345//360 350//360 2471//360 2461//360
f 347//358 346//358 2463//358 2466//358
f 348//358 347//358 2466//358 2468//358
f 349//358 348//358 2468//358 2470//358
f 2474//2 2469//2 2467//2 2472//2
f 354//358 349//358 2470//358 2479//358
f 2476//2 2480//2 2469//2 2474//2
f 350//360 351//360 2473//360 2471//360
f 351//360 352//360 2475//360 2473//360
f 352//360 353//360 2477//360 2475//360
f 2478//2 2481//2 2480//2 2476//2
f 353//360 358//360 2487//360 2477//360
f 2488//2 2483//2 2481//2 2478//2
f 355//358 354//358 2479//358 2482//358
f 356//358 355//358 2482//358 2484//358
f 357//358 356//358 2484//358 2486//358
f 2490//2 2485//2 2483//2 2488//2
f 362//358 357//358 2486//358 2495//358
f 2492//2 2496//2 2485//2 2490//2
f 358//360 359//360 2489//360 2487//360
f 359//360 360//360 2491//360 2489//360
f 360//360 361//360 2493//360 2491//360
f 2494//2 2497//2 2496//2 2492//2
f 361//360 366//360 2503//360 2493//360
f 2504//2 2499//2 2497//2 2494//2
f 363//358 362//358 2495//358 2498//358
f 364//358 363//358 2498//358 2500//358
f 365//358 364//358 2500//358 2502//358
f 2506//2 2501//2 2499//2 2504//2
f 370//358 365//358 2502//358 2511//358
f 2508//2 2512//2 2501//2 2506//2
f 366//360 367//360 2505//360 2503//360
f 367//360 368//360 2507//360 2505//360
f 368//360 369//360 2509//360 2507//360
f 2510//2 2513//2 2512//2 2508//2
f 369//360 374//360 2519//360 2509//360
f 2520//2 2515//2 2513//2 2510//2
f 371//358 370//358 2511//358 2514//358
f 372//358 371//358 2514//358 2516//358
f 373//358 372//358 2516//358 2518//358
f 2522//2 2517//2 2515//2 2520//2
f 2524//2 2528//2 2517//2 2522//2
f 378//358 373//358 2518//358 2527//358
f 374//360 375//360 2521//360 2519//360
f 375//360 376//360 2523//360 2521//360
f 2526//2 2529//2 2528//2 2524//2
f 376//360 377//360 2525//360 2523//360
f 2536//2 2531//2 2529//2 2526//2
f 377//360 382//360 2535//360 2525//360
f 379//358 378//358 2527//358 2530//358
f 380//358 379//358 2530//358 2532//358
f 381//358 380//358 2532//358 2534//358
f 2538//2 2533//2 2531//2 2536//2
f 2540//2 2542//2 2533//2 2538//2
f 385//358 381//358 2534//358 2541//358
f 382//360 383//360 2537//360 2535//360
f 383//360 384//360 2539//360 2537//360
f 2544//2 2546//2 2542//2 2540//2
f 384//405 386//405 2543//405 2539//405
f 2552//2 2546//2 2544//2 2549//2
f 2554//2 2558//2 2546//2 2552//2
f 387//408 388//408 2553//408 2551//408
f 2556//2 2559//2 2558//2 2554//2
f 388//363 389//363 2555//363 2553//363
f 2566//2 2561//2 2559//2 2556//2
f 389//363 394//363 2565//363 2555//363
f 391//364 390//364 2557//364 2560//364
f 392//364 391//364 2560//364 2562//364
f 393//364 392//364 2562//364 2564//364
f 2568//2 2563//2 2561//2 2566//2
f 2570//2 2577//2 2563//2 2568//2
f 398//364 393//364 2564//364 2576//364
f 394//363 395//363 2567//363 2565//363
f 2573//2 2581//2 2574//2 2570//2
f 2570//2 2574//2 2580//2 2577//2
f 2587//2 2583//2 2581//2 2573//2
f 396//360 402//360 2588//360 2572//360
f 399//358 397//358 2575//358 2582//358
f 400//358 399//358 2582//358 2584//358
f 401//358 400//358 2584//358 2586//358
f 2590//2 2585//2 2583//2 2587//2
f 2592//2 2595//2 2585//2 2590//2
f 406//358 401//358 2586//358 2596//358
f 402//360 403//360 2589//360 2588//360
f 403//360 404//360 2591//360 2589//360
f 2594//2 2597//2 2595//2 2592//2
f 404//360 405//360 2593//360 2591//360
f 2603//2 2599//2 2597//2 2594//2
f 405//360 410//360 2604//360 2593//360
f 407//358 406//358 2596//358 2598//358
f 408//358 407//358 2598//358 2600//358
f 409//358 408//358 2600//358 2602//358
f 2606//2 2601//2 2599//2 2603//2
f 2608//2 2611//2 2601//2 2606//2
f 414//358 409//358 2602//358 2612//358
f 410//360 411//360 2605//360 2604//360
f 411//360 412//360 2607//360 2605//360
f 2610//2 2613//2 2611//2 2608//2
f 412//360 413//360 2609//360 2607//360
f 413//360 417//360 2621//360 2609//360
f 2620//2 2615//2 2613//2 2610//2
f 415//358 414//358 2612//358 2614//358
f 416//358 415//358 2614//358 2616//358
f 2623//2 2619//2 2615//2 2620//2
f 2625//2 2628//2 2619//2 2623//2
f 2619//2 2628//2 2630//2 2632//2
f 417//360 418//360 2622//360 2621//360
f 419//411 420//411 2629//411 2627//411
f 420//412 422//412 2633//412 2629//412
f 2632//2 2630//2 2634//2 2636//2
f 423//364 421//364 2631//364 2635//364
f 422//413 424//413 2637//413 2633//413
f 2636//2 2634//2 2638//2 2640//2
f 425//364 423//364 2635//364 2639//364
f 424//408 426//408 2641//408 2637//408
f 2640//2 2638//2 2642//2 2644//2
f 427//364 425//364 2639//364 2643//364
f 426//390 428//390 2645//390 2641//390
f 2644//2 2642//2 2646//2 2648//2
f 429//364 427//364 2643//364 2647//364
f 428//414 430//414 2649//414 2645//414
f 2648//2 2646//2 2650//2 2652//2
f 431//364 429//364 2647//364 2651//364
f 430//363 432//363 2653//363 2649//363
f 2652//2 2650//2 2654//2 2656//2
f 433//364 431//364 2651//364 2655//364
f 432//363 434//363 2657//363 2653//363
f 2656//2 2654//2 2658//2 2660//2
f 435//364 433//364 2655//364 2659//364
f 434//363 436//363 2661//363 2657//363
f 2660//2 2658//2 2662//2 2664//2
f 437//364 435//364 2659//364 2663//364
f 436//363 438//363 2665//363 2661//363
f 2664//2 2662//2 2666//2 2668//2
f 439//364 437//364 2663//364 2667//364
f 438//363 440//363 2669//363 2665//363
f 2668//2 2666//2 2670//2 2672//2
f 441//364 439//364 2667//364 2671//364
f 440//363 442//363 2673//363 2669//363
f 2672//2 2670//2 2674//2 2676//2
f 443//364 441//364 2671//364 2675//364
f 2676//2 2674//2 2678//2 2680//2
f 442//363 444//363 2677//363 2673//363
f 445//364 443//364 2675//364 2679//364
f 2680//2 2678//2 2682//2 2684//2
f 444//363 446//363 2681//363 2677//363
f 447//364 445//364 2679//364 2683//364
f 2684//2 2682//2 2686//2 2688//2
f 446//363 448//363 2685//363 2681//363
f 449//364 447//364 2683//364 2687//364
f 2688//2 2686//2 2690//2 2692//2
f 448//363 450//363 2689//363 2685//363
f 451//364 449//364 2687//364 2691//364
f 2692//2 2690//2 2694//2 2696//2
f 450//363 452//363 2693//363 2689//363
f 453//364 451//364 2691//364 2695//364
f 2696//2 2694//2 2698//2 2700//2
f 452//363 454//363 2697//363 2693//363
f 455//364 453//364 2695//364 2699//364
f 2700//2 2698//2 2702//2 2704//2
f 454//363 456//363 2701//363 2697//363
f 457//364 455//364 2699//364 2703//364
f 2704//2 2702//2 2706//2 2708//2
f 456//363 458//363 2705//363 2701//363
f 459//364 457//364 2703//364 2707//364
f 2708//2 2706//2 2710//2 2712//2
f 458//363 460//363 2709//363 2705//363
f 461//364 459//364 2707//364 2711//364
f 2712//2 2710//2 2714//2 2716//2
f 460//363 462//363 2713//363 2709//363
f 463//364 461//364 2711//364 2715//364
f 2716//2 2714//2 2718//2 2720//2
f 462//363 464//363 2717//363 2713//363
f 465//364 463//364 2715//364 2719//364
f 2720//2 2718//2 2722//2 2724//2
f 464//363 466//363 2721//363 2717//363
f 467//364 465//364 2719//364 2723//364
f 2724//2 2722//2 2726//2 2728//2
f 466//363 468//363 2725//363 2721//363
f 469//364 467//364 2723//364 2727//364
f 2728//2 2726//2 2730//2 2732//2
f 468//363 470//363 2729//363 2725//363
f 471//364 469//364 2727//364 2731//364
f 2732//2 2730//2 2734//2 2736//2
f 470//363 472//363 2733//363 2729//363
f 473//364 471//364 2731//364 2735//364
f 2736//2 2734//2 2738//2 2740//2
f 472//363 474//363 2737//363 2733//363
f 475//364 473//364 2735//364 2739//364
f 2740//2 2738//2 2742//2 2744//2
f 474//363 476//363 2741//363 2737//363
f 477//364 475//364 2739//364 2743//364
f 2744//2 2742//2 2746//2 2748//2
f 476//363 478//363 2745//363 2741//363
f 479//364 477//364 2743//364 2747//364
f 2748//2 2746//2 2750//2 2752//2
f 478//363 480//363 2749//363 2745//363
f 481//364 479//364 2747//364 2751//364
f 2752//2 2750//2 2754//2 2756//2
f 480//363 482//363 2753//363 2749//363
f 483//364 481//364 2751//364 2755//364
f 2756//2 2754//2 2758//2 2760//2
f 482//363 484//363 2757//363 2753//363
f 485//364 483//364 2755//364 2759//364
f 2760//2 2758//2 2762//2 2764//2
f 484//363 486//363 2761//363 2757//363
f 487//364 485//364 2759//364 2763//364
f 2764//2 2762//2 2766//2 2768//2
f 486//363 488//363 2765//363 2761//363
f 489//364 487//364 2763//364 2767//364
f 2768//2 2766//2 2770//2 2772//2
f 488//363 490//363 2769//363 2765//363
f 491//364 489//364 2767//364 2771//364
f 2772//2 2770//2 2774//2 2776//2
f 490//363 492//363 2773//363 2769//363
f 493//364 491//364 2771//364 2775//364
f 2776//2 2774//2 2778//2 2780//2
f 492//363 494//363 2777//363 2773//363
f 495//364 493//364 2775//364 2779//364
f 2780//2 2778//2 2782//2 2784//2
f 494//363 496//363 2781//363 2777//363
f 497//364 495//364 2779//364 2783//364
f 2784//2 2782//2 2786//2 2788//2
f 496//363 498//363 2785//363 2781//363
f 499//364 497//364 2783//364 2787//364
f 2788//2 2786//2 2790//2 2792//2
f 498//363 500//363 2789//363 2785//363
f 501//364 499//364 2787//364 2791//364
f 2792//2 2790//2 2794//2 2796//2
f 500//415 502//415 2793//415 2789//415
f 503//364 501//364 2791//364 2795//364
f 2796//2 2794//2 2798//2 2800//2
f 502//414 504//414 2797//414 2793//414
f 505//364 503//364 2795//364 2799//364
f 2800//2 2798//2 2802//2 2804//2
f 504//416 506//416 2801//416 2797//416
f 507//376 505//376 2799//376 2803//376
f 2804//2 2802//2 2806//2 2807//2
f 506//417 508//417 2805//417 2801//417
f 509//418 507//418 2803//418 2808//418
f 508//419 510//419 2809//419 2805//419
f 2825//2 2823//2 2819//2 2821//2
f 514//420 512//420 2820//420 2824//420
f 513//363 515//363 2826//363 2822//363
f 2829//2 2827//2 2823//2 2825//2
f 516//421 514//421 2824//421 2828//421
f 515//363 517//363 2830//363 2826//363
f 2833//2 2831//2 2827//2 2829//2
f 518//422 516//422 2828//422 2832//422
f 517//363 519//363 2834//363 2830//363
f 520//375 518//375 2832//375 2836//375
f 2837//2 2835//2 2831//2 2833//2
f 519//363 521//363 2838//363 2834//363
f 522//375 520//375 2836//375 2840//375
f 2841//2 2839//2 2835//2 2837//2
f 521//363 523//363 2842//363 2838//363
f 524//391 522//391 2840//391 2844//391
f 2845//2 2843//2 2839//2 2841//2
f 523//363 525//363 2846//363 2842//363
f 526//364 524//364 2844//364 2848//364
f 2849//2 2847//2 2843//2 2845//2
f 525//363 527//363 2850//363 2846//363
f 528//423 526//423 2848//423 2852//423
f 2853//2 2851//2 2847//2 2849//2
f 527//363 529//363 2854//363 2850//363
f 530//395 528//395 2852//395 2856//395
f 2857//2 2855//2 2851//2 2853//2
f 529//363 531//363 2858//363 2854//363
f 532//393 530//393 2856//393 2860//393
f 2861//2 2859//2 2855//2 2857//2
f 531//363 533//363 2862//363 2858//363
f 534//375 532//375 2860//375 2864//375
f 2863//2 2859//2 2861//2 2865//2
f 533//363 535//363 2866//363 2862//363
f 536//392 534//392 2864//392 2868//392
f 2863//2 2865//2 2871//2 2867//2
f 2875//2 2874//2 2867//2 2871//2
f 2875//2 2871//2 2879//2 2877//2
f 538//358 537//358 2876//358 2878//358
f 540//358 538//358 2878//358 2882//358
f 2877//2 2879//2 2883//2 2881//2
f 539//360 541//360 2884//360 2880//360
f 542//358 540//358 2882//358 2886//358
f 2881//2 2883//2 2887//2 2885//2
f 541//360 543//360 2888//360 2884//360
f 544//358 542//358 2886//358 2890//358
f 2885//2 2887//2 2891//2 2889//2
f 543//360 545//360 2892//360 2888//360
f 546//358 544//358 2890//358 2894//358
f 2889//2 2891//2 2895//2 2893//2
f 545//360 547//360 2896//360 2892//360
f 548//358 546//358 2894//358 2898//358
f 2893//2 2895//2 2899//2 2897//2
f 547//360 549//360 2900//360 2896//360
f 2897//2 2899//2 2903//2 2901//2
f 550//358 548//358 2898//358 2902//358
f 549//360 551//360 2904//360 2900//360
f 2901//2 2903//2 2907//2 2905//2
f 552//358 550//358 2902//358 2906//358
f 551//360 553//360 2908//360 2904//360
f 2905//2 2907//2 2913//2 2909//2
f 554//358 552//358 2906//358 2910//358
f 2909//2 2913//2 716//2 2914//2
f 555//358 554//358 2910//358 2915//358
f 2950//2 743//2 716//2 2913//2
f 2914//2 716//2 717//2 2916//2
f 556//358 555//358 2915//358 2917//358
f 2916//2 717//2 718//2 2918//2
f 557//358 556//358 2917//358 2919//358
f 2918//2 718//2 719//2 2920//2
f 558//358 557//358 2919//358 2921//358
f 2920//2 719//2 720//2 2922//2
f 559//358 558//358 2921//358 2923//358
f 2922//2 720//2 721//2 2924//2
f 560//358 559//358 2923//358 2925//358
f 2924//2 721//2 722//2 2926//2
f 561//358 560//358 2925//358 2927//358
f 2926//2 722//2 723//2 2928//2
f 562//358 561//358 2927//358 2929//358
f 2928//2 723//2 724//2 2930//2
f 563//358 562//358 2929//358 2931//358
f 2930//2 724//2 725//2 2932//2
f 564//358 563//358 2931//358 2933//358
f 2932//2 725//2 726//2 2934//2
f 565//358 564//358 2933//358 2935//358
f 2934//2 726//2 727//2 2936//2
f 566//358 565//358 2935//358 2937//358
f 2936//2 727//2 728//2 2938//2
f 567//358 566//358 2937//358 2939//358
f 2938//2 728//2 729//2 2940//2
f 568//358 567//358 2939//358 2941//358
f 570//364 569//364 2942//364 2944//364
f 2943//2 739//2 740//2 2945//2
f 571//364 570//364 2944//364 2946//364
f 2945//2 740//2 741//2 2947//2
f 572//364 571//364 2946//364 2948//364
f 2947//2 741//2 742//2 2949//2
f 573//364 572//364 2948//364 2951//364
f 2949//2 742//2 743//2 2950//2
f 2961//2 683//2 681//2 2959//2
f 577//360 578//360 2960//360 2958//360
f 2963//2 662//2 683//2 2961//2
f 578//360 579//360 2962//360 2960//360
f 2967//2 744//2 661//2 2965//2
f 580//360 581//360 2966//360 2964//360
f 2969//2 745//2 744//2 2967//2
f 581//360 582//360 2968//360 2966//360
f 582//360 583//360 2970//360 2968//360
f 2971//2 752//2 745//2 2969//2
f 583//425 584//425 2972//425 2970//425
f 2973//2 753//2 752//2 2971//2
f 584//426 585//426 2974//426 2972//426
f 754//2 753//2 2973//2 2975//2
f 585//427 586//427 2976//427 2974//427
f 754//2 2975//2 2977//2 755//2
f 586//427 587//427 2978//427 2976//427
f 755//2 2977//2 2979//2 756//2
f 587//427 588//427 2980//427 2978//427
f 756//2 2979//2 2981//2 757//2
f 588//428 589//428 2982//428 2980//428
f 757//2 2981//2 2983//2 758//2
f 589//360 590//360 2984//360 2982//360
f 758//2 2983//2 2985//2 759//2
f 590//360 591//360 2986//360 2984//360
f 759//2 2985//2 2987//2 760//2
f 591//360 592//360 2988//360 2986//360
f 760//2 2987//2 2989//2 761//2
f 761//2 2989//2 2991//2 762//2
f 592//360 593//360 2990//360 2988//360
f 2992//2 648//2 647//2 2994//2
f 595//358 594//358 2993//358 2995//358
f 2994//2 647//2 646//2 2996//2
f 596//358 595//358 2995//358 2997//358
f 597//358 596//358 2997//358 2999//358
f 598//358 597//358 2999//358 3001//358
f 3000//2 3002//2 3006//2 3004//2
f 600//358 598//358 3001//358 3005//358
f 599//360 601//360 3007//360 3003//360
f 3004//2 3006//2 3010//2 3008//2
f 602//358 600//358 3005//358 3009//358
f 601//360 603//360 3011//360 3007//360
f 3008//2 3010//2 3014//2 3012//2
f 604//358 602//358 3009//358 3013//358
f 603//360 605//360 3015//360 3011//360
f 3012//2 3014//2 3018//2 3016//2
f 606//358 604//358 3013//358 3017//358
f 605//360 607//360 3019//360 3015//360
f 3016//2 3018//2 3022//2 3020//2
f 608//358 606//358 3017//358 3021//358
f 607//360 609//360 3023//360 3019//360
f 3020//2 3022//2 3026//2 3024//2
f 610//358 608//358 3021//358 3025//358
f 609//360 611//360 3027//360 3023//360
f 3024//2 3026//2 3030//2 3028//2
f 612//358 610//358 3025//358 3029//358
f 611//360 613//360 3031//360 3027//360
f 3028//2 3030//2 3034//2 3032//2
f 614//358 612//358 3029//358 3033//358
f 613//360 615//360 3035//360 3031//360
f 3032//2 3034//2 3040//2 3036//2
f 616//358 614//358 3033//358 3037//358
f 3036//2 3040//2 3044//2 3043//2
f 3044//2 3040//2 3048//2 3046//2
f 618//431 617//431 3045//431 3047//431
f 3046//2 3048//2 3052//2 3050//2
f 620//363 618//363 3047//363 3051//363
f 619//364 621//364 3053//364 3049//364
f 3050//2 3052//2 3056//2 3054//2
f 622//363 620//363 3051//363 3055//363
f 621//364 623//364 3057//364 3053//364
f 3054//2 3056//2 3060//2 3058//2
f 624//363 622//363 3055//363 3059//363
f 623//364 625//364 3061//364 3057//364
f 3058//2 3060//2 3064//2 3062//2
f 626//363 624//363 3059//363 3063//363
f 625//364 627//364 3065//364 3061//364
f 3062//2 3064//2 3068//2 3066//2
f 628//363 626//363 3063//363 3067//363
f 627//364 629//364 3069//364 3065//364
f 3066//2 3068//2 3072//2 3070//2
f 630//363 628//363 3067//363 3071//363
f 629//364 631//364 3073//364 3069//364
f 3070//2 3072//2 3076//2 3074//2
f 632//363 630//363 3071//363 3075//363
f 631//364 633//364 3077//364 3073//364
f 3074//2 3076//2 3080//2 3078//2
f 634//363 632//363 3075//363 3079//363
f 633//364 635//364 3081//364 3077//364
f 3078//2 3080//2 3084//2 3082//2
f 636//363 634//363 3079//363 3083//363
f 635//364 637//364 3085//364 3081//364
f 3082//2 3084//2 3088//2 3086//2
f 638//363 636//363 3083//363 3087//363
f 637//364 639//364 3089//364 3085//364
f 3086//2 3088//2 3093//2 3090//2
f 640//363 638//363 3087//363 3091//363
