# Blender 4.5.2 LTS
# www.blender.org
mtllib LectureTwo.mtl
o Atrium2
v -10.912298 -32.022293 -25.107401
v -11.182140 -32.022293 -25.106962
v 1.176181 -30.723587 -27.963240
v 1.451186 -30.723587 -27.963240
v 1.176187 -30.723587 -27.762684
v 0.846550 -30.723587 -27.963240
v 0.846554 -30.723587 -27.762684
v 0.512856 -30.723354 -27.963240
v 0.518782 -30.723541 -27.762606
v 0.186993 -30.720539 -27.757589
v -0.034443 -30.716164 -27.977642
v 0.168492 -30.716164 -28.310503
v -0.034443 -30.716164 -28.310555
v 0.168492 -30.716164 -28.639238
v -0.034443 -30.716164 -28.639261
v 0.168492 -30.716164 -28.967962
v -0.034443 -30.716164 -28.967964
v 0.168492 -30.716164 -29.296673
v -0.034443 -30.716164 -29.296675
v 0.168492 -30.716164 -29.625383
v -0.034443 -30.716164 -29.625383
v 0.168492 -30.716164 -29.954094
v -0.034443 -30.716164 -29.954094
v 0.168492 -30.716164 -30.283077
v -0.034463 -30.716164 -30.282476
v -0.037701 -30.716164 -30.609747
v 0.479815 -30.723587 -30.641191
v 0.476293 -30.723564 -30.918856
v 0.781537 -30.723587 -30.641191
v 0.781393 -30.723587 -30.919100
v 1.085729 -30.723587 -30.641191
v 1.085639 -30.723587 -30.919346
v 1.389956 -30.723587 -30.641191
v 1.389889 -30.723587 -30.919592
v 1.694210 -30.723587 -30.641191
v 1.694145 -30.723587 -30.919680
v 1.998996 -30.723587 -30.919680
v 2.251728 -30.723587 -30.631435
v 2.003461 -30.723587 -30.332209
v 2.252359 -30.723587 -30.329218
v 2.003461 -30.723587 -30.029079
v 2.252679 -30.723587 -30.027138
v 2.003461 -30.723587 -29.730371
v 2.003461 -30.723587 -29.438103
v 2.252837 -30.723587 -29.725111
v 2.252913 -30.723587 -29.436966
v 2.252829 -30.723587 -29.148125
v 2.252763 -30.723587 -28.859371
v 2.003461 -30.723587 -29.148335
v 2.003461 -30.723587 -28.859247
v 2.003461 -30.723587 -28.569229
v 2.003461 -30.723587 -28.274086
v 2.252738 -30.723587 -28.570591
v 2.252771 -30.723587 -28.281366
v 2.253083 -30.723587 -27.991459
v 2.253090 -30.723587 -27.736074
v 2.252773 -30.723587 -27.444164
v 1.727278 -30.723587 -27.762684
v 2.003461 -30.723587 -27.451704
v 2.003461 -30.723587 -27.154905
v 2.003461 -30.723587 -26.863476
v 2.252714 -30.723587 -27.153513
v 2.252666 -30.723587 -26.863317
v 2.252532 -30.723587 -26.573158
v 2.252130 -30.723587 -26.282999
v 2.003461 -30.723587 -26.573160
v 2.003461 -30.723587 -26.282972
v 2.003461 -30.723587 -25.992662
v 2.003461 -30.723587 -25.699591
v 2.251064 -30.723587 -25.992834
v 2.249208 -30.723587 -25.701727
v 2.250315 -30.723587 -25.413410
v 2.254524 -30.723587 -25.103792
v 2.003461 -30.723587 -25.404383
v 2.003461 -30.723587 -25.100552
v 2.003461 -30.723587 -24.792929
v 2.003461 -30.723587 -24.483412
v 2.254126 -30.723587 -24.793350
v 2.253212 -30.723587 -24.483498
v 2.252861 -30.723587 -24.173801
v 2.252762 -30.723587 -23.864096
v 2.003461 -30.723587 -24.173792
v 2.003461 -30.723587 -23.864096
v 2.003461 -30.723587 -23.554390
v 2.003461 -30.723587 -23.244682
v 2.252736 -30.723587 -23.554390
v 2.252729 -30.723587 -23.244682
v 2.252728 -30.723587 -22.934977
v 2.252728 -30.723587 -22.625271
v 2.003461 -30.723587 -22.934977
v 2.003461 -30.723587 -22.625271
v 2.003461 -30.723587 -22.315565
v 2.003461 -30.723587 -22.005859
v 2.252727 -30.723587 -22.315563
v 2.252728 -30.723587 -22.005857
v 2.252728 -30.723587 -21.696152
v 2.252727 -30.723587 -21.386446
v 2.003461 -30.723587 -21.696152
v 2.003461 -30.723587 -21.386446
v 2.003461 -30.723587 -21.076738
v 2.003461 -30.723587 -20.767033
v 2.252727 -30.723587 -21.076738
v 2.252726 -30.723587 -20.767033
v 2.252727 -30.723587 -20.457327
v 2.252727 -30.723587 -20.147619
v 2.003461 -30.723587 -20.457331
v 2.003461 -30.723587 -20.147619
v 2.003461 -30.723587 -19.837912
v 2.003461 -30.723587 -19.528206
v 2.252725 -30.723587 -19.837914
v 2.252718 -30.723587 -19.528208
v 2.252698 -30.723587 -19.218502
v 2.252643 -30.723587 -18.908796
v 2.003461 -30.723587 -19.218493
v 2.003461 -30.723587 -18.908701
v 1.701017 -30.723587 -18.595806
v 2.252561 -30.723587 -18.599100
v -1.009544 -30.723587 -18.595806
v -1.311504 -30.723587 -18.595806
v -1.619208 -30.723587 -18.595806
v -1.928422 -30.723587 -18.595806
v -2.237922 -30.723587 -18.595806
v -2.547466 -30.723587 -18.595806
v -2.857011 -30.723587 -18.595806
v -3.166556 -30.723587 -18.595806
v -3.476100 -30.723587 -18.595806
v -3.785647 -30.723587 -18.595806
v -4.095193 -30.723587 -18.595806
v -4.404738 -30.723587 -18.595806
v -4.714283 -30.723587 -18.595806
v -5.023829 -30.723587 -18.595806
v -5.333374 -30.723587 -18.595806
v -5.642920 -30.723587 -18.595806
v -5.952465 -30.723587 -18.595806
v -6.262010 -30.723587 -18.595806
v -6.571555 -30.723587 -18.595806
v -6.881101 -30.723587 -18.595806
v -7.190659 -30.723587 -18.595806
v -7.500299 -30.723587 -18.595806
v -7.810018 -30.723587 -18.595806
v -8.144958 -30.723587 -18.922903
v -8.389402 -30.723587 -19.126766
v -8.706310 -30.723587 -19.140692
v -9.022366 -30.723587 -19.154865
v -9.337711 -30.723587 -19.169006
v -9.655403 -30.723587 -19.183254
v -9.966728 -30.723587 -19.197216
v -10.280119 -30.723587 -19.221418
v -10.920027 -30.723587 -19.263411
v -10.611496 -30.723587 -19.568075
v -10.920027 -30.723587 -19.570423
v -10.611496 -30.723587 -19.878065
v -10.920027 -30.723587 -19.878088
v -10.611496 -30.723587 -20.185219
v -10.920027 -30.723587 -20.185213
v -10.611496 -30.723587 -20.492359
v -10.920027 -30.723587 -20.492359
v -10.611496 -30.723587 -20.799500
v -10.920027 -30.723587 -20.799500
v -10.611496 -30.723587 -21.106640
v -10.920027 -30.723587 -21.106640
v -10.611496 -30.723587 -21.413780
v -10.920027 -30.723587 -21.413780
v -10.611496 -30.723587 -21.720922
v -10.920027 -30.723587 -21.720922
v -10.611496 -30.723587 -22.028063
v -10.920027 -30.723587 -22.028067
v -10.611496 -30.723587 -22.335205
v -10.920027 -30.723587 -22.335205
v -10.611496 -30.723587 -22.642345
v -10.920027 -30.723587 -22.642345
v -10.611496 -30.723587 -22.949486
v -10.920027 -30.723587 -22.949486
v -10.611496 -30.723587 -23.256626
v -10.920027 -30.723587 -23.256626
v -10.611496 -30.723587 -23.563766
v -10.920027 -30.723587 -23.563768
v -10.611496 -30.723587 -23.870909
v -10.920027 -30.723587 -23.870909
v -10.611496 -30.723587 -24.178043
v -10.920027 -30.723587 -24.177975
v -10.611496 -30.723587 -24.485107
v -10.920027 -30.723587 -24.484703
v -10.611496 -30.723587 -24.792192
v -10.611496 -30.723587 -25.107531
v -10.611496 -30.723587 -25.424335
v -10.611496 -30.723587 -25.753380
v -10.920027 -30.723587 -25.753345
v -10.611496 -30.723587 -26.082205
v -10.920027 -30.723587 -26.082203
v -10.611496 -30.723587 -26.411043
v -10.920027 -30.723587 -26.411039
v -10.611496 -30.723587 -26.739952
v -10.920027 -30.723587 -26.739849
v -10.611496 -30.723587 -27.069672
v -10.920027 -30.723587 -27.068399
v -10.611496 -30.723587 -27.403608
v -10.920027 -30.723587 -27.395334
v -10.920027 -30.723587 -27.712427
v -10.316256 -30.723587 -27.750282
v -10.016197 -30.723587 -27.750282
v -10.320490 -30.723587 -27.963240
v -10.016855 -30.723587 -27.963240
v -9.714886 -30.723587 -27.963240
v -9.411982 -30.723587 -27.963240
v -9.714960 -30.723587 -27.750282
v -9.413803 -30.723587 -27.750282
v -9.115294 -30.723587 -27.750282
v -8.834660 -30.723587 -27.750282
v -9.102335 -30.723587 -27.963240
v -8.772476 -30.723587 -28.312819
v -8.628880 -30.723587 -28.005306
v -8.628880 -30.723587 -28.320688
v -8.628880 -30.723587 -28.655563
v -8.628880 -30.723587 -28.993017
v -8.772476 -30.723587 -28.654610
v -8.772476 -30.723587 -28.992968
v -8.772476 -30.723587 -29.322386
v -8.772476 -30.723587 -29.633352
v -8.628880 -30.723587 -29.322371
v -8.628880 -30.723587 -29.633055
v -8.628880 -30.723587 -29.934183
v -8.628174 -30.723587 -30.228910
v -8.772476 -30.723587 -29.937027
v -8.772476 -30.723587 -30.245775
v -8.583862 -30.723587 -30.501112
v -9.065285 -30.723587 -30.623846
v -9.368153 -30.723587 -30.623846
v -9.032614 -30.723587 -30.910898
v -9.361395 -30.723587 -30.912878
v -9.675402 -30.723587 -30.912878
v -9.985405 -30.723587 -30.912971
v -9.676811 -30.723587 -30.623846
v -9.986206 -30.723587 -30.623846
v -10.295408 -30.723587 -30.623846
v -10.293753 -30.723587 -30.920031
v -10.605900 -30.723587 -30.923073
v -10.920027 -30.723587 -30.625971
v -10.920027 -30.723587 -30.331270
v -10.920027 -30.723587 -30.037199
v -10.604605 -30.723587 -30.330807
v -10.604605 -30.723587 -30.037128
v -10.604605 -30.723587 -29.743252
v -10.604605 -30.723587 -29.449331
v -10.920027 -30.723587 -29.743256
v -10.920027 -30.723587 -29.449333
v -10.920027 -30.723587 -29.155418
v -10.920027 -30.723587 -28.861546
v -10.604605 -30.723587 -29.155396
v -10.604605 -30.723587 -28.861223
v -10.604605 -30.723587 -28.565159
v -10.604815 -30.723587 -28.264711
v -10.920027 -30.723587 -28.567694
v -10.920027 -30.723587 -28.273727
v -10.920027 -30.723587 -27.985405
v -8.544037 -30.723587 -30.745619
v -8.492865 -30.716164 -31.499956
v -8.778326 -30.716164 -31.396292
v -8.180092 -30.716164 -31.770287
v -8.484041 -30.716164 -32.045795
v -8.778326 -30.716164 -31.742153
v -8.178312 -30.716164 -32.045795
v -7.869306 -30.716164 -32.045795
v -7.869551 -30.716164 -31.770287
v -7.559673 -30.716164 -32.045795
v -7.249952 -30.716164 -32.045795
v -7.559686 -30.716164 -31.770287
v -7.249953 -30.716164 -31.770287
v -6.940231 -30.716164 -31.770287
v -6.630512 -30.716164 -31.770287
v -6.940231 -30.716164 -32.045795
v -6.630512 -30.716164 -32.045795
v -6.320792 -30.716164 -32.045795
v -6.011071 -30.716164 -32.045795
v -6.320792 -30.716164 -31.770287
v -6.011071 -30.716164 -31.770287
v -5.701350 -30.716164 -31.770287
v -5.391629 -30.716164 -31.770287
v -5.701349 -30.716164 -32.045795
v -5.391629 -30.716164 -32.045795
v -5.081907 -30.716164 -32.045795
v -4.772187 -30.716164 -32.045795
v -5.081908 -30.716164 -31.770287
v -4.772186 -30.716164 -31.770287
v -4.462466 -30.716164 -31.770287
v -4.152744 -30.716164 -31.770287
v -4.462465 -30.716164 -32.045795
v -4.152744 -30.716164 -32.045795
v -3.843023 -30.716164 -32.045795
v -3.533302 -30.716164 -32.045795
v -3.843023 -30.716164 -31.770287
v -3.533302 -30.716164 -31.770287
v -3.223582 -30.716164 -31.770287
v -2.913861 -30.716164 -31.770287
v -3.223582 -30.716164 -32.045795
v -2.913861 -30.716164 -32.045795
v -2.604140 -30.716164 -32.045795
v -2.294419 -30.716164 -32.045795
v -2.604140 -30.716164 -31.770287
v -2.294419 -30.716164 -31.770287
v -1.984699 -30.716164 -31.770287
v -1.674978 -30.716164 -31.770287
v -1.984699 -30.716164 -32.045795
v -1.674978 -30.716164 -32.045795
v -1.365257 -30.716164 -32.045795
v -1.055538 -30.716164 -32.045795
v -1.365257 -30.716164 -31.770287
v -1.055536 -30.716164 -31.770287
v -0.745818 -30.716164 -31.770287
v -0.436073 -30.716164 -31.770287
v -0.745824 -30.716164 -32.045795
v -0.436107 -30.716164 -32.045795
v -0.126143 -30.716164 -32.045795
v 0.168492 -30.716164 -31.768312
v 0.168492 -30.716164 -31.481670
v 0.168492 -30.716164 -31.196468
v -0.123324 -30.716164 -31.481659
v -0.123324 -30.716164 -31.194433
v -0.113301 -30.716164 -30.902821
v -11.182142 -30.723587 -25.421919
v -11.451948 -30.723587 -25.106592
v -11.182207 -30.723587 -24.790527
v -0.708211 -30.723587 -18.595806
v -0.407050 -30.723587 -18.595806
v -0.105903 -30.723587 -18.595806
v 0.195249 -30.723587 -18.595806
v 0.496401 -30.723587 -18.595806
v 0.797552 -30.723587 -18.595806
v 1.098704 -30.723587 -18.595806
v 1.399855 -30.723587 -18.595806
v 1.726982 -30.723587 -27.964205
v 1.451437 -30.723587 -27.762684
v -8.134398 -30.723587 -18.475790
v -8.267180 -30.723587 -19.126766
v -8.144958 -30.723587 -19.024836
v 1.399855 -30.723587 -18.475790
v 1.701020 -30.723587 -18.475790
v 1.098704 -30.723587 -18.475790
v 0.797552 -30.723587 -18.475790
v 0.496401 -30.723587 -18.475790
v 0.195249 -30.723587 -18.475790
v -0.105904 -30.723587 -18.475790
v -0.407053 -30.723587 -18.475790
v -0.708243 -30.723587 -18.475790
v -7.809862 -30.723587 -18.475790
v -7.500228 -30.723587 -18.475790
v -7.190646 -30.723587 -18.475790
v -6.881101 -30.723587 -18.475790
v -6.571555 -30.723587 -18.475790
v -6.262010 -30.723587 -18.475790
v -5.952465 -30.723587 -18.475790
v -5.642920 -30.723587 -18.475790
v -5.333375 -30.723587 -18.475790
v -5.023829 -30.723587 -18.475790
v -4.714283 -30.723587 -18.475790
v -4.404738 -30.723587 -18.475790
v -4.095193 -30.723587 -18.475790
v -3.785647 -30.723587 -18.475790
v -3.476101 -30.723587 -18.475790
v -3.166556 -30.723587 -18.475790
v -2.857011 -30.723587 -18.475790
v -2.547466 -30.723587 -18.475790
v -2.237918 -30.723587 -18.475790
v -1.928352 -30.723587 -18.475790
v -1.618731 -30.723587 -18.475790
v -1.309224 -30.723587 -18.475790
v -1.009613 -30.723587 -18.475790
v 2.003461 -30.723587 -18.475790
v -8.250325 -30.723587 -18.621073
v -8.266038 -30.723587 -18.959431
v -8.388260 -30.723587 -19.061361
v -10.608051 -30.723587 -19.151775
v -10.290861 -30.723587 -19.121504
v -9.974758 -30.723587 -19.099846
v -9.658333 -30.723587 -19.092108
v -9.340538 -30.723587 -19.084360
v -9.025471 -30.723587 -19.076670
v -8.708708 -30.723587 -19.068960
v -10.912027 -29.203840 -25.106941
v -11.181870 -29.203840 -25.106503
v 1.176057 -32.022293 -27.930788
v 1.176060 -31.989630 -27.963446
v 1.451065 -31.989630 -27.963446
v 1.451102 -32.022293 -27.930788
v 1.176066 -31.989630 -27.762890
v 1.176062 -32.022293 -27.795551
v 0.846426 -32.022293 -27.930788
v 0.846429 -31.989630 -27.963446
v 0.846429 -32.022293 -27.795549
v 0.846433 -31.989630 -27.762890
v 0.513696 -32.022091 -27.930788
v 0.512735 -31.989395 -27.963446
v 0.517693 -32.022217 -27.795469
v 0.518661 -31.989584 -27.762812
v 0.201034 -31.982887 -27.963444
v 0.135712 -32.014187 -27.930786
v 0.168371 -31.982206 -27.996107
v 0.183935 -32.018551 -27.790413
v 0.186872 -31.986580 -27.757795
v -0.001902 -32.014870 -27.975534
v -0.034564 -31.982206 -27.977848
v 0.135705 -32.014870 -28.310722
v 0.168371 -31.982206 -28.310709
v -0.001902 -32.014870 -28.310759
v -0.034564 -31.982206 -28.310760
v 0.135705 -32.014870 -28.639454
v 0.168371 -31.982206 -28.639444
v -0.001901 -32.014870 -28.639469
v -0.034564 -31.982206 -28.639467
v 0.135705 -32.014870 -28.968174
v 0.168371 -31.982206 -28.968168
v -0.001900 -32.014870 -28.968176
v -0.034564 -31.982206 -28.968170
v 0.135705 -32.014870 -29.296885
v 0.168371 -31.982206 -29.296879
v -0.001898 -32.014870 -29.296886
v -0.034564 -31.982206 -29.296881
v 0.135705 -32.014870 -29.625595
v 0.168371 -31.982206 -29.625589
v -0.001896 -32.014870 -29.625595
v -0.034564 -31.982206 -29.625589
v 0.135705 -32.014870 -29.954306
v 0.168371 -31.982206 -29.954300
v -0.001894 -32.014870 -29.954306
v -0.034564 -31.982206 -29.954300
v 0.135705 -32.014870 -30.283192
v 0.168371 -31.982206 -30.283283
v -0.001910 -32.014870 -30.282785
v -0.034585 -31.982206 -30.282682
v 0.168371 -31.982206 -30.591908
v 0.135715 -32.014481 -30.655504
v 0.200986 -31.982983 -30.626333
v -0.005165 -32.014870 -30.612274
v -0.037822 -31.982206 -30.609953
v 0.168371 -31.982206 -30.951538
v 0.201034 -31.982990 -30.918896
v 0.135715 -32.014477 -30.886198
v 0.479277 -32.022289 -30.674072
v 0.479694 -31.989628 -30.641397
v 0.476583 -32.022274 -30.886406
v 0.476171 -31.989605 -30.919062
v 0.781395 -32.022293 -30.674070
v 0.781415 -31.989628 -30.641397
v 0.781285 -32.022293 -30.886648
v 0.781271 -31.989628 -30.919306
v 1.085594 -32.022293 -30.674070
v 1.085608 -31.989630 -30.641397
v 1.085525 -32.022293 -30.886894
v 1.085518 -31.989630 -30.919552
v 1.389824 -32.022293 -30.674068
v 1.389835 -31.989630 -30.641397
v 1.389773 -32.022293 -30.887140
v 1.389768 -31.989630 -30.919798
v 1.694078 -32.022293 -30.674068
v 1.694089 -31.989630 -30.641397
v 1.694028 -32.022293 -30.887228
v 1.694024 -31.989630 -30.919886
v 1.970677 -31.989630 -30.641397
v 2.035999 -32.022293 -30.674068
v 2.003340 -31.989630 -30.608734
v 1.999395 -32.022293 -30.887228
v 1.998875 -31.989630 -30.919886
v 2.218938 -32.022293 -30.632931
v 2.251607 -31.989630 -30.631641
v 2.035999 -32.022293 -30.332027
v 2.003340 -31.989630 -30.332415
v 2.219571 -32.022293 -30.329823
v 2.252238 -31.989630 -30.329424
v 2.035999 -32.022293 -30.029037
v 2.003340 -31.989630 -30.029285
v 2.219891 -32.022293 -30.027603
v 2.252558 -31.989630 -30.027344
v 2.035999 -32.022293 -29.729895
v 2.003340 -31.989630 -29.730577
v 2.035999 -32.022293 -29.438166
v 2.003340 -31.989630 -29.438309
v 2.220049 -32.022293 -29.726011
v 2.252716 -31.989630 -29.725317
v 2.252792 -31.989630 -29.437172
v 2.220126 -32.022293 -29.437326
v 2.252708 -31.989630 -29.148331
v 2.220042 -32.022293 -29.148363
v 2.252642 -31.989630 -28.859577
v 2.219976 -32.022293 -28.859566
v 2.003340 -31.989630 -29.148540
v 2.035999 -32.022293 -29.148520
v 2.035999 -32.022293 -28.859474
v 2.003340 -31.989630 -28.859453
v 2.035999 -32.022293 -28.569618
v 2.003340 -31.989630 -28.569435
v 2.035999 -32.022293 -28.275251
v 2.003340 -31.989630 -28.274292
v 2.219951 -32.022293 -28.570625
v 2.252617 -31.989630 -28.570797
v 2.252650 -31.989630 -28.281572
v 2.219984 -32.022293 -28.280624
v 2.252962 -31.989630 -27.991665
v 2.220298 -32.022293 -27.988262
v 1.970677 -31.989630 -27.965467
v 2.003340 -31.989630 -27.998272
v 2.035999 -32.022293 -27.933092
v 2.252969 -31.989630 -27.736280
v 2.220306 -32.022293 -27.739767
v 2.252652 -31.989630 -27.444370
v 2.219986 -32.022293 -27.445364
v 1.970677 -31.989630 -27.762890
v 2.035999 -32.022293 -27.795553
v 2.003340 -31.989630 -27.730228
v 1.727157 -31.989630 -27.762890
v 1.727105 -32.022293 -27.795553
v 2.035999 -32.022293 -27.450928
v 2.003340 -31.989630 -27.451910
v 2.035999 -32.022293 -27.154934
v 2.003340 -31.989630 -27.155111
v 2.035999 -32.022293 -26.863667
v 2.003340 -31.989630 -26.863682
v 2.219927 -32.022293 -27.153908
v 2.252593 -31.989630 -27.153719
v 2.252544 -31.989630 -26.863523
v 2.219879 -32.022293 -26.863550
v 2.252411 -31.989630 -26.573364
v 2.219746 -32.022293 -26.573370
v 2.252009 -31.989630 -26.283205
v 2.219345 -32.022293 -26.283207
v 2.035999 -32.022293 -26.573372
v 2.003340 -31.989630 -26.573366
v 2.035999 -32.022293 -26.283188
v 2.003340 -31.989630 -26.283178
v 2.035999 -32.022293 -25.992897
v 2.003340 -31.989630 -25.992868
v 2.035999 -32.022293 -25.700087
v 2.003340 -31.989630 -25.699797
v 2.218279 -32.022293 -25.993023
v 2.250943 -31.989630 -25.993040
v 2.249087 -31.989630 -25.701933
v 2.216423 -32.022293 -25.701654
v 2.250194 -31.989630 -25.413616
v 2.217534 -32.022293 -25.412428
v 2.254403 -31.989630 -25.103998
v 2.221734 -32.022293 -25.103582
v 2.035999 -32.022293 -25.405788
v 2.003340 -31.989630 -25.404589
v 2.035999 -32.022293 -25.101185
v 2.003340 -31.989630 -25.100758
v 2.035999 -32.022293 -24.793196
v 2.003340 -31.989630 -24.793135
v 2.035999 -32.022293 -24.483635
v 2.003340 -31.989630 -24.483618
v 2.221336 -32.022293 -24.793507
v 2.254004 -31.989630 -24.793556
v 2.253091 -31.989630 -24.483704
v 2.220424 -32.022293 -24.483698
v 2.252740 -31.989630 -24.174007
v 2.220073 -32.022293 -24.174011
v 2.252641 -31.989630 -23.864302
v 2.219974 -32.022293 -23.864307
v 2.035999 -32.022293 -24.174006
v 2.003340 -31.989630 -24.173998
v 2.035999 -32.022293 -23.864307
v 2.003340 -31.989630 -23.864302
v 2.035999 -32.022293 -23.554602
v 2.003340 -31.989630 -23.554596
v 2.035999 -32.022293 -23.244894
v 2.003340 -31.989630 -23.244888
v 2.219948 -32.022293 -23.554602
v 2.252615 -31.989630 -23.554596
v 2.252608 -31.989630 -23.244888
v 2.219941 -32.022293 -23.244894
v 2.252606 -31.989630 -22.935183
v 2.219940 -32.022293 -22.935188
v 2.252606 -31.989630 -22.625477
v 2.219940 -32.022293 -22.625483
v 2.035999 -32.022293 -22.935188
v 2.003340 -31.989630 -22.935183
v 2.035999 -32.022293 -22.625483
v 2.003340 -31.989630 -22.625477
v 2.035999 -32.022293 -22.315777
v 2.003340 -31.989630 -22.315771
v 2.035999 -32.022293 -22.006071
v 2.003340 -31.989630 -22.006065
v 2.219939 -32.022293 -22.315775
v 2.252605 -31.989630 -22.315769
v 2.252606 -31.989630 -22.006063
v 2.219940 -32.022293 -22.006069
v 2.252606 -31.989630 -21.696358
v 2.219940 -32.022293 -21.696363
v 2.252605 -31.989630 -21.386652
v 2.219939 -32.022293 -21.386658
v 2.035999 -32.022293 -21.696363
v 2.003340 -31.989630 -21.696358
v 2.035999 -32.022293 -21.386658
v 2.003340 -31.989630 -21.386652
v 2.035999 -32.022293 -21.076950
v 2.003340 -31.989630 -21.076944
v 2.035999 -32.022293 -20.767244
v 2.003340 -31.989630 -20.767239
v 2.219939 -32.022293 -21.076950
v 2.252605 -31.989630 -21.076944
v 2.252604 -31.989630 -20.767239
v 2.219938 -32.022293 -20.767244
v 2.252605 -31.989630 -20.457533
v 2.219939 -32.022293 -20.457539
v 2.252605 -31.989630 -20.147825
v 2.219939 -32.022293 -20.147831
v 2.035999 -32.022293 -20.457542
v 2.003340 -31.989630 -20.457537
v 2.035999 -32.022293 -20.147831
v 2.003340 -31.989630 -20.147825
v 2.035999 -32.022293 -19.838123
v 2.003340 -31.989630 -19.838118
v 2.035999 -32.022293 -19.528418
v 2.003340 -31.989630 -19.528412
v 2.219937 -32.022293 -19.838125
v 2.252604 -31.989630 -19.838120
v 2.252597 -31.989630 -19.528414
v 2.219931 -32.022293 -19.528419
v 2.252577 -31.989630 -19.218708
v 2.219911 -32.022293 -19.218712
v 2.252522 -31.989630 -18.909002
v 2.219856 -32.022293 -18.908997
v 2.035999 -32.022293 -19.218706
v 2.003340 -31.989630 -19.218699
v 2.035999 -32.022293 -18.908924
v 2.003340 -31.989630 -18.908907
v 2.003340 -31.989630 -18.628675
v 2.035999 -32.022293 -18.563354
v 1.970677 -31.989630 -18.596012
v 1.700893 -32.022293 -18.563354
v 1.700896 -31.989630 -18.596012
v 2.219773 -32.022293 -18.598881
v 2.252439 -31.989630 -18.599306
v -1.009666 -31.989630 -18.596012
v -1.009687 -32.022293 -18.563354
v -1.311008 -32.022293 -18.563354
v -1.311626 -31.989630 -18.596012
v -1.619203 -32.022293 -18.563354
v -1.619330 -31.989630 -18.596012
v -1.928528 -32.022293 -18.563354
v -1.928544 -31.989630 -18.596012
v -2.238046 -32.022293 -18.563354
v -2.238044 -31.989630 -18.596012
v -2.547591 -32.022293 -18.563354
v -2.547588 -31.989630 -18.596012
v -2.857136 -32.022293 -18.563354
v -2.857133 -31.989630 -18.596012
v -3.166681 -32.022293 -18.563354
v -3.166678 -31.989630 -18.596012
v -3.476225 -32.022293 -18.563354
v -3.476222 -31.989630 -18.596012
v -3.785772 -32.022293 -18.563354
v -3.785769 -31.989630 -18.596012
v -4.095317 -32.022293 -18.563354
v -4.095314 -31.989630 -18.596012
v -4.404863 -32.022293 -18.563354
v -4.404860 -31.989630 -18.596012
v -4.714408 -32.022293 -18.563354
v -4.714405 -31.989630 -18.596012
v -5.023953 -32.022293 -18.563354
v -5.023950 -31.989630 -18.596012
v -5.333498 -32.022293 -18.563354
v -5.333495 -31.989630 -18.596012
v -5.643044 -32.022293 -18.563354
v -5.643041 -31.989630 -18.596012
v -5.952589 -32.022293 -18.563354
v -5.952586 -31.989630 -18.596012
v -6.262135 -32.022293 -18.563354
v -6.262132 -31.989630 -18.596012
v -6.571680 -32.022293 -18.563354
v -6.571677 -31.989630 -18.596012
v -6.881226 -32.022293 -18.563354
v -6.881223 -31.989630 -18.596012
v -7.190780 -32.022293 -18.563354
v -7.190781 -31.989630 -18.596012
v -7.500405 -32.022293 -18.563354
v -7.500422 -31.989630 -18.596012
v -7.810101 -32.022293 -18.563354
v -7.810140 -31.989630 -18.596012
v -8.112417 -31.989630 -18.596012
v -8.177746 -32.022293 -18.563354
v -8.145081 -31.989630 -18.628675
v -8.177746 -32.022293 -18.932968
v -8.145081 -31.989630 -18.923109
v -8.145081 -31.989630 -19.094311
v -8.177746 -32.022293 -19.094286
v -8.177743 -31.989630 -19.126972
v -8.389523 -31.989630 -19.126972
v -8.388956 -32.022293 -19.094280
v -8.707525 -32.022293 -19.108276
v -8.706430 -31.989630 -19.140898
v -9.023787 -32.022293 -19.122456
v -9.022488 -31.989630 -19.155071
v -9.338926 -32.022293 -19.136585
v -9.337833 -31.989630 -19.169212
v -9.656577 -32.022293 -19.150833
v -9.655525 -31.989630 -19.183460
v -9.969538 -32.022293 -19.164869
v -9.966848 -31.989630 -19.197422
v -10.283737 -32.022293 -19.189135
v -10.280241 -31.989630 -19.221624
v -10.611616 -31.989630 -19.285934
v -10.579102 -31.989630 -19.250166
v -10.644283 -32.022293 -19.223568
v -10.887487 -32.022293 -19.262527
v -10.920147 -31.989630 -19.263617
v -10.644283 -32.022293 -19.568535
v -10.611616 -31.989630 -19.568281
v -10.887487 -32.022293 -19.570387
v -10.920147 -31.989630 -19.570629
v -10.644283 -32.022293 -19.878279
v -10.611616 -31.989630 -19.878271
v -10.887487 -32.022293 -19.878298
v -10.920147 -31.989630 -19.878294
v -10.644283 -32.022293 -20.185431
v -10.611616 -31.989630 -20.185425
v -10.887487 -32.022293 -20.185425
v -10.920147 -31.989630 -20.185419
v -10.644283 -32.022293 -20.492571
v -10.611616 -31.989630 -20.492565
v -10.887487 -32.022293 -20.492571
v -10.920147 -31.989630 -20.492565
v -10.644283 -32.022293 -20.799711
v -10.611616 -31.989630 -20.799706
v -10.887487 -32.022293 -20.799711
v -10.920147 -31.989630 -20.799706
v -10.644283 -32.022293 -21.106852
v -10.611616 -31.989630 -21.106846
v -10.887487 -32.022293 -21.106852
v -10.920147 -31.989630 -21.106846
v -10.644283 -32.022293 -21.413992
v -10.611616 -31.989630 -21.413986
v -10.887487 -32.022293 -21.413992
v -10.920147 -31.989630 -21.413986
v -10.644283 -32.022293 -21.721134
v -10.611616 -31.989630 -21.721128
v -10.887487 -32.022293 -21.721134
v -10.920147 -31.989630 -21.721128
v -10.644283 -32.022293 -22.028275
v -10.611616 -31.989630 -22.028269
v -10.887487 -32.022293 -22.028278
v -10.920147 -31.989630 -22.028273
v -10.644283 -32.022293 -22.335417
v -10.611616 -31.989630 -22.335411
v -10.887487 -32.022293 -22.335417
v -10.920147 -31.989630 -22.335411
v -10.644283 -32.022293 -22.642557
v -10.611616 -31.989630 -22.642551
v -10.887487 -32.022293 -22.642557
v -10.920147 -31.989630 -22.642551
v -10.644283 -32.022293 -22.949697
v -10.611616 -31.989630 -22.949692
v -10.887487 -32.022293 -22.949697
v -10.920147 -31.989630 -22.949692
v -10.644283 -32.022293 -23.256838
v -10.611616 -31.989630 -23.256832
v -10.887487 -32.022293 -23.256838
v -10.920147 -31.989630 -23.256832
v -10.644283 -32.022293 -23.563978
v -10.611616 -31.989630 -23.563972
v -10.887487 -32.022293 -23.563980
v -10.920147 -31.989630 -23.563974
v -10.644283 -32.022293 -23.871120
v -10.611616 -31.989630 -23.871115
v -10.887487 -32.022293 -23.871120
v -10.920147 -31.989630 -23.871115
v -10.644283 -32.022293 -24.178247
v -10.611616 -31.989630 -24.178249
v -10.887487 -32.022293 -24.178194
v -10.920147 -31.989630 -24.178181
v -10.644283 -32.022293 -24.485277
v -10.611616 -31.989630 -24.485313
v -10.887487 -32.022293 -24.484957
v -10.920147 -31.989630 -24.484909
v -10.644283 -32.022293 -24.792229
v -10.611616 -31.989630 -24.792398
v -10.952810 -31.989630 -24.790733
v -10.887487 -32.022293 -24.823402
v -10.920147 -31.989630 -24.758072
v -10.644283 -32.022293 -25.107706
v -10.611616 -31.989630 -25.107737
v -10.644283 -32.022293 -25.424292
v -10.611616 -31.989630 -25.424541
v -10.920147 -31.989630 -25.454788
v -10.887487 -32.022293 -25.389467
v -10.952810 -31.989630 -25.422125
v -10.644283 -32.022293 -25.753588
v -10.611616 -31.989630 -25.753586
v -10.887487 -32.022293 -25.753561
v -10.920147 -31.989630 -25.753551
v -10.644283 -32.022293 -26.082417
v -10.611616 -31.989630 -26.082411
v -10.887487 -32.022293 -26.082415
v -10.920147 -31.989630 -26.082409
v -10.644283 -32.022293 -26.411255
v -10.611616 -31.989630 -26.411249
v -10.887487 -32.022293 -26.411251
v -10.920147 -31.989630 -26.411245
v -10.644283 -32.022293 -26.740152
v -10.611616 -31.989630 -26.740158
v -10.887487 -32.022293 -26.740072
v -10.920147 -31.989630 -26.740055
v -10.644283 -32.022293 -27.069748
v -10.611616 -31.989630 -27.069878
v -10.887487 -32.022293 -27.068747
v -10.920147 -31.989630 -27.068605
v -10.644283 -32.022293 -27.402945
v -10.611616 -31.989630 -27.403814
v -10.887487 -32.022293 -27.396421
v -10.920147 -31.989630 -27.395540
v -10.611616 -31.989630 -27.717827
v -10.644283 -32.022293 -27.783157
v -10.578954 -31.989630 -27.750488
v -10.887487 -32.022293 -27.716646
v -10.920147 -31.989630 -27.712633
v -10.597484 -31.989630 -27.963446
v -10.665630 -32.022293 -27.930788
v -10.627425 -31.989630 -27.995995
v -10.317029 -32.022293 -27.783157
v -10.316376 -31.989630 -27.750488
v -10.016422 -32.022293 -27.783157
v -10.016319 -31.989630 -27.750488
v -10.320610 -31.989630 -27.963446
v -10.319964 -32.022293 -27.930788
v -10.016975 -31.989630 -27.963446
v -10.016878 -32.022293 -27.930788
v -9.715006 -31.989630 -27.963446
v -9.715021 -32.022293 -27.930788
v -9.412102 -31.989630 -27.963446
v -9.412385 -32.022293 -27.930788
v -9.715080 -31.989630 -27.750488
v -9.715073 -32.022293 -27.783157
v -9.413648 -32.022293 -27.783157
v -9.413923 -31.989630 -27.750488
v -9.113430 -32.022293 -27.783157
v -9.115414 -31.989630 -27.750488
v -8.825247 -32.022293 -27.783157
v -8.834782 -31.989630 -27.750488
v -9.104447 -32.022293 -27.930788
v -9.102457 -31.989630 -27.963446
v -8.805260 -31.989630 -27.963446
v -8.772596 -31.989630 -27.996109
v -8.739937 -32.022293 -27.930788
v -8.772596 -31.989630 -28.313025
v -8.739937 -32.022293 -28.314819
v -8.629000 -31.989630 -28.005512
v -8.661692 -32.022293 -27.995941
v -8.661695 -32.022293 -28.319109
v -8.629000 -31.989630 -28.320894
v -8.629000 -31.989630 -27.783152
v -8.661663 -31.989630 -27.750488
v -8.661691 -32.022293 -27.783157
v -8.661699 -32.022293 -28.655558
v -8.629000 -31.989630 -28.655769
v -8.661708 -32.022293 -28.993217
v -8.629000 -31.989630 -28.993223
v -8.739937 -32.022293 -28.655039
v -8.772596 -31.989630 -28.654816
v -8.772596 -31.989630 -28.993174
v -8.739937 -32.022293 -28.993191
v -8.772596 -31.989630 -29.322592
v -8.739937 -32.022293 -29.322594
v -8.772596 -31.989630 -29.633558
v -8.739937 -32.022293 -29.633495
v -8.629000 -31.989630 -29.322577
v -8.661719 -32.022293 -29.322586
v -8.661735 -32.022293 -29.633335
v -8.629000 -31.989630 -29.633261
v -8.661757 -32.022293 -29.935043
v -8.629000 -31.989630 -29.934389
v -8.661071 -32.022293 -30.232952
v -8.628294 -31.989630 -30.229116
v -8.739937 -32.022293 -29.936592
v -8.772596 -31.989630 -29.937233
v -8.772596 -31.989630 -30.245981
v -8.739937 -32.022293 -30.242168
v -8.772596 -31.989630 -30.543819
v -8.804836 -31.989630 -30.581718
v -8.739937 -32.022293 -30.604401
v -8.815443 -31.989630 -30.899639
v -8.782539 -31.989143 -30.930580
v -8.750534 -32.022781 -30.863419
v -8.583982 -31.989630 -30.501318
v -8.615391 -32.022293 -30.513838
v -9.065405 -31.989630 -30.624052
v -9.061696 -32.022293 -30.656679
v -9.368273 -31.989630 -30.624052
v -9.367514 -32.022293 -30.656689
v -9.036451 -32.022293 -30.878494
v -9.032736 -31.989630 -30.911104
v -9.362283 -32.022293 -30.880451
v -9.361517 -31.989630 -30.913084
v -9.675685 -32.022293 -30.880445
v -9.675522 -31.989630 -30.913084
v -9.985620 -32.022293 -30.880535
v -9.985525 -31.989630 -30.913177
v -9.676776 -32.022293 -30.656694
v -9.676931 -31.989630 -30.624052
v -9.986326 -31.989630 -30.624052
v -9.986239 -32.022293 -30.656698
v -10.295530 -31.989630 -30.624052
v -10.295351 -32.022293 -30.656700
v -10.572062 -31.989630 -30.624052
v -10.604725 -31.989630 -30.591389
v -10.637393 -32.022293 -30.656702
v -10.294060 -32.022293 -30.887592
v -10.293873 -31.989630 -30.920237
v -10.605883 -32.022293 -30.890631
v -10.606022 -31.989630 -30.923279
v -10.887485 -31.989630 -30.923309
v -10.887487 -32.022293 -30.890659
v -10.920147 -31.989630 -30.890648
v -10.887487 -32.022293 -30.625963
v -10.920147 -31.989630 -30.626177
v -10.887487 -32.022293 -30.331434
v -10.920147 -31.989630 -30.331476
v -10.887487 -32.022293 -30.037403
v -10.920147 -31.989630 -30.037405
v -10.604725 -31.989630 -30.331013
v -10.637393 -32.022293 -30.331066
v -10.604725 -31.989630 -30.037334
v -10.637394 -32.022293 -30.037348
v -10.604725 -31.989630 -29.743458
v -10.637394 -32.022293 -29.743464
v -10.604725 -31.989630 -29.449537
v -10.637394 -32.022293 -29.449543
v -10.920147 -31.989630 -29.743462
v -10.887487 -32.022293 -29.743467
v -10.887487 -32.022293 -29.449545
v -10.920147 -31.989630 -29.449539
v -10.887487 -32.022293 -29.155628
v -10.920147 -31.989630 -29.155624
v -10.887487 -32.022293 -28.861725
v -10.920147 -31.989630 -28.861752
v -10.604725 -31.989630 -29.155602
v -10.637395 -32.022293 -29.155609
v -10.604725 -31.989630 -28.861429
v -10.637396 -32.022293 -28.861469
v -10.604725 -31.989630 -28.565365
v -10.637398 -32.022293 -28.565634
v -10.604937 -31.989630 -28.264917
v -10.637609 -32.022293 -28.265858
v -10.920147 -31.989630 -28.567900
v -10.887487 -32.022293 -28.567642
v -10.887487 -32.022293 -28.273005
v -10.920147 -31.989630 -28.273933
v -10.887487 -32.022293 -27.983120
v -10.920147 -31.989630 -27.985611
v -8.574526 -32.022293 -30.765181
v -8.544157 -31.989630 -30.745825
v -8.525519 -32.014870 -31.488354
v -8.492987 -31.982206 -31.500162
v -8.745751 -32.014870 -31.408379
v -8.778448 -31.982206 -31.396498
v -8.492987 -31.982206 -31.737831
v -8.525524 -32.014870 -31.803162
v -8.460323 -31.982206 -31.770493
v -8.180006 -32.014870 -31.803162
v -8.180214 -31.982206 -31.770493
v -8.484163 -31.982206 -32.046005
v -8.485212 -32.014870 -32.013348
v -8.745755 -32.014870 -31.745586
v -8.778448 -31.982206 -31.742359
v -8.778448 -31.982206 -32.013340
v -8.745785 -31.982206 -32.046005
v -8.745756 -32.014870 -32.013348
v -8.178434 -31.982206 -32.046005
v -8.178648 -32.014870 -32.013348
v -7.869427 -31.982206 -32.046005
v -7.869459 -32.014870 -32.013348
v -7.869673 -31.982206 -31.770493
v -7.869647 -32.014870 -31.803162
v -7.559795 -31.982206 -32.046005
v -7.559800 -32.014870 -32.013348
v -7.250074 -31.982206 -32.046005
v -7.250077 -32.014870 -32.013348
v -7.559807 -31.982206 -31.770493
v -7.559809 -32.014870 -31.803162
v -7.250078 -32.014870 -31.803162
v -7.250075 -31.982206 -31.770493
v -6.940356 -32.014870 -31.803162
v -6.940353 -31.982206 -31.770493
v -6.630637 -32.014870 -31.803162
v -6.630633 -31.982206 -31.770493
v -6.940356 -32.014870 -32.013348
v -6.940353 -31.982206 -32.046005
v -6.630633 -31.982206 -32.046005
v -6.630637 -32.014870 -32.013348
v -6.320913 -31.982206 -32.046005
v -6.320917 -32.014870 -32.013348
v -6.011192 -31.982206 -32.046005
v -6.011195 -32.014870 -32.013348
v -6.320913 -31.982206 -31.770493
v -6.320917 -32.014870 -31.803162
v -6.011195 -32.014870 -31.803162
v -6.011192 -31.982206 -31.770493
v -5.701474 -32.014870 -31.803162
v -5.701471 -31.982206 -31.770493
v -5.391753 -32.014870 -31.803162
v -5.391750 -31.982206 -31.770493
v -5.701473 -32.014870 -32.013348
v -5.701470 -31.982206 -32.046005
v -5.391750 -31.982206 -32.046005
v -5.391753 -32.014870 -32.013348
v -5.082028 -31.982206 -32.046005
v -5.082032 -32.014870 -32.013348
v -4.772308 -31.982206 -32.046005
v -4.772311 -32.014870 -32.013348
v -5.082029 -31.982206 -31.770493
v -5.082033 -32.014870 -31.803162
v -4.772311 -32.014870 -31.803162
v -4.772307 -31.982206 -31.770493
v -4.462590 -32.014870 -31.803162
v -4.462587 -31.982206 -31.770493
v -4.152869 -32.014870 -31.803162
v -4.152865 -31.982206 -31.770493
v -4.462589 -32.014870 -32.013348
v -4.462586 -31.982206 -32.046005
v -4.152865 -31.982206 -32.046005
v -4.152869 -32.014870 -32.013348
v -3.843145 -31.982206 -32.046005
v -3.843148 -32.014870 -32.013348
v -3.533424 -31.982206 -32.046005
v -3.533427 -32.014870 -32.013348
v -3.843145 -31.982206 -31.770493
v -3.843148 -32.014870 -31.803162
v -3.533427 -32.014870 -31.803162
v -3.533424 -31.982206 -31.770493
v -3.223706 -32.014870 -31.803162
v -3.223703 -31.982206 -31.770493
v -2.913985 -32.014870 -31.803162
v -2.913982 -31.982206 -31.770493
v -3.223706 -32.014870 -32.013348
v -3.223703 -31.982206 -32.046005
v -2.913982 -31.982206 -32.046005
v -2.913985 -32.014870 -32.013348
v -2.604262 -31.982206 -32.046005
v -2.604265 -32.014870 -32.013348
v -2.294541 -31.982206 -32.046005
v -2.294544 -32.014870 -32.013348
v -2.604262 -31.982206 -31.770493
v -2.604265 -32.014870 -31.803162
v -2.294544 -32.014870 -31.803162
v -2.294541 -31.982206 -31.770493
v -1.984823 -32.014870 -31.803162
v -1.984820 -31.982206 -31.770493
v -1.675103 -32.014870 -31.803162
v -1.675100 -31.982206 -31.770493
v -1.984823 -32.014870 -32.013348
v -1.984820 -31.982206 -32.046005
v -1.675099 -31.982206 -32.046005
v -1.675102 -32.014870 -32.013348
v -1.365379 -31.982206 -32.046005
v -1.365382 -32.014870 -32.013348
v -1.055660 -31.982206 -32.046005
v -1.055663 -32.014870 -32.013348
v -1.365379 -31.982206 -31.770493
v -1.365382 -32.014870 -31.803162
v -1.055661 -32.014870 -31.803162
v -1.055658 -31.982206 -31.770493
v -0.745943 -32.014870 -31.803162
v -0.745939 -31.982206 -31.770493
v -0.436201 -32.014870 -31.803162
v -0.436194 -31.982206 -31.770493
v -0.745948 -32.014870 -32.013348
v -0.745946 -31.982206 -32.046005
v -0.436229 -31.982206 -32.046005
v -0.436228 -32.014870 -32.013348
v -0.126264 -31.982206 -32.046005
v -0.125933 -32.014870 -32.013348
v -0.123446 -31.982206 -31.737831
v -0.156108 -31.982206 -31.770493
v -0.090668 -32.014870 -31.803162
v 0.135708 -31.982206 -32.046005
v 0.168371 -31.982206 -32.013340
v 0.135705 -32.014870 -32.013348
v 0.168371 -31.982206 -31.768518
v 0.135705 -32.014870 -31.768745
v 0.168371 -31.982206 -31.481876
v 0.135705 -32.014870 -31.481880
v 0.168371 -31.982206 -31.196674
v 0.135705 -32.014870 -31.196453
v -0.123446 -31.982206 -31.481865
v -0.090663 -32.014870 -31.481873
v -0.090649 -32.014870 -31.194874
v -0.123446 -31.982206 -31.194639
v -0.080656 -32.014870 -30.904875
v -0.113422 -31.982206 -30.903027
v -11.182253 -32.022293 -25.389467
v -11.182262 -31.989630 -25.422125
v -11.419407 -31.989630 -25.422125
v -11.419411 -32.022293 -25.389467
v -11.452070 -31.989630 -25.389462
v -11.419411 -32.022293 -25.106823
v -11.452070 -31.989630 -25.106798
v -11.452070 -31.989630 -24.823397
v -11.419411 -32.022293 -24.823402
v -11.419407 -31.989630 -24.790733
v -11.182312 -32.022293 -24.823402
v -11.182327 -31.989630 -24.790733
v -0.708344 -32.022293 -18.563354
v -0.708333 -31.989630 -18.596012
v -0.407176 -32.022293 -18.563354
v -0.407172 -31.989630 -18.596012
v -0.106028 -32.022293 -18.563354
v -0.106024 -31.989630 -18.596012
v 0.195124 -32.022293 -18.563354
v 0.195127 -31.989630 -18.596012
v 0.496276 -32.022293 -18.563354
v 0.496280 -31.989630 -18.596012
v 0.797427 -32.022293 -18.563354
v 0.797431 -31.989630 -18.596012
v 1.098579 -32.022293 -18.563354
v 1.098583 -31.989630 -18.596012
v 1.399734 -31.989630 -18.596012
v 1.399730 -32.022293 -18.563354
v 1.726905 -32.022293 -27.931753
v 1.726861 -31.989630 -27.964411
v 1.451315 -31.989630 -27.762890
v 1.451271 -32.022293 -27.795553
v 2.250558 -31.989630 -30.887224
v 2.217895 -32.022293 -30.887228
v 2.217762 -31.989630 -30.919886
v -0.034564 -31.982206 -27.783150
v -0.001908 -32.015514 -27.784285
v -0.001920 -31.982849 -27.751564
v -8.137397 -32.022293 -18.508657
v -8.134521 -31.989630 -18.475996
v -8.267036 -32.022293 -19.094284
v -8.267303 -31.989630 -19.126972
v -8.145081 -31.989630 -19.025042
v -8.177746 -32.022293 -19.033733
v 1.399734 -31.989630 -18.475996
v 1.399730 -32.022293 -18.508665
v 1.700894 -32.022293 -18.508665
v 1.700899 -31.989630 -18.475996
v 1.098583 -31.989630 -18.475996
v 1.098580 -32.022293 -18.508665
v 0.797431 -31.989630 -18.475996
v 0.797428 -32.022293 -18.508665
v 0.496280 -31.989630 -18.475996
v 0.496276 -32.022293 -18.508665
v 0.195128 -31.989630 -18.475996
v 0.195125 -32.022293 -18.508665
v -0.106025 -31.989630 -18.475996
v -0.106028 -32.022293 -18.508665
v -0.407175 -31.989630 -18.475996
v -0.407177 -32.022293 -18.508665
v -0.708365 -31.989630 -18.475996
v -0.708359 -32.022293 -18.508665
v -8.211403 -31.989630 -18.474977
v -8.245483 -31.989630 -18.507177
v -8.212929 -32.022293 -18.507654
v -7.810029 -32.022293 -18.508659
v -7.809984 -31.989630 -18.475996
v -7.500372 -32.022293 -18.508659
v -7.500350 -31.989630 -18.475996
v -7.190774 -32.022293 -18.508661
v -7.190768 -31.989630 -18.475996
v -6.881226 -32.022293 -18.508663
v -6.881222 -31.989630 -18.475996
v -6.571680 -32.022293 -18.508663
v -6.571677 -31.989630 -18.475996
v -6.262135 -32.022293 -18.508663
v -6.262132 -31.989630 -18.475996
v -5.952590 -32.022293 -18.508663
v -5.952586 -31.989630 -18.475996
v -5.643044 -32.022293 -18.508663
v -5.643041 -31.989630 -18.475996
v -5.333499 -32.022293 -18.508663
v -5.333496 -31.989630 -18.475996
v -5.023953 -32.022293 -18.508663
v -5.023950 -31.989630 -18.475996
v -4.714408 -32.022293 -18.508663
v -4.714405 -31.989630 -18.475996
v -4.404863 -32.022293 -18.508663
v -4.404860 -31.989630 -18.475996
v -4.095317 -32.022293 -18.508663
v -4.095314 -31.989630 -18.475996
v -3.785772 -32.022293 -18.508665
v -3.785769 -31.989630 -18.475996
v -3.476225 -32.022293 -18.508665
v -3.476223 -31.989630 -18.475996
v -3.166681 -32.022293 -18.508665
v -3.166678 -31.989630 -18.475996
v -2.857136 -32.022293 -18.508665
v -2.857133 -31.989630 -18.475996
v -2.547591 -32.022293 -18.508665
v -2.547588 -31.989630 -18.475996
v -2.238044 -32.022293 -18.508665
v -2.238039 -31.989630 -18.475996
v -1.928496 -32.022293 -18.508665
v -1.928473 -31.989630 -18.475996
v -1.618986 -32.022293 -18.508665
v -1.618853 -31.989630 -18.475996
v -1.309969 -32.022293 -18.508665
v -1.309346 -31.989630 -18.475996
v -1.009734 -31.989630 -18.475996
v -1.009719 -32.022293 -18.508665
v 2.003336 -32.022293 -18.508665
v 2.003340 -31.989630 -18.475996
v 2.252442 -31.989630 -18.507622
v 2.219780 -31.989630 -18.475094
v 2.219776 -32.022293 -18.507763
v -8.250447 -31.989630 -18.621279
v -8.217533 -32.022293 -18.613392
v -8.233166 -32.022293 -18.949688
v -8.266160 -31.989630 -18.959637
v -8.266541 -31.989630 -19.024727
v -8.299375 -31.989630 -19.058510
v -8.233990 -32.022293 -19.088919
v -8.388382 -31.989630 -19.061567
v -8.388955 -32.022293 -19.094240
v -10.609295 -32.022293 -19.184887
v -10.608171 -31.989630 -19.151981
v -10.920147 -31.989630 -19.188299
v -10.887487 -32.022293 -19.188137
v -10.887487 -31.989630 -19.155254
v -10.287494 -32.022293 -19.154194
v -10.290981 -31.989630 -19.121710
v -9.972198 -32.022293 -19.132607
v -9.974878 -31.989630 -19.100052
v -9.657410 -32.022293 -19.124922
v -9.658455 -31.989630 -19.092314
v -9.339573 -32.022293 -19.117184
v -9.340658 -31.989630 -19.084566
v -9.024301 -32.022293 -19.109495
v -9.025593 -31.989630 -19.076876
v -8.708830 -31.989630 -19.069166
v -8.707742 -32.022293 -19.101795
v 0.201155 -30.716845 -27.963238
v 0.168492 -30.716164 -27.995901
v 0.168492 -30.716164 -30.591702
v 0.201108 -30.716940 -30.626127
v 0.168492 -30.716164 -30.951332
v 0.201155 -30.716948 -30.918688
v 1.970798 -30.723587 -30.641191
v 2.003461 -30.723587 -30.608528
v 1.970798 -30.723587 -27.965261
v 2.003461 -30.723587 -27.998066
v 2.003461 -30.723587 -27.730021
v 1.970798 -30.723587 -27.762684
v 1.970798 -30.723587 -18.595806
v 2.003461 -30.723587 -18.628468
v -8.112296 -30.723587 -18.595806
v -8.144958 -30.723587 -18.628468
v -8.144958 -30.723587 -19.094103
v -8.177622 -30.723587 -19.126766
v -10.578980 -30.723587 -19.249960
v -10.611496 -30.723587 -19.285728
v -10.920027 -30.723587 -24.757864
v -10.952689 -30.723587 -24.790527
v -10.952689 -30.723587 -25.421919
v -10.920027 -30.723587 -25.454582
v -10.578833 -30.723587 -27.750282
v -10.611496 -30.723587 -27.717619
v -10.597363 -30.723587 -27.963240
v -10.627304 -30.723587 -27.995789
v -8.805139 -30.723587 -27.963240
v -8.772476 -30.723587 -27.995903
v -8.628880 -30.723587 -27.782946
v -8.661542 -30.723587 -27.750282
v -8.772476 -30.723587 -30.543612
v -8.804716 -30.723587 -30.581512
v -8.815323 -30.723587 -30.899433
v -8.782417 -30.723101 -30.930374
v -10.571941 -30.723587 -30.623846
v -10.604605 -30.723587 -30.591183
v -10.920027 -30.723587 -30.890442
v -10.887363 -30.723587 -30.923101
v -8.492865 -30.716164 -31.737623
v -8.460202 -30.716164 -31.770287
v -8.745664 -30.716164 -32.045795
v -8.778326 -30.716164 -32.013134
v -0.123324 -30.716164 -31.737623
v -0.155987 -30.716164 -31.770287
v 0.168492 -30.716164 -32.013134
v 0.135829 -30.716164 -32.045795
v -11.451948 -30.723587 -25.389256
v -11.419286 -30.723587 -25.421919
v -11.419286 -30.723587 -24.790527
v -11.451948 -30.723587 -24.823191
v 2.217883 -30.723587 -30.919680
v 2.250679 -30.723587 -30.887016
v -0.001799 -30.716808 -27.751358
v -0.034443 -30.716164 -27.782944
v -8.245361 -30.723587 -18.506969
v -8.211282 -30.723587 -18.474771
v 2.219902 -30.723587 -18.474888
v 2.252563 -30.723587 -18.507416
v -8.299253 -30.723587 -19.058304
v -8.266418 -30.723587 -19.024519
v -10.920027 -30.723587 -19.188091
v -10.887365 -30.723587 -19.155046
v 1.176323 -29.236504 -27.962997
v 1.176328 -29.203840 -27.930328
v 1.451373 -29.203840 -27.930328
v 1.451328 -29.236504 -27.962997
v 1.176332 -29.203840 -27.795092
v 1.176330 -29.236504 -27.762442
v 0.846693 -29.236504 -27.962997
v 0.846696 -29.203840 -27.930328
v 0.846696 -29.236504 -27.762442
v 0.846699 -29.203840 -27.795090
v 0.512999 -29.236271 -27.962997
v 0.513967 -29.203638 -27.930328
v 0.518924 -29.236458 -27.762363
v 0.517963 -29.203764 -27.795010
v 0.168635 -29.229078 -27.995657
v 0.135983 -29.195734 -27.930326
v 0.201298 -29.229763 -27.962996
v 0.187136 -29.233456 -27.757347
v 0.184205 -29.200098 -27.789953
v -0.034301 -29.229078 -27.977400
v -0.001631 -29.196417 -27.975075
v 0.168635 -29.229078 -28.310261
v 0.135975 -29.196417 -28.310263
v -0.034301 -29.229078 -28.310312
v -0.001631 -29.196417 -28.310299
v 0.168635 -29.229078 -28.638996
v 0.135975 -29.196417 -28.638994
v -0.034301 -29.229078 -28.639019
v -0.001630 -29.196417 -28.639009
v 0.168635 -29.229078 -28.967720
v 0.135975 -29.196417 -28.967714
v -0.034301 -29.229078 -28.967722
v -0.001629 -29.196417 -28.967716
v 0.168635 -29.229078 -29.296431
v 0.135975 -29.196417 -29.296425
v -0.034301 -29.229078 -29.296432
v -0.001628 -29.196417 -29.296427
v 0.168635 -29.229078 -29.625141
v 0.135975 -29.196417 -29.625135
v -0.034301 -29.229078 -29.625141
v -0.001626 -29.196417 -29.625135
v 0.168635 -29.229078 -29.953850
v 0.135975 -29.196417 -29.953846
v -0.034301 -29.229078 -29.953850
v -0.001623 -29.196417 -29.953846
v 0.168635 -29.229078 -30.282833
v 0.135975 -29.196417 -30.282732
v -0.034321 -29.229078 -30.282234
v -0.001640 -29.196417 -30.282326
v 0.201250 -29.229858 -30.625885
v 0.135984 -29.196026 -30.655045
v 0.168635 -29.229078 -30.591459
v -0.037559 -29.229078 -30.609505
v -0.004895 -29.196417 -30.611814
v 0.168635 -29.229078 -30.951088
v 0.135985 -29.196024 -30.885738
v 0.201298 -29.229866 -30.918446
v 0.479958 -29.236504 -30.640949
v 0.479547 -29.203836 -30.673611
v 0.476435 -29.236481 -30.918613
v 0.476853 -29.203819 -30.885944
v 0.781679 -29.236504 -30.640949
v 0.781666 -29.203840 -30.673611
v 0.781535 -29.236504 -30.918858
v 0.781555 -29.203840 -30.886189
v 1.085872 -29.236504 -30.640949
v 1.085865 -29.203840 -30.673611
v 1.085782 -29.236504 -30.919102
v 1.085795 -29.203840 -30.886435
v 1.390099 -29.236504 -30.640949
v 1.390094 -29.203840 -30.673609
v 1.390032 -29.236504 -30.919350
v 1.390043 -29.203840 -30.886681
v 1.694353 -29.236504 -30.640949
v 1.694348 -29.203840 -30.673609
v 1.694288 -29.236504 -30.919437
v 1.694299 -29.203840 -30.886768
v 2.003603 -29.236502 -30.608286
v 2.036270 -29.203840 -30.673609
v 1.970941 -29.236504 -30.640949
v 1.999138 -29.236504 -30.919437
v 1.999665 -29.203840 -30.886768
v 2.251871 -29.236502 -30.631191
v 2.219208 -29.203840 -30.632471
v 2.003603 -29.236502 -30.331966
v 2.036270 -29.203840 -30.331568
v 2.252501 -29.236502 -30.328976
v 2.219841 -29.203840 -30.329361
v 2.003603 -29.236502 -30.028835
v 2.036270 -29.203840 -30.028576
v 2.252821 -29.236502 -30.026894
v 2.220161 -29.203840 -30.027143
v 2.003603 -29.236502 -29.730129
v 2.036270 -29.203840 -29.729435
v 2.003603 -29.236502 -29.437860
v 2.036270 -29.203840 -29.437706
v 2.252979 -29.236502 -29.724869
v 2.220319 -29.203840 -29.725552
v 2.220397 -29.203840 -29.436867
v 2.253056 -29.236502 -29.436724
v 2.220312 -29.203840 -29.147903
v 2.252972 -29.236502 -29.147882
v 2.220246 -29.203840 -28.859106
v 2.252906 -29.236502 -28.859129
v 2.036270 -29.203840 -29.148060
v 2.003603 -29.236502 -29.148092
v 2.003603 -29.236502 -28.859005
v 2.036270 -29.203840 -28.859015
v 2.003603 -29.236502 -28.568987
v 2.036270 -29.203840 -28.569159
v 2.003603 -29.236502 -28.273844
v 2.036270 -29.203840 -28.274792
v 2.252881 -29.236502 -28.570349
v 2.220222 -29.203840 -28.570164
v 2.220254 -29.203840 -28.280165
v 2.252913 -29.236502 -28.281124
v 2.220569 -29.203840 -27.987801
v 2.253225 -29.236502 -27.991217
v 1.970941 -29.236504 -27.965017
v 2.036270 -29.203840 -27.932632
v 2.003603 -29.236502 -27.997822
v 2.220576 -29.203840 -27.739307
v 2.253233 -29.236502 -27.735832
v 2.220257 -29.203840 -27.444904
v 2.252916 -29.236502 -27.443922
v 1.970941 -29.236504 -27.762442
v 2.003603 -29.236502 -27.729778
v 2.036270 -29.203840 -27.795094
v 1.727376 -29.203840 -27.795094
v 1.727420 -29.236504 -27.762442
v 2.003603 -29.236502 -27.451462
v 2.036270 -29.203840 -27.450468
v 2.003603 -29.236502 -27.154663
v 2.036270 -29.203840 -27.154474
v 2.003603 -29.236502 -26.863234
v 2.036270 -29.203840 -26.863207
v 2.252856 -29.236502 -27.153271
v 2.220198 -29.203840 -27.153446
v 2.220150 -29.203840 -26.863091
v 2.252808 -29.236502 -26.863075
v 2.220016 -29.203840 -26.572910
v 2.252675 -29.236502 -26.572916
v 2.219615 -29.203840 -26.282747
v 2.252273 -29.236502 -26.282757
v 2.003603 -29.236502 -26.572918
v 2.036270 -29.203840 -26.572912
v 2.003603 -29.236502 -26.282730
v 2.036270 -29.203840 -26.282728
v 2.003603 -29.236502 -25.992420
v 2.036270 -29.203840 -25.992437
v 2.003603 -29.236502 -25.699348
v 2.036270 -29.203840 -25.699627
v 2.251207 -29.236502 -25.992592
v 2.218550 -29.203840 -25.992563
v 2.216693 -29.203840 -25.701195
v 2.249351 -29.236502 -25.701485
v 2.217804 -29.203840 -25.411968
v 2.250457 -29.236502 -25.413168
v 2.222004 -29.203840 -25.103123
v 2.254666 -29.236502 -25.103550
v 2.003603 -29.236502 -25.404140
v 2.036270 -29.203840 -25.405329
v 2.003603 -29.236502 -25.100309
v 2.036270 -29.203840 -25.100725
v 2.003603 -29.236502 -24.792686
v 2.036270 -29.203840 -24.792736
v 2.003603 -29.236502 -24.483170
v 2.036270 -29.203840 -24.483175
v 2.254268 -29.236502 -24.793108
v 2.221607 -29.203840 -24.793047
v 2.220694 -29.203840 -24.483238
v 2.253355 -29.236502 -24.483255
v 2.220343 -29.203840 -24.173552
v 2.253004 -29.236502 -24.173559
v 2.220244 -29.203840 -23.863848
v 2.252905 -29.236502 -23.863853
v 2.003603 -29.236502 -24.173550
v 2.036270 -29.203840 -24.173544
v 2.003603 -29.236502 -23.863853
v 2.036270 -29.203840 -23.863848
v 2.003603 -29.236502 -23.554148
v 2.036270 -29.203840 -23.554142
v 2.003603 -29.236502 -23.244440
v 2.036270 -29.203840 -23.244434
v 2.252879 -29.236502 -23.554148
v 2.220219 -29.203840 -23.554142
v 2.220212 -29.203840 -23.244434
v 2.252872 -29.236502 -23.244440
v 2.220210 -29.203840 -22.934729
v 2.252870 -29.236502 -22.934734
v 2.220211 -29.203840 -22.625023
v 2.252870 -29.236502 -22.625029
v 2.003603 -29.236502 -22.934734
v 2.036270 -29.203840 -22.934729
v 2.003603 -29.236502 -22.625029
v 2.036270 -29.203840 -22.625023
v 2.003603 -29.236502 -22.315323
v 2.036270 -29.203840 -22.315317
v 2.003603 -29.236502 -22.005617
v 2.036270 -29.203840 -22.005611
v 2.252869 -29.236502 -22.315321
v 2.220210 -29.203840 -22.315315
v 2.220211 -29.203840 -22.005610
v 2.252870 -29.236502 -22.005615
v 2.220211 -29.203840 -21.695904
v 2.252870 -29.236502 -21.695910
v 2.220210 -29.203840 -21.386198
v 2.252869 -29.236502 -21.386204
v 2.003603 -29.236502 -21.695910
v 2.036270 -29.203840 -21.695904
v 2.003603 -29.236502 -21.386204
v 2.036270 -29.203840 -21.386198
v 2.003603 -29.236502 -21.076496
v 2.036270 -29.203840 -21.076490
v 2.003603 -29.236502 -20.766788
v 2.036270 -29.203840 -20.766785
v 2.252869 -29.236502 -21.076496
v 2.220210 -29.203840 -21.076490
v 2.220209 -29.203840 -20.766785
v 2.252868 -29.236502 -20.766788
v 2.220210 -29.203840 -20.457079
v 2.252869 -29.236502 -20.457085
v 2.220210 -29.203840 -20.147371
v 2.252869 -29.236502 -20.147377
v 2.003603 -29.236502 -20.457088
v 2.036270 -29.203840 -20.457081
v 2.003603 -29.236502 -20.147377
v 2.036270 -29.203840 -20.147371
v 2.003603 -29.236502 -19.837669
v 2.036270 -29.203840 -19.837664
v 2.003603 -29.236502 -19.527962
v 2.036270 -29.203840 -19.527958
v 2.252867 -29.236502 -19.837669
v 2.220208 -29.203840 -19.837666
v 2.220201 -29.203840 -19.527958
v 2.252861 -29.236502 -19.527966
v 2.220181 -29.203840 -19.218252
v 2.252841 -29.236502 -19.218258
v 2.220126 -29.203840 -18.908535
v 2.252786 -29.236502 -18.908554
v 2.003603 -29.236502 -19.218250
v 2.036270 -29.203840 -19.218246
v 2.003603 -29.236502 -18.908459
v 2.036270 -29.203840 -18.908464
v 2.003603 -29.236502 -18.628225
v 1.970941 -29.236502 -18.595562
v 2.036270 -29.203840 -18.562895
v 1.701159 -29.236502 -18.595562
v 1.701164 -29.203840 -18.562895
v 2.252703 -29.236502 -18.598858
v 2.220044 -29.203840 -18.598419
v -1.009417 -29.203840 -18.562895
v -1.009401 -29.236502 -18.595562
v -1.311361 -29.236502 -18.595562
v -1.310738 -29.203840 -18.562895
v -1.619065 -29.236502 -18.595562
v -1.618932 -29.203840 -18.562895
v -1.928279 -29.236502 -18.595562
v -1.928257 -29.203840 -18.562895
v -2.237779 -29.236502 -18.595562
v -2.237775 -29.203840 -18.562895
v -2.547323 -29.236502 -18.595562
v -2.547320 -29.203840 -18.562895
v -2.856869 -29.236502 -18.595562
v -2.856865 -29.203840 -18.562895
v -3.166414 -29.236502 -18.595562
v -3.166410 -29.203840 -18.562895
v -3.475958 -29.236502 -18.595562
v -3.475955 -29.203840 -18.562895
v -3.785504 -29.236502 -18.595562
v -3.785501 -29.203840 -18.562895
v -4.095050 -29.236502 -18.595562
v -4.095047 -29.203840 -18.562895
v -4.404595 -29.236502 -18.595562
v -4.404593 -29.203840 -18.562895
v -4.714141 -29.236502 -18.595562
v -4.714138 -29.203840 -18.562895
v -5.023686 -29.236502 -18.595562
v -5.023683 -29.203840 -18.562895
v -5.333231 -29.236502 -18.595562
v -5.333228 -29.203840 -18.562895
v -5.642776 -29.236502 -18.595562
v -5.642774 -29.203840 -18.562895
v -5.952322 -29.236502 -18.595562
v -5.952319 -29.203840 -18.562895
v -6.261868 -29.236502 -18.595562
v -6.261864 -29.203840 -18.562895
v -6.571413 -29.236502 -18.595562
v -6.571409 -29.203840 -18.562895
v -6.880958 -29.236502 -18.595562
v -6.880955 -29.203840 -18.562895
v -7.190516 -29.236502 -18.595562
v -7.190510 -29.203840 -18.562895
v -7.500157 -29.236502 -18.595562
v -7.500134 -29.203840 -18.562895
v -7.809875 -29.236502 -18.595562
v -7.809830 -29.203840 -18.562895
v -8.144815 -29.236502 -18.628225
v -8.177476 -29.203840 -18.562895
v -8.112153 -29.236502 -18.595562
v -8.144815 -29.236502 -18.922661
v -8.177476 -29.203840 -18.932508
v -8.177479 -29.236502 -19.126522
v -8.177476 -29.203840 -19.093826
v -8.144815 -29.236502 -19.093861
v -8.388685 -29.203840 -19.093821
v -8.389259 -29.236502 -19.126522
v -8.706167 -29.236502 -19.140450
v -8.707254 -29.203840 -19.107815
v -9.022223 -29.236502 -19.154621
v -9.023516 -29.203840 -19.121996
v -9.337569 -29.236502 -19.168762
v -9.338655 -29.203840 -19.136126
v -9.655261 -29.236502 -19.183010
v -9.656307 -29.203840 -19.150372
v -9.966585 -29.236502 -19.196972
v -9.969267 -29.203840 -19.164410
v -10.279977 -29.236502 -19.221176
v -10.283466 -29.203840 -19.188675
v -10.578838 -29.236502 -19.249718
v -10.611353 -29.236502 -19.285484
v -10.644012 -29.203840 -19.223108
v -10.919884 -29.236502 -19.263168
v -10.887218 -29.203840 -19.262066
v -10.611353 -29.236502 -19.567833
v -10.644012 -29.203840 -19.568075
v -10.919884 -29.236502 -19.570179
v -10.887218 -29.203840 -19.569927
v -10.611353 -29.236502 -19.877823
v -10.644012 -29.203840 -19.877819
v -10.919884 -29.236502 -19.877846
v -10.887218 -29.203840 -19.877838
v -10.611353 -29.236502 -20.184975
v -10.644012 -29.203840 -20.184971
v -10.919884 -29.236502 -20.184971
v -10.887218 -29.203840 -20.184965
v -10.611353 -29.236502 -20.492115
v -10.644012 -29.203840 -20.492111
v -10.919884 -29.236502 -20.492115
v -10.887218 -29.203840 -20.492111
v -10.611353 -29.236502 -20.799255
v -10.644012 -29.203840 -20.799252
v -10.919884 -29.236502 -20.799255
v -10.887218 -29.203840 -20.799252
v -10.611353 -29.236502 -21.106396
v -10.644012 -29.203840 -21.106392
v -10.919884 -29.236502 -21.106396
v -10.887218 -29.203840 -21.106392
v -10.611353 -29.236502 -21.413536
v -10.644012 -29.203840 -21.413532
v -10.919884 -29.236502 -21.413536
v -10.887218 -29.203840 -21.413532
v -10.611353 -29.236502 -21.720680
v -10.644012 -29.203840 -21.720675
v -10.919884 -29.236502 -21.720680
v -10.887218 -29.203840 -21.720675
v -10.611353 -29.236502 -22.027821
v -10.644012 -29.203840 -22.027815
v -10.919884 -29.236502 -22.027824
v -10.887218 -29.203840 -22.027819
v -10.611353 -29.236502 -22.334963
v -10.644012 -29.203840 -22.334957
v -10.919884 -29.236502 -22.334963
v -10.887218 -29.203840 -22.334957
v -10.611353 -29.236502 -22.642103
v -10.644012 -29.203840 -22.642097
v -10.919884 -29.236502 -22.642103
v -10.887218 -29.203840 -22.642097
v -10.611353 -29.236502 -22.949244
v -10.644012 -29.203840 -22.949238
v -10.919884 -29.236502 -22.949244
v -10.887218 -29.203840 -22.949238
v -10.611353 -29.236502 -23.256384
v -10.644012 -29.203840 -23.256378
v -10.919884 -29.236502 -23.256384
v -10.887218 -29.203840 -23.256378
v -10.611353 -29.236502 -23.563524
v -10.644012 -29.203840 -23.563519
v -10.919884 -29.236502 -23.563526
v -10.887218 -29.203840 -23.563520
v -10.611353 -29.236502 -23.870667
v -10.644012 -29.203840 -23.870661
v -10.919884 -29.236502 -23.870667
v -10.887218 -29.203840 -23.870661
v -10.611353 -29.236502 -24.177801
v -10.644012 -29.203840 -24.177788
v -10.919884 -29.236502 -24.177732
v -10.887218 -29.203840 -24.177734
v -10.611353 -29.236502 -24.484865
v -10.644012 -29.203840 -24.484816
v -10.919884 -29.236502 -24.484461
v -10.887218 -29.203840 -24.484497
v -10.611353 -29.236502 -24.791950
v -10.644012 -29.203840 -24.791767
v -10.952547 -29.236502 -24.790285
v -10.919884 -29.236502 -24.757622
v -10.887218 -29.203840 -24.822943
v -10.611353 -29.236502 -25.107288
v -10.644012 -29.203840 -25.107244
v -10.611353 -29.236502 -25.424093
v -10.644012 -29.203840 -25.423832
v -10.919884 -29.236502 -25.454338
v -10.952547 -29.236502 -25.421677
v -10.887218 -29.203840 -25.389008
v -10.611353 -29.236502 -25.753138
v -10.644012 -29.203840 -25.753128
v -10.919884 -29.236502 -25.753103
v -10.887218 -29.203840 -25.753101
v -10.611353 -29.236502 -26.081963
v -10.644012 -29.203840 -26.081957
v -10.919884 -29.236502 -26.081961
v -10.887218 -29.203840 -26.081955
v -10.611353 -29.236502 -26.410801
v -10.644012 -29.203840 -26.410795
v -10.919884 -29.236502 -26.410797
v -10.887218 -29.203840 -26.410791
v -10.611353 -29.236502 -26.739710
v -10.644012 -29.203840 -26.739693
v -10.919884 -29.236502 -26.739607
v -10.887218 -29.203840 -26.739613
v -10.611353 -29.236502 -27.069429
v -10.644012 -29.203840 -27.069288
v -10.919884 -29.236502 -27.068157
v -10.887218 -29.203840 -27.068285
v -10.611353 -29.236502 -27.403366
v -10.644012 -29.203840 -27.402485
v -10.919884 -29.236502 -27.395092
v -10.887218 -29.203840 -27.395962
v -10.611353 -29.236502 -27.717377
v -10.578690 -29.236502 -27.750040
v -10.644012 -29.203840 -27.782698
v -10.919884 -29.236502 -27.712185
v -10.887218 -29.203840 -27.716187
v -10.627161 -29.236502 -27.995546
v -10.665360 -29.203840 -27.930328
v -10.597219 -29.236502 -27.962997
v -10.316113 -29.236502 -27.750040
v -10.316759 -29.203840 -27.782698
v -10.016055 -29.236502 -27.750040
v -10.016152 -29.203840 -27.782698
v -10.319695 -29.203840 -27.930328
v -10.320347 -29.236502 -27.962997
v -10.016608 -29.203840 -27.930328
v -10.016712 -29.236502 -27.962997
v -9.714750 -29.203840 -27.930328
v -9.714743 -29.236502 -27.962997
v -9.412115 -29.203840 -27.930328
v -9.411839 -29.236502 -27.962997
v -9.714802 -29.203840 -27.782698
v -9.714817 -29.236502 -27.750040
v -9.413660 -29.236502 -27.750040
v -9.413378 -29.203840 -27.782698
v -9.115150 -29.236502 -27.750040
v -9.113159 -29.203840 -27.782698
v -8.834517 -29.236502 -27.750040
v -8.824976 -29.203840 -27.782698
v -9.102193 -29.236502 -27.962997
v -9.104177 -29.203840 -27.930328
v -8.804996 -29.236502 -27.962997
v -8.739667 -29.203840 -27.930328
v -8.772333 -29.236502 -27.995659
v -8.739667 -29.203840 -28.314360
v -8.772333 -29.236502 -28.312576
v -8.661421 -29.203840 -27.995481
v -8.628736 -29.236502 -28.005064
v -8.628736 -29.236502 -28.320446
v -8.661425 -29.203840 -28.318649
v -8.628736 -29.236502 -27.782701
v -8.661421 -29.203840 -27.782698
v -8.661400 -29.236502 -27.750040
v -8.628736 -29.236502 -28.655321
v -8.661429 -29.203840 -28.655098
v -8.628736 -29.236502 -28.992775
v -8.661438 -29.203840 -28.992758
v -8.772333 -29.236502 -28.654367
v -8.739667 -29.203840 -28.654579
v -8.739667 -29.203840 -28.992731
v -8.772333 -29.236502 -28.992725
v -8.739667 -29.203840 -29.322134
v -8.772333 -29.236502 -29.322144
v -8.739667 -29.203840 -29.633036
v -8.772333 -29.236502 -29.633110
v -8.661449 -29.203840 -29.322126
v -8.628736 -29.236502 -29.322128
v -8.628736 -29.236502 -29.632812
v -8.661465 -29.203840 -29.632874
v -8.628736 -29.236502 -29.933941
v -8.661486 -29.203840 -29.934584
v -8.628031 -29.236502 -30.228668
v -8.660801 -29.203840 -30.232492
v -8.772333 -29.236502 -29.936783
v -8.739667 -29.203840 -29.936131
v -8.739667 -29.203840 -30.241709
v -8.772333 -29.236502 -30.245533
v -8.772333 -29.236502 -30.543369
v -8.739667 -29.203840 -30.603939
v -8.804573 -29.236502 -30.581270
v -8.815180 -29.236502 -30.899191
v -8.750263 -29.204329 -30.862957
v -8.782275 -29.236017 -30.930130
v -8.615120 -29.203840 -30.513378
v -8.583719 -29.236504 -30.500870
v -9.061426 -29.203840 -30.656219
v -9.065142 -29.236502 -30.623604
v -9.367243 -29.203840 -30.656227
v -9.368010 -29.236502 -30.623604
v -9.032472 -29.236502 -30.910656
v -9.036180 -29.203840 -30.878035
v -9.361253 -29.236502 -30.912636
v -9.362013 -29.203840 -30.879990
v -9.675259 -29.236502 -30.912636
v -9.675415 -29.203840 -30.879986
v -9.985262 -29.236502 -30.912727
v -9.985350 -29.203840 -30.880074
v -9.676668 -29.236502 -30.623604
v -9.676506 -29.203840 -30.656235
v -9.985970 -29.203840 -30.656239
v -9.986063 -29.236502 -30.623604
v -10.295080 -29.203840 -30.656240
v -10.295266 -29.236502 -30.623604
v -10.571798 -29.236502 -30.623604
v -10.637123 -29.203840 -30.656242
v -10.604462 -29.236502 -30.590940
v -10.293610 -29.236502 -30.919788
v -10.293789 -29.203840 -30.887133
v -10.605758 -29.236502 -30.922829
v -10.605613 -29.203840 -30.890171
v -10.887220 -29.236502 -30.922859
v -10.919884 -29.236502 -30.890200
v -10.887218 -29.203840 -30.890200
v -10.919884 -29.236502 -30.625729
v -10.887218 -29.203840 -30.625504
v -10.919884 -29.236502 -30.331028
v -10.887218 -29.203840 -30.330975
v -10.919884 -29.236502 -30.036957
v -10.887218 -29.203840 -30.036943
v -10.637123 -29.203840 -30.330606
v -10.604462 -29.236502 -30.330563
v -10.637123 -29.203840 -30.036888
v -10.604462 -29.236502 -30.036884
v -10.637123 -29.203840 -29.743004
v -10.604462 -29.236502 -29.743008
v -10.637124 -29.203840 -29.449083
v -10.604462 -29.236502 -29.449089
v -10.887218 -29.203840 -29.743008
v -10.919884 -29.236502 -29.743011
v -10.919884 -29.236502 -29.449091
v -10.887218 -29.203840 -29.449085
v -10.919884 -29.236502 -29.155176
v -10.887218 -29.203840 -29.155169
v -10.919884 -29.236502 -28.861303
v -10.887218 -29.203840 -28.861263
v -10.637125 -29.203840 -29.155149
v -10.604462 -29.236502 -29.155153
v -10.637125 -29.203840 -28.861008
v -10.604462 -29.236502 -28.860981
v -10.637127 -29.203840 -28.565174
v -10.604462 -29.236502 -28.564917
v -10.637339 -29.203840 -28.265398
v -10.604672 -29.236502 -28.264469
v -10.887218 -29.203840 -28.567183
v -10.919884 -29.236502 -28.567451
v -10.919884 -29.236502 -28.273485
v -10.887218 -29.203840 -28.272545
v -10.919884 -29.236502 -27.985163
v -10.887218 -29.203840 -27.982660
v -8.543894 -29.236504 -30.745377
v -8.574255 -29.203840 -30.764721
v -8.492723 -29.229080 -31.499714
v -8.525249 -29.196417 -31.487894
v -8.778184 -29.229080 -31.396049
v -8.745481 -29.196417 -31.407917
v -8.460060 -29.229078 -31.770042
v -8.525254 -29.196417 -31.802700
v -8.492723 -29.229080 -31.737381
v -8.179949 -29.229078 -31.770042
v -8.179735 -29.196417 -31.802700
v -8.484941 -29.196417 -32.012886
v -8.483899 -29.229078 -32.045555
v -8.778184 -29.229080 -31.741909
v -8.745485 -29.196417 -31.745127
v -8.745522 -29.229078 -32.045555
v -8.778184 -29.229080 -32.012890
v -8.745486 -29.196417 -32.012886
v -8.178377 -29.196417 -32.012886
v -8.178169 -29.229078 -32.045555
v -7.869188 -29.196417 -32.012886
v -7.869163 -29.229078 -32.045555
v -7.869376 -29.196417 -31.802700
v -7.869408 -29.229078 -31.770042
v -7.559529 -29.196417 -32.012886
v -7.559531 -29.229078 -32.045555
v -7.249806 -29.196417 -32.012886
v -7.249810 -29.229078 -32.045555
v -7.559538 -29.196417 -31.802700
v -7.559543 -29.229078 -31.770042
v -7.249811 -29.229078 -31.770042
v -7.249807 -29.196417 -31.802700
v -6.940089 -29.229078 -31.770042
v -6.940085 -29.196417 -31.802700
v -6.630369 -29.229078 -31.770042
v -6.630366 -29.196417 -31.802700
v -6.940089 -29.229078 -32.045555
v -6.940085 -29.196417 -32.012886
v -6.630366 -29.196417 -32.012886
v -6.630369 -29.229078 -32.045555
v -6.320646 -29.196417 -32.012886
v -6.320649 -29.229078 -32.045555
v -6.010925 -29.196417 -32.012886
v -6.010928 -29.229078 -32.045555
v -6.320646 -29.196417 -31.802700
v -6.320649 -29.229078 -31.770042
v -6.010928 -29.229078 -31.770042
v -6.010925 -29.196417 -31.802700
v -5.701207 -29.229078 -31.770042
v -5.701204 -29.196417 -31.802700
v -5.391486 -29.229078 -31.770042
v -5.391483 -29.196417 -31.802700
v -5.701206 -29.229078 -32.045555
v -5.701203 -29.196417 -32.012886
v -5.391483 -29.196417 -32.012886
v -5.391486 -29.229078 -32.045555
v -5.081761 -29.196417 -32.012886
v -5.081765 -29.229078 -32.045555
v -4.772041 -29.196417 -32.012886
v -4.772044 -29.229078 -32.045555
v -5.081762 -29.196417 -31.802700
v -5.081766 -29.229078 -31.770042
v -4.772043 -29.229078 -31.770042
v -4.772040 -29.196417 -31.802700
v -4.462323 -29.229078 -31.770042
v -4.462320 -29.196417 -31.802700
v -4.152601 -29.229078 -31.770042
v -4.152598 -29.196417 -31.802700
v -4.462322 -29.229078 -32.045555
v -4.462319 -29.196417 -32.012886
v -4.152598 -29.196417 -32.012886
v -4.152601 -29.229078 -32.045555
v -3.842877 -29.196417 -32.012886
v -3.842880 -29.229078 -32.045555
v -3.533157 -29.196417 -32.012886
v -3.533160 -29.229078 -32.045555
v -3.842877 -29.196417 -31.802700
v -3.842880 -29.229078 -31.770042
v -3.533160 -29.229078 -31.770042
v -3.533157 -29.196417 -31.802700
v -3.223439 -29.229078 -31.770042
v -3.223436 -29.196417 -31.802700
v -2.913718 -29.229078 -31.770042
v -2.913715 -29.196417 -31.802700
v -3.223439 -29.229078 -32.045555
v -3.223436 -29.196417 -32.012886
v -2.913715 -29.196417 -32.012886
v -2.913718 -29.229078 -32.045555
v -2.603994 -29.196417 -32.012886
v -2.603997 -29.229078 -32.045555
v -2.294273 -29.196417 -32.012886
v -2.294276 -29.229078 -32.045555
v -2.603994 -29.196417 -31.802700
v -2.603997 -29.229078 -31.770042
v -2.294276 -29.229078 -31.770042
v -2.294273 -29.196417 -31.802700
v -1.984556 -29.229078 -31.770042
v -1.984553 -29.196417 -31.802700
v -1.674836 -29.229078 -31.770042
v -1.674833 -29.196417 -31.802700
v -1.984556 -29.229078 -32.045555
v -1.984553 -29.196417 -32.012886
v -1.674832 -29.196417 -32.012886
v -1.674835 -29.229078 -32.045555
v -1.365111 -29.196417 -32.012886
v -1.365114 -29.229078 -32.045555
v -1.055392 -29.196417 -32.012886
v -1.055396 -29.229078 -32.045555
v -1.365111 -29.196417 -31.802700
v -1.365114 -29.229078 -31.770042
v -1.055393 -29.229078 -31.770042
v -1.055390 -29.196417 -31.802700
v -0.745675 -29.229078 -31.770042
v -0.745672 -29.196417 -31.802700
v -0.435930 -29.229078 -31.770042
v -0.435931 -29.196417 -31.802700
v -0.745682 -29.229078 -32.045555
v -0.745678 -29.196417 -32.012886
v -0.435957 -29.196417 -32.012886
v -0.435965 -29.229078 -32.045555
v -0.125663 -29.196417 -32.012886
v -0.126000 -29.229078 -32.045555
v -0.123182 -29.229078 -31.737381
v -0.090398 -29.196417 -31.802700
v -0.155845 -29.229078 -31.770042
v 0.168635 -29.229078 -32.012890
v 0.135972 -29.229078 -32.045555
v 0.135975 -29.196417 -32.012886
v 0.135975 -29.196417 -31.768284
v 0.168635 -29.229078 -31.768070
v 0.135975 -29.196417 -31.481421
v 0.168635 -29.229078 -31.481426
v 0.135975 -29.196417 -31.195992
v 0.168635 -29.229078 -31.196224
v -0.090393 -29.196417 -31.481411
v -0.123182 -29.229078 -31.481415
v -0.123182 -29.229078 -31.194191
v -0.090379 -29.196417 -31.194414
v -0.113158 -29.229078 -30.902576
v -0.080386 -29.196417 -30.904415
v -11.181999 -29.236502 -25.421677
v -11.181983 -29.203840 -25.389008
v -11.419144 -29.236502 -25.421677
v -11.451806 -29.236502 -25.389013
v -11.419140 -29.203840 -25.389008
v -11.451806 -29.236502 -25.106350
v -11.419140 -29.203840 -25.106363
v -11.451806 -29.236502 -24.822947
v -11.419144 -29.236502 -24.790285
v -11.419140 -29.203840 -24.822943
v -11.182064 -29.236502 -24.790285
v -11.182041 -29.203840 -24.822943
v -0.708068 -29.236502 -18.595562
v -0.708074 -29.203840 -18.562895
v -0.406907 -29.236502 -18.595562
v -0.406905 -29.203840 -18.562895
v -0.105761 -29.236502 -18.595562
v -0.105757 -29.203840 -18.562895
v 0.195391 -29.236502 -18.595562
v 0.195395 -29.203840 -18.562895
v 0.496543 -29.236502 -18.595562
v 0.496547 -29.203840 -18.562895
v 0.797694 -29.236502 -18.595562
v 0.797698 -29.203840 -18.562895
v 1.098846 -29.236502 -18.595562
v 1.098850 -29.203840 -18.562895
v 1.400001 -29.203840 -18.562895
v 1.399997 -29.236502 -18.595562
v 1.727124 -29.236504 -27.963963
v 1.727176 -29.203840 -27.931293
v 1.451541 -29.203840 -27.795094
v 1.451579 -29.236504 -27.762442
v 2.250822 -29.236502 -30.886774
v 2.218025 -29.236504 -30.919437
v 2.218165 -29.203840 -30.886768
v -0.034301 -29.229078 -27.782700
v -0.001656 -29.229725 -27.751116
v -0.001638 -29.197062 -27.783825
v -8.134256 -29.236502 -18.475548
v -8.137126 -29.203840 -18.508198
v -8.267038 -29.236502 -19.126522
v -8.266767 -29.203840 -19.093824
v -8.177476 -29.203840 -19.033272
v -8.144815 -29.236502 -19.024593
v 1.400001 -29.203840 -18.508205
v 1.399997 -29.236502 -18.475548
v 1.701162 -29.236502 -18.475548
v 1.701165 -29.203840 -18.508205
v 1.098850 -29.203840 -18.508205
v 1.098847 -29.236502 -18.475548
v 0.797698 -29.203840 -18.508205
v 0.797695 -29.236502 -18.475548
v 0.496547 -29.203840 -18.508205
v 0.496543 -29.236502 -18.475548
v 0.195395 -29.203840 -18.508205
v 0.195392 -29.236502 -18.475548
v -0.105758 -29.203840 -18.508205
v -0.105761 -29.236502 -18.475548
v -0.406906 -29.203840 -18.508205
v -0.406910 -29.236502 -18.475548
v -0.708089 -29.203840 -18.508205
v -0.708101 -29.236502 -18.475548
v -8.245218 -29.236502 -18.506727
v -8.211139 -29.236502 -18.474529
v -8.212658 -29.203840 -18.507195
v -7.809720 -29.236502 -18.475548
v -7.809759 -29.203840 -18.508198
v -7.500085 -29.236502 -18.475548
v -7.500102 -29.203840 -18.508200
v -7.190504 -29.236502 -18.475548
v -7.190504 -29.203840 -18.508202
v -6.880958 -29.236502 -18.475548
v -6.880955 -29.203840 -18.508202
v -6.571413 -29.236502 -18.475548
v -6.571409 -29.203840 -18.508202
v -6.261868 -29.236502 -18.475548
v -6.261864 -29.203840 -18.508204
v -5.952322 -29.236502 -18.475548
v -5.952319 -29.203840 -18.508204
v -5.642776 -29.236502 -18.475548
v -5.642774 -29.203840 -18.508204
v -5.333232 -29.236502 -18.475548
v -5.333229 -29.203840 -18.508204
v -5.023686 -29.236502 -18.475548
v -5.023683 -29.203840 -18.508204
v -4.714141 -29.236502 -18.475548
v -4.714138 -29.203840 -18.508204
v -4.404595 -29.236502 -18.475548
v -4.404593 -29.203840 -18.508204
v -4.095050 -29.236502 -18.475548
v -4.095047 -29.203840 -18.508204
v -3.785504 -29.236502 -18.475548
v -3.785501 -29.203840 -18.508205
v -3.475958 -29.236502 -18.475548
v -3.475955 -29.203840 -18.508205
v -3.166414 -29.236502 -18.475548
v -3.166410 -29.203840 -18.508205
v -2.856869 -29.236502 -18.475548
v -2.856865 -29.203840 -18.508205
v -2.547323 -29.236502 -18.475548
v -2.547320 -29.203840 -18.508205
v -2.237775 -29.236502 -18.475548
v -2.237773 -29.203840 -18.508205
v -1.928209 -29.236502 -18.475548
v -1.928225 -29.203840 -18.508205
v -1.618588 -29.236502 -18.475548
v -1.618715 -29.203840 -18.508205
v -1.309082 -29.236502 -18.475548
v -1.309699 -29.203840 -18.508205
v -1.009448 -29.203840 -18.508205
v -1.009470 -29.236502 -18.475548
v 2.003603 -29.236502 -18.475548
v 2.003607 -29.203840 -18.508205
v 2.220044 -29.236502 -18.474646
v 2.252706 -29.236502 -18.507172
v 2.220046 -29.203840 -18.507303
v -8.217263 -29.203840 -18.612930
v -8.250183 -29.236502 -18.620831
v -8.265896 -29.236502 -18.959187
v -8.232895 -29.203840 -18.949228
v -8.299110 -29.236502 -19.058060
v -8.266275 -29.236502 -19.024277
v -8.233720 -29.203840 -19.088459
v -8.388685 -29.203840 -19.093781
v -8.388118 -29.236502 -19.061119
v -10.607908 -29.236502 -19.151531
v -10.609024 -29.203840 -19.184427
v -10.887223 -29.236502 -19.154804
v -10.887218 -29.203840 -19.187677
v -10.919884 -29.236502 -19.187849
v -10.290718 -29.236502 -19.121262
v -10.287224 -29.203840 -19.153732
v -9.974615 -29.236502 -19.099602
v -9.971928 -29.203840 -19.132147
v -9.658191 -29.236502 -19.091866
v -9.657139 -29.203840 -19.124462
v -9.340395 -29.236502 -19.084118
v -9.339303 -29.203840 -19.116724
v -9.025329 -29.236502 -19.076427
v -9.024031 -29.203840 -19.109035
v -8.707472 -29.203840 -19.101336
v -8.708566 -29.236502 -19.068718
vn 0.2843 -0.9095 -0.3032
vn 0.3001 -0.9040 0.3046
vn 0.2845 -0.9084 -0.3064
vn -0.3015 -0.9045 0.3015
vn -0.3027 -0.9042 -0.3014
vn -0.3015 -0.9045 -0.3015
vn 0.3015 -0.9045 -0.3015
vn 0.5772 -0.5777 -0.5772
vn 0.3277 -0.8966 -0.2979
vn 0.3015 -0.9045 0.3015
vn 0.3031 -0.9112 -0.2788
vn 0.5772 -0.5777 0.5772
vn -0.3457 -0.8911 0.2941
vn -0.2849 -0.9045 -0.3173
vn -0.5774 -0.5772 -0.5775
vn 0.3018 -0.9043 0.3018
vn -0.5772 -0.5776 -0.5772
vn -0.3012 -0.9047 0.3012
vn 0.5774 -0.5773 -0.5773
vn -0.5774 -0.5773 -0.5774
vn -0.5773 -0.5774 0.5773
vn 0.5766 -0.5765 -0.5790
vn -0.5720 -0.5806 0.5794
vn -0.5639 -0.5708 0.5969
vn 0.5757 -0.5783 0.5781
vn -0.3102 -0.9016 0.3015
vn -0.5806 -0.5777 0.5738
vn 0.3186 0.8993 -0.2998
vn 0.3326 0.8958 0.2948
vn 0.3181 0.9005 -0.2965
vn -0.3015 0.9045 0.3015
vn -0.3027 0.9042 -0.3014
vn -0.3015 0.9045 -0.3015
vn 0.3015 0.9045 -0.3015
vn 0.5772 0.5777 -0.5772
vn 0.3277 0.8966 -0.2979
vn 0.3015 0.9045 0.3015
vn 0.3031 0.9112 -0.2788
vn -0.3015 0.9046 -0.3015
vn 0.5773 0.5775 0.5773
vn -0.3457 0.8911 0.2941
vn -0.2886 0.9117 -0.2926
vn 0.3016 0.9045 0.3016
vn -0.5773 0.5774 -0.5774
vn 0.3019 0.9043 0.3019
vn -0.5771 0.5778 -0.5771
vn -0.3012 0.9047 0.3012
vn 0.5773 0.5774 -0.5773
vn -0.5773 0.5775 -0.5773
vn -0.5774 0.5773 0.5774
vn 0.5765 0.5766 -0.5790
vn -0.5563 0.5881 0.5870
vn -0.5639 0.5707 0.5969
vn 0.5758 0.5781 0.5782
vn -0.3102 0.9016 0.3015
vn -0.5806 0.5776 0.5738
vn -0.0000 -0.7070 -0.7072
vn -0.0005 -0.7069 -0.7073
vn -0.0148 -0.7069 -0.7072
vn 0.7037 -0.7105 0.0007
vn 0.7071 -0.7071 -0.0000
vn 0.7052 -0.7090 -0.0004
vn 0.0219 -0.7054 0.7085
vn -0.0000 -0.7072 0.7070
vn -0.7071 -0.7071 -0.0000
vn 0.7071 -0.7071 -0.0002
vn 0.7071 -0.7071 -0.0004
vn 0.7071 -0.7071 0.0002
vn 0.7071 -0.7071 -0.0001
vn 0.7071 -0.7071 0.0001
vn 0.7071 -0.7072 -0.0008
vn 0.7071 -0.7072 0.0008
vn -0.0000 -0.7071 0.7071
vn 0.7071 -0.7071 0.0003
vn 0.7071 -0.7071 0.0010
vn 0.7071 -0.7071 0.0045
vn 0.7071 -0.7071 0.0026
vn 0.7071 -0.7071 -0.0027
vn 0.7069 -0.7072 -0.0096
vn 0.7071 -0.7072 0.0021
vn 0.7070 -0.7072 0.0009
vn 0.7071 -0.7072 0.0002
vn 0.7071 -0.7072 0.0001
vn -0.0000 -0.7071 -0.7072
vn -0.0000 -0.7074 -0.7068
vn 0.0310 -0.7068 -0.7067
vn 0.0317 -0.7069 -0.7066
vn 0.0544 -0.7071 -0.7050
vn 0.0672 -0.7072 -0.7038
vn -0.0000 -0.7072 0.7071
vn 0.7068 -0.7074 -0.0000
vn 0.7067 -0.7075 -0.0000
vn 0.7064 -0.7078 -0.0000
vn 0.7066 -0.7077 -0.0000
vn 0.7062 -0.7080 -0.0000
vn 0.7059 -0.7083 0.0017
vn -0.1132 -0.7086 0.6965
vn -0.0000 -0.7068 0.7074
vn 0.0366 -0.7058 -0.7074
vn 0.0043 -0.7068 -0.7074
vn -0.0000 -0.7068 -0.7074
vn 0.0002 -0.7069 -0.7073
vn -0.0000 -0.7069 0.7073
vn -0.0000 -0.7070 0.7073
vn 0.0162 -0.7068 -0.7072
vn 0.0069 -0.7069 -0.7073
vn 0.0001 -0.7070 -0.7073
vn 0.7071 -0.7072 -0.0000
vn 0.7070 -0.7072 -0.0000
vn 0.7070 -0.7072 0.0005
vn 0.7049 -0.7068 0.0590
vn 0.6938 -0.7112 0.1129
vn 0.6945 -0.7106 0.1130
vn 0.7173 -0.6955 0.0416
vn 0.7085 -0.7057 -0.0000
vn -0.7068 -0.7074 -0.0000
vn -0.7057 -0.7085 -0.0000
vn -0.7058 -0.7084 -0.0000
vn -0.7052 -0.7086 0.0243
vn -0.6896 -0.7020 0.1779
vn 0.7052 -0.7090 0.0005
vn -0.7087 -0.7054 -0.0166
vn -0.0031 -0.7070 -0.7072
vn -0.0025 -0.7070 -0.7072
vn 0.7071 -0.7071 -0.0007
vn 0.7071 -0.7071 -0.0015
vn 0.7071 -0.7071 -0.0029
vn -0.0002 -0.7070 -0.7072
vn -0.0006 -0.7070 -0.7072
vn -0.0169 -0.7051 -0.7089
vn -0.7069 -0.7073 0.0070
vn -0.7070 -0.7072 -0.0000
vn -0.7071 -0.7072 -0.0000
vn -0.7106 -0.7036 -0.0012
vn 0.0103 -0.7111 0.7030
vn 0.0035 -0.7109 0.7033
vn 0.0094 -0.7074 0.7067
vn -0.7042 -0.7100 0.0042
vn -0.0082 -0.7095 0.7046
vn -0.7077 -0.7058 0.0308
vn -0.0029 -0.7072 0.7070
vn -0.7081 -0.7054 0.0329
vn -0.0243 -0.7068 0.7070
vn -0.0168 -0.7070 0.7071
vn -0.0672 -0.7071 0.7039
vn -0.0483 -0.7070 0.7056
vn -0.0173 -0.7066 0.7074
vn -0.0172 -0.7067 0.7073
vn -0.0173 -0.7068 0.7072
vn -0.0172 -0.7069 0.7071
vn 0.7071 -0.0000 -0.7071
vn -0.7071 -0.0000 0.7071
vn 0.7259 -0.0002 0.6878
vn 0.7399 -0.0000 -0.6727
vn 0.7056 -0.0002 0.7086
vn -0.7071 0.0002 -0.7071
vn 0.7071 -0.0002 0.7071
vn -0.6868 -0.0001 0.7269
vn 0.7360 -0.0000 -0.6770
vn -0.7112 -0.0000 0.7030
vn -0.7171 -0.0000 0.6970
vn 0.7057 -0.0002 0.7086
vn 0.7400 -0.0000 -0.6727
vn 0.7069 -0.0000 -0.7073
vn -0.6850 0.0002 -0.7285
vn -0.7617 -0.0000 0.6479
vn -0.7086 0.0002 -0.7056
vn 0.7056 -0.0000 -0.7086
vn -0.6953 -0.0001 0.7187
vn -0.0000 0.7072 -0.7071
vn 0.0005 0.7073 -0.7069
vn 0.0148 0.7071 -0.7069
vn 0.7105 0.7037 -0.0007
vn 0.7071 0.7071 -0.0000
vn 0.7091 0.7051 0.0004
vn 0.0545 0.7082 0.7039
vn -0.0000 0.7071 0.7071
vn -0.7071 0.7071 -0.0000
vn 0.7071 0.7071 -0.0002
vn 0.7071 0.7071 -0.0004
vn 0.7071 0.7071 0.0002
vn 0.7071 0.7071 -0.0001
vn 0.7071 0.7071 0.0001
vn 0.7071 0.7071 -0.0008
vn 0.7072 0.7070 -0.0000
vn 0.7071 0.7071 0.0008
vn -0.0000 0.7070 0.7072
vn 0.7072 0.7071 0.0001
vn 0.7072 0.7071 0.0003
vn 0.7072 0.7070 0.0010
vn 0.7072 0.7070 0.0045
vn 0.7072 0.7070 0.0026
vn 0.7072 0.7071 -0.0027
vn 0.7070 0.7071 -0.0096
vn 0.7071 0.7071 0.0021
vn 0.7071 0.7071 0.0009
vn -0.0000 0.7072 -0.7070
vn -0.0000 0.7075 -0.7067
vn 0.0310 0.7069 -0.7066
vn 0.0317 0.7070 -0.7065
vn 0.0544 0.7072 -0.7049
vn 0.0672 0.7073 -0.7037
vn -0.0000 0.7071 0.7072
vn 0.7069 0.7074 -0.0000
vn 0.7069 0.7073 -0.0000
vn 0.7068 0.7074 -0.0000
vn 0.7067 0.7075 -0.0000
vn 0.7065 0.7077 -0.0000
vn 0.7066 0.7076 -0.0000
vn 0.7063 0.7079 -0.0000
vn 0.7060 0.7082 0.0017
vn -0.1132 0.7085 0.6966
vn -0.0000 0.7067 0.7076
vn 0.0378 0.7105 -0.7027
vn 0.0043 0.7069 -0.7073
vn -0.0000 0.7069 -0.7073
vn 0.0002 0.7070 -0.7072
vn -0.0000 0.7068 0.7074
vn -0.0000 0.7067 0.7075
vn 0.0162 0.7070 -0.7071
vn 0.0069 0.7070 -0.7072
vn 0.0001 0.7071 -0.7072
vn 0.7071 0.7071 0.0005
vn 0.7050 0.7068 0.0590
vn 0.6939 0.7111 0.1129
vn 0.6945 0.7105 0.1130
vn 0.7161 0.6958 0.0555
vn 0.7086 0.7057 -0.0000
vn -0.7067 0.7075 -0.0000
vn -0.7057 0.7085 -0.0000
vn -0.7058 0.7084 -0.0000
vn -0.7052 0.7086 0.0243
vn -0.6896 0.7020 0.1779
vn 0.7091 0.7052 -0.0005
vn -0.7069 0.7073 0.0042
vn -0.0031 0.7072 -0.7071
vn -0.0025 0.7072 -0.7071
vn 0.7071 0.7071 -0.0007
vn 0.7071 0.7071 -0.0015
vn 0.7072 0.7070 -0.0029
vn -0.0002 0.7071 -0.7071
vn -0.0006 0.7072 -0.7071
vn -0.0006 0.7071 -0.7071
vn -0.0005 0.7072 -0.7071
vn 0.0162 0.7089 -0.7051
vn -0.7069 0.7073 0.0070
vn -0.7069 0.7073 -0.0000
vn -0.7070 0.7073 -0.0000
vn -0.7070 0.7072 -0.0000
vn -0.7036 0.7106 0.0012
vn 0.0361 0.7036 0.7096
vn 0.0178 0.7032 0.7108
vn 0.0003 0.7068 0.7074
vn -0.0000 0.7070 0.7073
vn 0.0094 0.7073 0.7068
vn -0.7041 0.7101 0.0042
vn -0.0082 0.7094 0.7048
vn -0.7077 0.7059 0.0308
vn -0.0029 0.7071 0.7072
vn -0.7080 0.7054 0.0329
vn -0.0243 0.7067 0.7071
vn -0.0168 0.7068 0.7072
vn -0.0672 0.7070 0.7041
vn -0.0483 0.7069 0.7057
vn -0.0173 0.7065 0.7075
vn -0.0172 0.7066 0.7074
vn -0.0173 0.7067 0.7073
vn -0.0172 0.7068 0.7072
vn 0.7057 -0.0000 -0.7086
vn -0.0000 0.0002 -1.0000
vn -0.0000 -1.0000 -0.0000
vn -0.0035 0.0002 -1.0000
vn -0.0000 -0.0002 1.0000
vn -0.0004 -1.0000 -0.0005
vn 0.0002 -0.0002 1.0000
vn -0.0163 -0.9998 -0.0132
vn 0.0151 -0.0002 0.9999
vn -0.0056 -0.9999 -0.0143
vn 0.0023 -1.0000 0.0010
vn 1.0000 -0.0001 -0.0000
vn 0.0330 -0.0002 0.9995
vn -1.0000 0.0001 -0.0000
vn -1.0000 0.0001 0.0001
vn 0.0013 -1.0000 -0.0006
vn -1.0000 0.0001 0.0099
vn 0.0022 -1.0000 -0.0003
vn -0.0228 -0.9997 0.0001
vn 0.0540 -0.0002 0.9985
vn -0.9683 0.0001 0.2498
vn -0.0006 0.0002 -1.0000
vn 0.0009 -1.0000 0.0006
vn -0.0008 0.0002 -1.0000
vn -0.0003 0.0002 -1.0000
vn 1.0000 -0.0001 -0.0041
vn 1.0000 -0.0001 -0.0021
vn 1.0000 -0.0001 -0.0011
vn 1.0000 -0.0001 -0.0005
vn 1.0000 -0.0001 -0.0003
vn 1.0000 -0.0001 0.0003
vn 1.0000 -0.0001 0.0002
vn 1.0000 -0.0001 0.0001
vn 1.0000 -0.0001 -0.0001
vn -0.0043 0.0002 -1.0000
vn 1.0000 -0.0001 0.0011
vn 1.0000 -0.0001 0.0005
vn 1.0000 -0.0001 0.0014
vn 1.0000 -0.0001 0.0037
vn 1.0000 -0.0001 0.0064
vn 1.0000 -0.0001 -0.0038
vn 0.9999 -0.0001 -0.0136
vn 1.0000 -0.0001 0.0013
vn 1.0000 -0.0001 0.0029
vn 0.0439 0.0002 -0.9990
vn 0.0448 0.0002 -0.9990
vn 0.0770 0.0002 -0.9970
vn 0.0951 0.0002 -0.9955
vn 0.9965 -0.0001 0.0833
vn 1.0000 -0.0001 0.0024
vn 0.9870 -0.0001 0.1607
vn 0.0010 -1.0000 0.0010
vn -0.0009 -1.0000 0.0010
vn -0.1604 -0.0001 0.9871
vn 0.0527 0.0002 -0.9986
vn 0.0018 -0.9999 -0.0120
vn -1.0000 0.0001 -0.0088
vn 0.9870 -0.0001 0.1608
vn 0.0060 0.0002 -1.0000
vn 0.0003 0.0002 -1.0000
vn 0.0229 0.0002 -0.9997
vn 0.0097 0.0002 -1.0000
vn 0.0001 0.0002 -1.0000
vn 1.0000 -0.0001 0.0007
vn 0.9977 -0.0001 0.0677
vn -0.9994 0.0001 0.0344
vn 0.0132 -0.0002 0.9999
vn -0.9991 0.0001 0.0435
vn -0.0042 -0.0002 1.0000
vn -0.9989 0.0001 0.0464
vn -1.0000 0.0001 0.0058
vn -0.0343 -0.0002 0.9994
vn -0.0237 -0.0002 0.9997
vn -0.0950 -0.0002 0.9955
vn -0.0117 -0.0002 0.9999
vn -0.0684 -0.0002 0.9977
vn -0.0244 -0.0002 0.9997
vn -0.0243 -0.0002 0.9997
vn -0.0000 1.0000 -0.0000
vn 0.0004 1.0000 0.0005
vn 0.0163 0.9998 0.0132
vn 0.0056 0.9999 0.0143
vn -0.0023 1.0000 -0.0010
vn -0.0013 1.0000 0.0006
vn -0.0022 1.0000 0.0003
vn 0.0228 0.9997 -0.0001
vn -0.0009 1.0000 -0.0006
vn 0.0009 1.0000 -0.0010
vn -0.0010 1.0000 -0.0010
vn -0.0018 0.9999 0.0120
s 0
f 395//1 396//1 397//1
f 430//2 431//2 432//2
f 435//3 436//3 437//3
f 458//4 459//4 460//4
f 499//5 500//5 501//5
f 506//4 507//4 508//4
f 625//6 626//6 627//6
f 678//7 679//7 680//7
f 683//8 684//8 685//8
f 700//9 701//9 702//9
f 775//4 776//4 777//4
f 782//6 783//6 784//6
f 809//10 810//10 811//10
f 814//11 815//11 816//11
f 839//6 840//6 841//6
f 848//12 849//12 850//12
f 875//13 876//13 877//13
f 878//14 879//14 880//14
f 901//10 902//10 903//10
f 908//15 909//15 910//15
f 953//16 954//16 955//16
f 962//17 963//17 964//17
f 1069//18 1070//18 1071//18
f 1072//19 1073//19 1074//19
f 1089//20 1090//20 1091//20
f 1094//21 1095//21 1096//21
f 1119//22 1120//22 1121//22
f 1122//23 1123//23 1124//23
f 1149//24 1150//24 1151//24
f 1200//25 1201//25 1202//25
f 1207//26 1208//26 1209//26
f 1214//27 1215//27 1216//27
f 1307//28 1308//28 1309//28
f 1342//29 1343//29 1344//29
f 1347//30 1348//30 1349//30
f 1370//31 1371//31 1372//31
f 1411//32 1412//32 1413//32
f 1418//31 1419//31 1420//31
f 1537//33 1538//33 1539//33
f 1590//34 1591//34 1592//34
f 1595//35 1596//35 1597//35
f 1612//36 1613//36 1614//36
f 1687//31 1688//31 1689//31
f 1694//33 1695//33 1696//33
f 1721//37 1722//37 1723//37
f 1726//38 1727//38 1728//38
f 1751//39 1752//39 1753//39
f 1760//40 1761//40 1762//40
f 1787//41 1788//41 1789//41
f 1790//42 1791//42 1792//42
f 1813//43 1814//43 1815//43
f 1820//44 1821//44 1822//44
f 1865//45 1866//45 1867//45
f 1874//46 1875//46 1876//46
f 1981//47 1982//47 1983//47
f 1984//48 1985//48 1986//48
f 2001//49 2002//49 2003//49
f 2006//50 2007//50 2008//50
f 2031//51 2032//51 2033//51
f 2034//52 2035//52 2036//52
f 2061//53 2062//53 2063//53
f 2112//54 2113//54 2114//54
f 2119//55 2120//55 2121//55
f 2126//56 2127//56 2128//56
f 382//57 383//57 384//57 381//57
f 381//57 387//57 388//57 382//57
f 387//58 391//58 392//58 388//58
f 391//59 396//59 395//59 392//59
f 396//60 402//60 403//60 397//60
f 402//61 406//61 407//61 403//61
f 406//61 410//61 411//61 407//61
f 410//61 414//61 415//61 411//61
f 414//61 418//61 419//61 415//61
f 418//61 422//61 423//61 419//61
f 422//61 426//61 427//61 423//61
f 426//62 431//62 430//62 427//62
f 431//63 438//63 439//63 432//63
f 438//64 442//64 443//64 439//64
f 442//64 446//64 447//64 443//64
f 446//64 450//64 451//64 447//64
f 450//64 454//64 455//64 451//64
f 454//64 459//64 458//64 455//64
f 459//65 465//65 466//65 460//65
f 470//65 466//65 465//65 469//65
f 474//65 470//65 469//65 473//65
f 476//65 474//65 473//65 475//65
f 478//66 479//66 480//66 477//66
f 472//67 478//67 477//67 471//67
f 479//68 481//68 482//68 480//68
f 484//68 482//68 481//68 483//68
f 488//65 485//65 486//65 487//65
f 485//65 476//65 475//65 486//65
f 490//65 488//65 487//65 489//65
f 492//65 490//65 489//65 491//65
f 496//69 493//69 494//69 495//69
f 493//70 484//70 483//70 494//70
f 498//71 496//71 495//71 497//71
f 503//61 498//61 497//61 502//61
f 505//72 503//72 502//72 504//72
f 506//73 509//73 510//73 507//73
f 512//65 508//65 507//65 511//65
f 514//65 512//65 511//65 513//65
f 516//65 514//65 513//65 515//65
f 520//70 517//70 518//70 519//70
f 517//70 505//70 504//70 518//70
f 522//74 520//74 519//74 521//74
f 524//75 522//75 521//75 523//75
f 526//65 516//65 515//65 525//65
f 528//65 526//65 525//65 527//65
f 530//65 528//65 527//65 529//65
f 532//65 530//65 529//65 531//65
f 536//76 533//76 534//76 535//76
f 533//77 524//77 523//77 534//77
f 538//78 536//78 535//78 537//78
f 540//79 538//79 537//79 539//79
f 542//65 532//65 531//65 541//65
f 544//65 542//65 541//65 543//65
f 546//65 544//65 543//65 545//65
f 548//65 546//65 545//65 547//65
f 552//80 549//80 550//80 551//80
f 549//81 540//81 539//81 550//81
f 554//72 552//72 551//72 553//72
f 556//82 554//82 553//82 555//82
f 558//65 548//65 547//65 557//65
f 560//65 558//65 557//65 559//65
f 562//65 560//65 559//65 561//65
f 564//65 562//65 561//65 563//65
f 568//61 565//61 566//61 567//61
f 565//83 556//83 555//83 566//83
f 570//61 568//61 567//61 569//61
f 572//61 570//61 569//61 571//61
f 574//65 564//65 563//65 573//65
f 576//65 574//65 573//65 575//65
f 578//65 576//65 575//65 577//65
f 580//65 578//65 577//65 579//65
f 584//61 581//61 582//61 583//61
f 581//61 572//61 571//61 582//61
f 586//61 584//61 583//61 585//61
f 588//61 586//61 585//61 587//61
f 590//65 580//65 579//65 589//65
f 592//65 590//65 589//65 591//65
f 594//65 592//65 591//65 593//65
f 596//65 594//65 593//65 595//65
f 600//61 597//61 598//61 599//61
f 597//61 588//61 587//61 598//61
f 602//61 600//61 599//61 601//61
f 604//61 602//61 601//61 603//61
f 606//65 596//65 595//65 605//65
f 608//65 606//65 605//65 607//65
f 610//65 608//65 607//65 609//65
f 612//65 610//65 609//65 611//65
f 616//61 613//61 614//61 615//61
f 613//61 604//61 603//61 614//61
f 618//61 616//61 615//61 617//61
f 620//70 618//70 617//70 619//70
f 622//65 612//65 611//65 621//65
f 624//65 622//65 621//65 623//65
f 625//65 624//65 623//65 626//65
f 629//84 627//84 626//84 628//84
f 1202//61 630//61 631//61 1200//61
f 630//68 620//68 619//68 631//68
f 635//57 632//57 633//57 634//57
f 637//57 635//57 634//57 636//57
f 639//84 637//84 636//84 638//84
f 641//57 639//57 638//57 640//57
f 643//57 641//57 640//57 642//57
f 645//57 643//57 642//57 644//57
f 647//57 645//57 644//57 646//57
f 649//84 647//84 646//84 648//84
f 651//57 649//57 648//57 650//57
f 653//57 651//57 650//57 652//57
f 655//57 653//57 652//57 654//57
f 657//57 655//57 654//57 656//57
f 659//57 657//57 656//57 658//57
f 661//84 659//84 658//84 660//84
f 663//57 661//57 660//57 662//57
f 665//84 663//84 662//84 664//84
f 667//57 665//57 664//57 666//57
f 669//57 667//57 666//57 668//57
f 671//57 669//57 668//57 670//57
f 673//84 671//84 670//84 672//84
f 675//57 673//57 672//57 674//57
f 677//57 675//57 674//57 676//57
f 678//84 677//84 676//84 679//84
f 682//61 680//61 679//61 681//61
f 1130//61 684//61 683//61 1129//61
f 1128//85 685//85 684//85 1127//85
f 689//86 686//86 687//86 688//86
f 691//87 689//87 688//87 690//87
f 693//87 691//87 690//87 692//87
f 695//87 693//87 692//87 694//87
f 697//87 695//87 694//87 696//87
f 699//88 697//88 696//88 698//88
f 702//61 705//61 706//61 700//61
f 701//89 699//89 698//89 702//89
f 705//61 709//61 710//61 706//61
f 709//61 713//61 714//61 710//61
f 713//61 717//61 718//61 714//61
f 717//61 721//61 722//61 718//61
f 721//61 725//61 726//61 722//61
f 725//61 729//61 730//61 726//61
f 729//61 733//61 734//61 730//61
f 733//61 737//61 738//61 734//61
f 737//61 741//61 742//61 738//61
f 741//61 745//61 746//61 742//61
f 745//61 749//61 750//61 746//61
f 749//61 753//61 754//61 750//61
f 753//61 757//61 758//61 754//61
f 757//61 761//61 762//61 758//61
f 761//61 765//61 766//61 762//61
f 765//61 769//61 770//61 766//61
f 769//61 773//61 774//61 770//61
f 773//61 778//61 779//61 774//61
f 778//61 780//61 781//61 779//61
f 780//61 785//61 786//61 781//61
f 785//61 789//61 790//61 786//61
f 789//61 793//61 794//61 790//61
f 793//61 797//61 798//61 794//61
f 797//61 801//61 802//61 798//61
f 801//61 805//61 806//61 802//61
f 805//61 810//61 809//61 806//61
f 810//64 817//64 818//64 811//64
f 820//64 818//64 817//64 819//64
f 814//84 821//84 822//84 815//84
f 824//84 822//84 821//84 823//84
f 826//84 824//84 823//84 825//84
f 828//84 826//84 825//84 827//84
f 832//64 829//64 830//64 831//64
f 829//64 820//64 819//64 830//64
f 834//90 832//90 831//90 833//90
f 836//64 834//64 833//64 835//64
f 841//84 837//84 838//84 839//84
f 837//57 828//57 827//57 838//57
f 843//65 841//65 840//65 842//65
f 847//91 844//91 845//91 846//91
f 844//91 848//91 850//91 845//91
f 835//90 850//90 849//90 836//90
f 852//92 847//92 846//92 851//92
f 854//92 852//92 851//92 853//92
f 858//65 855//65 856//65 857//65
f 855//65 843//65 842//65 856//65
f 860//65 858//65 857//65 859//65
f 862//65 860//65 859//65 861//65
f 866//93 863//93 864//93 865//93
f 863//94 854//94 853//94 864//94
f 868//95 866//95 865//95 867//95
f 870//96 868//96 867//96 869//96
f 874//65 871//65 872//65 873//65
f 871//65 862//65 861//65 872//65
f 877//65 874//65 873//65 875//65
f 884//97 877//97 876//97 883//97
f 886//98 884//98 883//98 885//98
f 888//99 878//99 880//99 887//99
f 890//100 888//100 887//100 889//100
f 892//101 890//101 889//101 891//101
f 894//102 892//102 891//102 893//102
f 898//103 895//103 896//103 897//103
f 895//98 886//98 885//98 896//98
f 900//103 898//103 897//103 899//103
f 903//104 900//104 899//104 901//104
f 905//105 894//105 893//105 904//105
f 907//106 905//106 904//106 906//106
f 906//107 909//107 908//107 907//107
f 912//65 910//65 909//65 911//65
f 914//65 912//65 911//65 913//65
f 916//65 914//65 913//65 915//65
f 918//108 903//108 902//108 917//108
f 920//108 918//108 917//108 919//108
f 922//109 920//109 919//109 921//109
f 924//109 922//109 921//109 923//109
f 928//65 925//65 926//65 927//65
f 925//65 916//65 915//65 926//65
f 930//65 928//65 927//65 929//65
f 932//65 930//65 929//65 931//65
f 934//109 924//109 923//109 933//109
f 936//109 934//109 933//109 935//109
f 938//109 936//109 935//109 937//109
f 940//110 938//110 937//110 939//110
f 944//65 941//65 942//65 943//65
f 941//65 932//65 931//65 942//65
f 946//65 944//65 943//65 945//65
f 813//65 946//65 945//65 812//65
f 815//111 940//111 939//111 816//111
f 882//112 947//112 948//112 881//112
f 881//113 870//113 869//113 882//113
f 950//114 948//114 947//114 949//114
f 953//115 950//115 949//115 954//115
f 957//64 955//64 954//64 956//64
f 964//116 960//116 961//116 962//116
f 960//116 951//116 952//116 961//116
f 959//57 964//57 963//57 958//57
f 966//84 959//84 958//84 965//84
f 968//84 966//84 965//84 967//84
f 972//57 968//57 967//57 971//57
f 974//84 972//84 971//84 973//84
f 978//64 975//64 976//64 977//64
f 975//64 969//64 970//64 976//64
f 980//90 978//90 977//90 979//90
f 982//90 980//90 979//90 981//90
f 986//57 983//57 984//57 985//57
f 983//84 974//84 973//84 984//84
f 988//84 986//84 985//84 987//84
f 990//84 988//84 987//84 989//84
f 994//64 991//64 992//64 993//64
f 991//90 982//90 981//90 992//90
f 996//64 994//64 993//64 995//64
f 998//64 996//64 995//64 997//64
f 1002//84 999//84 1000//84 1001//84
f 999//84 990//84 989//84 1000//84
f 1004//57 1002//57 1001//57 1003//57
f 1006//57 1004//57 1003//57 1005//57
f 1010//64 1007//64 1008//64 1009//64
f 1007//64 998//64 997//64 1008//64
f 1012//64 1010//64 1009//64 1011//64
f 1014//90 1012//90 1011//90 1013//90
f 1018//57 1015//57 1016//57 1017//57
f 1015//84 1006//84 1005//84 1016//84
f 1020//84 1018//84 1017//84 1019//84
f 1022//57 1020//57 1019//57 1021//57
f 1026//64 1023//64 1024//64 1025//64
f 1023//64 1014//64 1013//64 1024//64
f 1028//64 1026//64 1025//64 1027//64
f 1030//64 1028//64 1027//64 1029//64
f 1034//57 1031//57 1032//57 1033//57
f 1031//84 1022//84 1021//84 1032//84
f 1036//57 1034//57 1033//57 1035//57
f 1038//57 1036//57 1035//57 1037//57
f 1042//64 1039//64 1040//64 1041//64
f 1039//64 1030//64 1029//64 1040//64
f 1044//64 1042//64 1041//64 1043//64
f 1046//64 1044//64 1043//64 1045//64
f 1050//84 1047//84 1048//84 1049//84
f 1047//84 1038//84 1037//84 1048//84
f 1052//57 1050//57 1049//57 1051//57
f 1054//84 1052//84 1051//84 1053//84
f 1058//64 1055//64 1056//64 1057//64
f 1055//64 1046//64 1045//64 1056//64
f 1060//64 1058//64 1057//64 1059//64
f 1062//64 1060//64 1059//64 1061//64
f 1066//84 1063//84 1064//84 1065//84
f 1063//84 1054//84 1053//84 1064//84
f 1068//84 1066//84 1065//84 1067//84
f 1074//84 1068//84 1067//84 1072//84
f 1076//61 1074//61 1073//61 1075//61
f 1078//61 1076//61 1075//61 1077//61
f 1080//61 1078//61 1077//61 1079//61
f 1084//117 1081//117 1082//117 1083//117
f 1081//118 1069//118 1071//118 1082//118
f 1086//119 1084//119 1083//119 1085//119
f 434//120 1086//120 1085//120 433//120
f 437//121 1080//121 1079//121 435//121
f 1070//90 1062//90 1061//90 1071//90
f 969//90 957//90 956//90 970//90
f 951//122 880//122 879//122 952//122
f 808//65 813//65 812//65 807//65
f 804//65 808//65 807//65 803//65
f 800//65 804//65 803//65 799//65
f 796//65 800//65 799//65 795//65
f 792//65 796//65 795//65 791//65
f 788//65 792//65 791//65 787//65
f 782//65 788//65 787//65 783//65
f 1088//57 784//57 783//57 1087//57
f 1087//57 1090//57 1089//57 1088//57
f 1093//65 1091//65 1090//65 1092//65
f 1092//65 1095//65 1094//65 1093//65
f 1098//90 1096//90 1095//90 1097//90
f 775//64 1098//64 1097//64 776//64
f 772//65 777//65 776//65 771//65
f 768//65 772//65 771//65 767//65
f 764//65 768//65 767//65 763//65
f 760//65 764//65 763//65 759//65
f 756//65 760//65 759//65 755//65
f 752//65 756//65 755//65 751//65
f 748//65 752//65 751//65 747//65
f 744//65 748//65 747//65 743//65
f 740//65 744//65 743//65 739//65
f 736//65 740//65 739//65 735//65
f 732//65 736//65 735//65 731//65
f 728//65 732//65 731//65 727//65
f 724//65 728//65 727//65 723//65
f 720//65 724//65 723//65 719//65
f 716//65 720//65 719//65 715//65
f 712//65 716//65 715//65 711//65
f 708//65 712//65 711//65 707//65
f 704//65 708//65 707//65 703//65
f 1214//65 704//65 703//65 1215//65
f 1112//84 1113//84 1114//84 1111//84
f 1113//84 629//84 628//84 1114//84
f 1110//84 1112//84 1111//84 1109//84
f 1108//84 1110//84 1109//84 1107//84
f 1106//84 1108//84 1107//84 1105//84
f 1104//84 1106//84 1105//84 1103//84
f 1102//84 1104//84 1103//84 1101//84
f 1100//57 1102//57 1101//57 1099//57
f 632//84 1100//84 1099//84 633//84
f 1118//73 510//73 509//73 1117//73
f 386//73 1118//73 1117//73 385//73
f 501//123 1115//123 1116//123 499//123
f 383//124 1116//124 1115//124 384//124
f 500//65 492//65 491//65 501//65
f 468//125 472//125 471//125 467//125
f 464//126 468//126 467//126 463//126
f 463//127 1120//127 1119//127 464//127
f 462//57 1121//57 1120//57 461//57
f 457//57 462//57 461//57 456//57
f 453//128 457//128 456//128 452//128
f 449//129 453//129 452//129 448//129
f 445//129 449//129 448//129 444//129
f 441//129 445//129 444//129 440//129
f 436//130 441//130 440//130 437//130
f 429//131 434//131 433//131 428//131
f 425//132 429//132 428//132 424//132
f 421//132 425//132 424//132 420//132
f 417//133 421//133 420//133 416//133
f 413//65 417//65 416//65 412//65
f 409//65 413//65 412//65 408//65
f 405//65 409//65 408//65 404//65
f 401//65 405//65 404//65 400//65
f 400//134 1123//134 1122//134 401//134
f 399//135 1124//135 1123//135 398//135
f 394//136 399//136 398//136 393//136
f 390//64 394//64 393//64 389//64
f 385//73 390//73 389//73 386//73
f 1151//137 1125//137 1126//137 1149//137
f 686//85 1128//85 1127//85 687//85
f 681//61 1130//61 1129//61 682//61
f 1206//138 1207//138 1209//138 1205//138
f 1213//139 1216//139 1215//139 1212//139
f 1132//64 1133//64 1134//64 1131//64
f 1136//90 1132//90 1131//90 1135//90
f 1133//90 1198//90 1199//90 1134//90
f 1138//64 1136//64 1135//64 1137//64
f 1140//64 1138//64 1137//64 1139//64
f 1142//64 1140//64 1139//64 1141//64
f 1144//64 1142//64 1141//64 1143//64
f 1146//64 1144//64 1143//64 1145//64
f 1148//90 1146//90 1145//90 1147//90
f 1197//64 1148//64 1147//64 1196//64
f 1204//140 1151//140 1150//140 1203//140
f 1125//73 1152//73 1153//73 1126//73
f 1152//73 1154//73 1155//73 1153//73
f 1154//73 1156//73 1157//73 1155//73
f 1156//73 1158//73 1159//73 1157//73
f 1158//73 1160//73 1161//73 1159//73
f 1160//73 1162//73 1163//73 1161//73
f 1162//73 1164//73 1165//73 1163//73
f 1164//73 1166//73 1167//73 1165//73
f 1166//64 1168//64 1169//64 1167//64
f 1168//90 1170//90 1171//90 1169//90
f 1170//90 1172//90 1173//90 1171//90
f 1172//90 1174//90 1175//90 1173//90
f 1174//90 1176//90 1177//90 1175//90
f 1176//90 1178//90 1179//90 1177//90
f 1178//64 1180//64 1181//64 1179//64
f 1180//90 1182//90 1183//90 1181//90
f 1182//64 1184//64 1185//64 1183//64
f 1184//64 1186//64 1187//64 1185//64
f 1186//90 1188//90 1189//90 1187//90
f 1188//90 1190//90 1191//90 1189//90
f 1190//64 1192//64 1193//64 1191//64
f 1192//90 1194//90 1195//90 1193//90
f 1194//64 1197//64 1196//64 1195//64
f 1198//141 1202//141 1201//141 1199//141
f 1205//142 1204//142 1203//142 1206//142
f 1211//143 1209//143 1208//143 1210//143
f 1228//144 1211//144 1210//144 1227//144
f 1212//145 1217//145 1218//145 1213//145
f 1217//146 1219//146 1220//146 1218//146
f 1219//147 1221//147 1222//147 1220//147
f 1221//148 1223//148 1224//148 1222//148
f 1223//149 1225//149 1226//149 1224//149
f 1225//150 1228//150 1227//150 1226//150
f 1984//151 1275//151 1276//151 1985//151
f 1236//152 1370//152 1372//152 1235//152
f 1232//153 1342//153 1344//153 1231//153
f 1612//154 1247//154 1248//154 1613//154
f 1230//151 1307//151 1309//151 1229//151
f 1246//151 1595//151 1597//151 1245//151
f 1244//151 1590//151 1592//151 1243//151
f 1288//155 2113//155 2112//155 1287//155
f 1874//156 1271//156 1272//156 1875//156
f 1270//157 1865//157 1867//157 1269//157
f 1286//158 2062//158 2061//158 1285//158
f 1728//159 1255//159 1256//159 1726//159
f 2128//160 1291//160 1292//160 2126//160
f 2119//161 1289//161 1290//161 2120//161
f 1289//161 1208//161 1207//161 1290//161
f 1291//160 1214//160 1216//160 1292//160
f 1255//159 814//159 816//159 1256//159
f 1149//158 1286//158 1285//158 1150//158
f 955//157 1270//157 1269//157 953//157
f 1271//156 963//156 962//156 1272//156
f 1200//162 1288//162 1287//162 1201//162
f 680//151 1244//151 1243//151 678//151
f 685//151 1246//151 1245//151 683//151
f 397//151 1230//151 1229//151 395//151
f 1247//163 701//163 700//163 1248//163
f 432//153 1232//153 1231//153 430//153
f 460//152 1236//152 1235//152 458//152
f 1275//151 1073//151 1072//151 1276//151
f 1274//152 1070//152 1069//152 1273//152
f 1234//164 436//164 435//164 1233//164
f 508//152 1239//152 1240//152 506//152
f 878//165 1263//165 1264//165 879//165
f 811//157 1253//157 1254//157 809//157
f 784//156 1251//156 1252//156 782//156
f 1091//156 1277//156 1278//156 1089//156
f 1096//152 1279//152 1280//152 1094//152
f 777//152 1249//152 1250//152 775//152
f 1258//156 840//156 839//156 1257//156
f 1260//157 849//157 848//157 1259//157
f 1262//166 876//166 875//166 1261//166
f 1238//167 500//167 499//167 1237//167
f 1266//157 902//157 901//157 1265//157
f 1121//168 1281//168 1282//168 1119//168
f 910//156 1267//156 1268//156 908//156
f 1124//169 1283//169 1284//169 1122//169
f 627//156 1241//156 1242//156 625//156
f 1294//170 1295//170 1296//170 1293//170
f 1293//170 1299//170 1300//170 1294//170
f 1299//171 1303//171 1304//171 1300//171
f 1303//172 1309//172 1308//172 1304//172
f 1307//173 1314//173 1315//173 1308//173
f 1314//174 1318//174 1319//174 1315//174
f 1318//174 1322//174 1323//174 1319//174
f 1322//174 1326//174 1327//174 1323//174
f 1326//174 1330//174 1331//174 1327//174
f 1330//174 1334//174 1335//174 1331//174
f 1334//174 1338//174 1339//174 1335//174
f 1338//175 1344//175 1343//175 1339//175
f 1342//176 1350//176 1351//176 1343//176
f 1350//177 1354//177 1355//177 1351//177
f 1354//177 1358//177 1359//177 1355//177
f 1358//177 1362//177 1363//177 1359//177
f 1362//177 1366//177 1367//177 1363//177
f 1366//177 1372//177 1371//177 1367//177
f 1370//178 1377//178 1378//178 1371//178
f 1382//178 1378//178 1377//178 1381//178
f 1386//178 1382//178 1381//178 1385//178
f 1388//178 1386//178 1385//178 1387//178
f 1390//179 1391//179 1392//179 1389//179
f 1384//180 1390//180 1389//180 1383//180
f 1391//181 1393//181 1394//181 1392//181
f 1396//181 1394//181 1393//181 1395//181
f 1400//178 1397//178 1398//178 1399//178
f 1397//178 1388//178 1387//178 1398//178
f 1402//178 1400//178 1399//178 1401//178
f 1404//178 1402//178 1401//178 1403//178
f 1408//182 1405//182 1406//182 1407//182
f 1405//183 1396//183 1395//183 1406//183
f 1410//184 1408//184 1407//184 1409//184
f 1415//185 1410//185 1409//185 1414//185
f 1417//186 1415//186 1414//186 1416//186
f 1420//187 1421//187 1422//187 1418//187
f 1424//178 1420//178 1419//178 1423//178
f 1426//178 1424//178 1423//178 1425//178
f 1428//178 1426//178 1425//178 1427//178
f 1432//188 1429//188 1430//188 1431//188
f 1429//183 1417//183 1416//183 1430//183
f 1434//189 1432//189 1431//189 1433//189
f 1436//190 1434//190 1433//190 1435//190
f 1438//178 1428//178 1427//178 1437//178
f 1440//178 1438//178 1437//178 1439//178
f 1442//178 1440//178 1439//178 1441//178
f 1444//178 1442//178 1441//178 1443//178
f 1448//191 1445//191 1446//191 1447//191
f 1445//192 1436//192 1435//192 1446//192
f 1450//193 1448//193 1447//193 1449//193
f 1452//194 1450//194 1449//194 1451//194
f 1454//178 1444//178 1443//178 1453//178
f 1456//178 1454//178 1453//178 1455//178
f 1458//178 1456//178 1455//178 1457//178
f 1460//178 1458//178 1457//178 1459//178
f 1464//195 1461//195 1462//195 1463//195
f 1461//196 1452//196 1451//196 1462//196
f 1466//186 1464//186 1463//186 1465//186
f 1468//181 1466//181 1465//181 1467//181
f 1470//178 1460//178 1459//178 1469//178
f 1472//178 1470//178 1469//178 1471//178
f 1474//178 1472//178 1471//178 1473//178
f 1476//178 1474//178 1473//178 1475//178
f 1480//174 1477//174 1478//174 1479//174
f 1477//183 1468//183 1467//183 1478//183
f 1482//174 1480//174 1479//174 1481//174
f 1484//174 1482//174 1481//174 1483//174
f 1486//178 1476//178 1475//178 1485//178
f 1488//178 1486//178 1485//178 1487//178
f 1490//178 1488//178 1487//178 1489//178
f 1492//178 1490//178 1489//178 1491//178
f 1496//174 1493//174 1494//174 1495//174
f 1493//174 1484//174 1483//174 1494//174
f 1498//174 1496//174 1495//174 1497//174
f 1500//174 1498//174 1497//174 1499//174
f 1502//178 1492//178 1491//178 1501//178
f 1504//178 1502//178 1501//178 1503//178
f 1506//178 1504//178 1503//178 1505//178
f 1508//178 1506//178 1505//178 1507//178
f 1512//174 1509//174 1510//174 1511//174
f 1509//174 1500//174 1499//174 1510//174
f 1514//174 1512//174 1511//174 1513//174
f 1516//174 1514//174 1513//174 1515//174
f 1518//178 1508//178 1507//178 1517//178
f 1520//178 1518//178 1517//178 1519//178
f 1522//178 1520//178 1519//178 1521//178
f 1524//178 1522//178 1521//178 1523//178
f 1528//174 1525//174 1526//174 1527//174
f 1525//174 1516//174 1515//174 1526//174
f 1530//174 1528//174 1527//174 1529//174
f 1532//183 1530//183 1529//183 1531//183
f 1534//178 1524//178 1523//178 1533//178
f 1536//178 1534//178 1533//178 1535//178
f 1539//178 1536//178 1535//178 1537//178
f 1541//170 1539//170 1538//170 1540//170
f 2113//174 1542//174 1543//174 2114//174
f 1542//181 1532//181 1531//181 1543//181
f 1547//197 1544//197 1545//197 1546//197
f 1549//170 1547//170 1546//170 1548//170
f 1551//170 1549//170 1548//170 1550//170
f 1553//197 1551//197 1550//197 1552//197
f 1555//197 1553//197 1552//197 1554//197
f 1557//197 1555//197 1554//197 1556//197
f 1559//197 1557//197 1556//197 1558//197
f 1561//170 1559//170 1558//170 1560//170
f 1563//170 1561//170 1560//170 1562//170
f 1565//197 1563//197 1562//197 1564//197
f 1567//197 1565//197 1564//197 1566//197
f 1569//197 1567//197 1566//197 1568//197
f 1571//197 1569//197 1568//197 1570//197
f 1573//170 1571//170 1570//170 1572//170
f 1575//197 1573//197 1572//197 1574//197
f 1577//170 1575//170 1574//170 1576//170
f 1579//197 1577//197 1576//197 1578//197
f 1581//197 1579//197 1578//197 1580//197
f 1583//197 1581//197 1580//197 1582//197
f 1585//197 1583//197 1582//197 1584//197
f 1587//170 1585//170 1584//170 1586//170
f 1589//197 1587//197 1586//197 1588//197
f 1591//197 1589//197 1588//197 1592//197
f 1594//174 1591//174 1590//174 1593//174
f 2042//174 1597//174 1596//174 2041//174
f 2040//198 1596//198 1595//198 2039//198
f 1601//199 1598//199 1599//199 1600//199
f 1603//200 1601//200 1600//200 1602//200
f 1605//200 1603//200 1602//200 1604//200
f 1607//200 1605//200 1604//200 1606//200
f 1609//200 1607//200 1606//200 1608//200
f 1611//201 1609//201 1608//201 1610//201
f 1613//174 1617//174 1618//174 1614//174
f 1614//202 1611//202 1610//202 1612//202
f 1617//174 1621//174 1622//174 1618//174
f 1621//174 1625//174 1626//174 1622//174
f 1625//174 1629//174 1630//174 1626//174
f 1629//174 1633//174 1634//174 1630//174
f 1633//174 1637//174 1638//174 1634//174
f 1637//174 1641//174 1642//174 1638//174
f 1641//174 1645//174 1646//174 1642//174
f 1645//174 1649//174 1650//174 1646//174
f 1649//174 1653//174 1654//174 1650//174
f 1653//174 1657//174 1658//174 1654//174
f 1657//174 1661//174 1662//174 1658//174
f 1661//174 1665//174 1666//174 1662//174
f 1665//174 1669//174 1670//174 1666//174
f 1669//174 1673//174 1674//174 1670//174
f 1673//174 1677//174 1678//174 1674//174
f 1677//174 1681//174 1682//174 1678//174
f 1681//174 1685//174 1686//174 1682//174
f 1685//174 1690//174 1691//174 1686//174
f 1690//174 1692//174 1693//174 1691//174
f 1692//174 1697//174 1698//174 1693//174
f 1697//174 1701//174 1702//174 1698//174
f 1701//174 1705//174 1706//174 1702//174
f 1705//174 1709//174 1710//174 1706//174
f 1709//174 1713//174 1714//174 1710//174
f 1713//174 1717//174 1718//174 1714//174
f 1717//174 1721//174 1723//174 1718//174
f 1722//187 1729//187 1730//187 1723//187
f 1732//187 1730//187 1729//187 1731//187
f 1727//170 1733//170 1734//170 1728//170
f 1736//170 1734//170 1733//170 1735//170
f 1738//197 1736//197 1735//197 1737//197
f 1740//197 1738//197 1737//197 1739//197
f 1744//187 1741//187 1742//187 1743//187
f 1741//203 1732//203 1731//203 1742//203
f 1746//203 1744//203 1743//203 1745//203
f 1748//203 1746//203 1745//203 1747//203
f 1751//170 1749//170 1750//170 1752//170
f 1749//170 1740//170 1739//170 1750//170
f 1755//178 1753//178 1752//178 1754//178
f 1759//204 1756//204 1757//204 1758//204
f 1756//205 1761//205 1760//205 1757//205
f 1747//187 1762//187 1761//187 1748//187
f 1764//206 1759//206 1758//206 1763//206
f 1766//207 1764//207 1763//207 1765//207
f 1770//178 1767//178 1768//178 1769//178
f 1767//178 1755//178 1754//178 1768//178
f 1772//178 1770//178 1769//178 1771//178
f 1774//178 1772//178 1771//178 1773//178
f 1778//208 1775//208 1776//208 1777//208
f 1775//209 1766//209 1765//209 1776//209
f 1780//210 1778//210 1777//210 1779//210
f 1782//211 1780//211 1779//211 1781//211
f 1786//178 1783//178 1784//178 1785//178
f 1783//178 1774//178 1773//178 1784//178
f 1787//178 1786//178 1785//178 1788//178
f 1796//212 1789//212 1788//212 1795//212
f 1798//213 1796//213 1795//213 1797//213
f 1800//214 1791//214 1790//214 1799//214
f 1802//215 1800//215 1799//215 1801//215
f 1804//216 1802//216 1801//216 1803//216
f 1806//217 1804//217 1803//217 1805//217
f 1810//218 1807//218 1808//218 1809//218
f 1807//219 1798//219 1797//219 1808//219
f 1812//218 1810//218 1809//218 1811//218
f 1813//218 1812//218 1811//218 1814//218
f 1817//220 1806//220 1805//220 1816//220
f 1819//221 1817//221 1816//221 1818//221
f 1818//222 1820//222 1822//222 1819//222
f 1824//178 1822//178 1821//178 1823//178
f 1826//178 1824//178 1823//178 1825//178
f 1828//178 1826//178 1825//178 1827//178
f 1830//174 1815//174 1814//174 1829//174
f 1832//174 1830//174 1829//174 1831//174
f 1834//174 1832//174 1831//174 1833//174
f 1836//174 1834//174 1833//174 1835//174
f 1840//178 1837//178 1838//178 1839//178
f 1837//178 1828//178 1827//178 1838//178
f 1842//178 1840//178 1839//178 1841//178
f 1844//178 1842//178 1841//178 1843//178
f 1846//174 1836//174 1835//174 1845//174
f 1848//174 1846//174 1845//174 1847//174
f 1850//174 1848//174 1847//174 1849//174
f 1852//223 1850//223 1849//223 1851//223
f 1856//178 1853//178 1854//178 1855//178
f 1853//178 1844//178 1843//178 1854//178
f 1858//178 1856//178 1855//178 1857//178
f 1725//178 1858//178 1857//178 1724//178
f 1726//224 1852//224 1851//224 1727//224
f 1794//225 1859//225 1860//225 1793//225
f 1793//226 1782//226 1781//226 1794//226
f 1862//227 1860//227 1859//227 1861//227
f 1866//228 1862//228 1861//228 1867//228
f 1869//187 1866//187 1865//187 1868//187
f 1875//229 1872//229 1873//229 1876//229
f 1872//229 1863//229 1864//229 1873//229
f 1871//197 1874//197 1876//197 1870//197
f 1878//170 1871//170 1870//170 1877//170
f 1880//197 1878//197 1877//197 1879//197
f 1884//170 1880//170 1879//170 1883//170
f 1886//197 1884//197 1883//197 1885//197
f 1890//187 1887//187 1888//187 1889//187
f 1887//203 1881//203 1882//203 1888//203
f 1892//203 1890//203 1889//203 1891//203
f 1894//187 1892//187 1891//187 1893//187
f 1898//197 1895//197 1896//197 1897//197
f 1895//197 1886//197 1885//197 1896//197
f 1900//170 1898//170 1897//170 1899//170
f 1902//197 1900//197 1899//197 1901//197
f 1906//203 1903//203 1904//203 1905//203
f 1903//187 1894//187 1893//187 1904//187
f 1908//203 1906//203 1905//203 1907//203
f 1910//187 1908//187 1907//187 1909//187
f 1914//197 1911//197 1912//197 1913//197
f 1911//197 1902//197 1901//197 1912//197
f 1916//170 1914//170 1913//170 1915//170
f 1918//170 1916//170 1915//170 1917//170
f 1922//203 1919//203 1920//203 1921//203
f 1919//203 1910//203 1909//203 1920//203
f 1924//187 1922//187 1921//187 1923//187
f 1926//203 1924//203 1923//203 1925//203
f 1930//197 1927//197 1928//197 1929//197
f 1927//197 1918//197 1917//197 1928//197
f 1932//197 1930//197 1929//197 1931//197
f 1934//197 1932//197 1931//197 1933//197
f 1938//187 1935//187 1936//187 1937//187
f 1935//187 1926//187 1925//187 1936//187
f 1940//187 1938//187 1937//187 1939//187
f 1942//187 1940//187 1939//187 1941//187
f 1946//197 1943//197 1944//197 1945//197
f 1943//197 1934//197 1933//197 1944//197
f 1948//197 1946//197 1945//197 1947//197
f 1950//197 1948//197 1947//197 1949//197
f 1954//203 1951//203 1952//203 1953//203
f 1951//187 1942//187 1941//187 1952//187
f 1956//203 1954//203 1953//203 1955//203
f 1958//187 1956//187 1955//187 1957//187
f 1962//197 1959//197 1960//197 1961//197
f 1959//197 1950//197 1949//197 1960//197
f 1964//197 1962//197 1961//197 1963//197
f 1966//197 1964//197 1963//197 1965//197
f 1970//203 1967//203 1968//203 1969//203
f 1967//203 1958//203 1957//203 1968//203
f 1972//203 1970//203 1969//203 1971//203
f 1974//187 1972//187 1971//187 1973//187
f 1978//170 1975//170 1976//170 1977//170
f 1975//170 1966//170 1965//170 1976//170
f 1980//197 1978//197 1977//197 1979//197
f 1985//170 1980//170 1979//170 1986//170
f 1988//174 1984//174 1986//174 1987//174
f 1990//174 1988//174 1987//174 1989//174
f 1992//174 1990//174 1989//174 1991//174
f 1996//230 1993//230 1994//230 1995//230
f 1993//231 1982//231 1981//231 1994//231
f 1998//232 1996//232 1995//232 1997//232
f 1346//233 1998//233 1997//233 1345//233
f 1347//234 1992//234 1991//234 1348//234
f 1982//203 1974//203 1973//203 1983//203
f 1881//203 1869//203 1868//203 1882//203
f 1863//235 1792//235 1791//235 1864//235
f 1720//178 1725//178 1724//178 1719//178
f 1716//178 1720//178 1719//178 1715//178
f 1712//178 1716//178 1715//178 1711//178
f 1708//178 1712//178 1711//178 1707//178
f 1704//178 1708//178 1707//178 1703//178
f 1700//178 1704//178 1703//178 1699//178
f 1696//178 1700//178 1699//178 1694//178
f 2000//170 1696//170 1695//170 1999//170
f 1999//170 2001//170 2003//170 2000//170
f 2005//178 2003//178 2002//178 2004//178
f 2004//178 2006//178 2008//178 2005//178
f 2010//187 2008//187 2007//187 2009//187
f 1689//187 2010//187 2009//187 1687//187
f 1684//178 1689//178 1688//178 1683//178
f 1680//178 1684//178 1683//178 1679//178
f 1676//178 1680//178 1679//178 1675//178
f 1672//178 1676//178 1675//178 1671//178
f 1668//178 1672//178 1671//178 1667//178
f 1664//178 1668//178 1667//178 1663//178
f 1660//178 1664//178 1663//178 1659//178
f 1656//178 1660//178 1659//178 1655//178
f 1652//178 1656//178 1655//178 1651//178
f 1648//178 1652//178 1651//178 1647//178
f 1644//178 1648//178 1647//178 1643//178
f 1640//178 1644//178 1643//178 1639//178
f 1636//178 1640//178 1639//178 1635//178
f 1632//178 1636//178 1635//178 1631//178
f 1628//178 1632//178 1631//178 1627//178
f 1624//178 1628//178 1627//178 1623//178
f 1620//178 1624//178 1623//178 1619//178
f 1616//178 1620//178 1619//178 1615//178
f 2127//178 1616//178 1615//178 2128//178
f 2024//197 2025//197 2026//197 2023//197
f 2025//197 1541//197 1540//197 2026//197
f 2022//197 2024//197 2023//197 2021//197
f 2020//197 2022//197 2021//197 2019//197
f 2018//197 2020//197 2019//197 2017//197
f 2016//197 2018//197 2017//197 2015//197
f 2014//170 2016//170 2015//170 2013//170
f 2012//170 2014//170 2013//170 2011//170
f 1544//197 2012//197 2011//197 1545//197
f 2030//187 1422//187 1421//187 2029//187
f 1298//187 2030//187 2029//187 1297//187
f 1411//236 2027//236 2028//236 1412//236
f 1295//237 2028//237 2027//237 1296//237
f 1412//178 1404//178 1403//178 1413//178
f 1380//238 1384//238 1383//238 1379//238
f 1376//239 1380//239 1379//239 1375//239
f 1375//240 2031//240 2033//240 1376//240
f 1374//170 2033//170 2032//170 1373//170
f 1369//170 1374//170 1373//170 1368//170
f 1365//241 1369//241 1368//241 1364//241
f 1361//242 1365//242 1364//242 1360//242
f 1357//243 1361//243 1360//243 1356//243
f 1353//244 1357//244 1356//244 1352//244
f 1348//245 1353//245 1352//245 1349//245
f 1341//246 1346//246 1345//246 1340//246
f 1337//247 1341//247 1340//247 1336//247
f 1333//248 1337//248 1336//248 1332//248
f 1329//249 1333//249 1332//249 1328//249
f 1325//249 1329//249 1328//249 1324//249
f 1321//249 1325//249 1324//249 1320//249
f 1317//249 1321//249 1320//249 1316//249
f 1313//249 1317//249 1316//249 1312//249
f 1312//250 2034//250 2036//250 1313//250
f 1311//251 2036//251 2035//251 1310//251
f 1306//252 1311//252 1310//252 1305//252
f 1302//253 1306//253 1305//253 1301//253
f 1297//254 1302//254 1301//254 1298//254
f 2062//255 2037//255 2038//255 2063//255
f 1598//198 2040//198 2039//198 1599//198
f 1593//174 2042//174 2041//174 1594//174
f 2118//256 2121//256 2120//256 2117//256
f 2125//257 2127//257 2126//257 2124//257
f 2044//203 2045//203 2046//203 2043//203
f 2048//187 2044//187 2043//187 2047//187
f 2045//187 2110//187 2111//187 2046//187
f 2050//203 2048//203 2047//203 2049//203
f 2052//203 2050//203 2049//203 2051//203
f 2054//203 2052//203 2051//203 2053//203
f 2056//187 2054//187 2053//187 2055//187
f 2058//187 2056//187 2055//187 2057//187
f 2060//187 2058//187 2057//187 2059//187
f 2109//203 2060//203 2059//203 2108//203
f 2116//258 2061//258 2063//258 2115//258
f 2037//187 2064//187 2065//187 2038//187
f 2064//187 2066//187 2067//187 2065//187
f 2066//187 2068//187 2069//187 2067//187
f 2068//187 2070//187 2071//187 2069//187
f 2070//187 2072//187 2073//187 2071//187
f 2072//187 2074//187 2075//187 2073//187
f 2074//187 2076//187 2077//187 2075//187
f 2076//187 2078//187 2079//187 2077//187
f 2078//187 2080//187 2081//187 2079//187
f 2080//187 2082//187 2083//187 2081//187
f 2082//187 2084//187 2085//187 2083//187
f 2084//187 2086//187 2087//187 2085//187
f 2086//187 2088//187 2089//187 2087//187
f 2088//187 2090//187 2091//187 2089//187
f 2090//187 2092//187 2093//187 2091//187
f 2092//187 2094//187 2095//187 2093//187
f 2094//187 2096//187 2097//187 2095//187
f 2096//187 2098//187 2099//187 2097//187
f 2098//203 2100//203 2101//203 2099//203
f 2100//187 2102//187 2103//187 2101//187
f 2102//203 2104//203 2105//203 2103//203
f 2104//203 2106//203 2107//203 2105//203
f 2106//187 2109//187 2108//187 2107//187
f 2110//259 2112//259 2114//259 2111//259
f 2117//260 2116//260 2115//260 2118//260
f 2123//261 2119//261 2121//261 2122//261
f 2140//262 2123//262 2122//262 2139//262
f 2124//263 2129//263 2130//263 2125//263
f 2129//264 2131//264 2132//264 2130//264
f 2131//265 2133//265 2134//265 2132//265
f 2133//266 2135//266 2136//266 2134//266
f 2135//267 2137//267 2138//267 2136//267
f 2137//268 2140//268 2139//268 2138//268
f 1983//152 1274//152 1273//152 1981//152
f 1349//164 1234//164 1233//164 1347//164
f 1239//152 1419//152 1418//152 1240//152
f 1263//165 1790//165 1792//165 1264//165
f 1253//157 1722//157 1721//157 1254//157
f 1251//156 1695//156 1694//156 1252//156
f 1277//156 2002//156 2001//156 1278//156
f 1279//152 2007//152 2006//152 1280//152
f 1249//152 1688//152 1687//152 1250//152
f 1753//156 1258//156 1257//156 1751//156
f 1762//157 1260//157 1259//157 1760//157
f 1789//166 1262//166 1261//166 1787//166
f 1413//167 1238//167 1237//167 1411//167
f 1815//157 1266//157 1265//157 1813//157
f 1281//269 2032//269 2031//269 1282//269
f 1267//156 1821//156 1820//156 1268//156
f 1283//169 2035//169 2034//169 1284//169
f 1241//156 1538//156 1537//156 1242//156
f 383//270 382//270 3//270 4//270
f 381//271 384//271 1118//271 386//271
f 381//271 386//271 389//271 387//271
f 382//270 388//270 6//270 3//270
f 510//271 1118//271 384//271 1115//271
f 1116//272 383//272 4//272 331//272
f 390//273 385//273 5//273 7//273
f 385//273 1117//273 332//273 5//273
f 389//274 393//274 391//274 387//274
f 388//270 392//270 8//270 6//270
f 394//275 390//275 7//275 9//275
f 393//276 398//276 396//276 391//276
f 392//270 395//270 1229//270 8//270
f 399//277 394//277 9//277 10//277
f 398//278 1123//278 400//278 396//278
f 400//279 404//279 402//279 396//279
f 397//280 403//280 12//280 1230//280
f 1124//281 399//281 10//281 1283//281
f 401//282 1122//282 1284//282 11//282
f 405//282 401//282 11//282 13//282
f 404//271 408//271 406//271 402//271
f 403//280 407//280 14//280 12//280
f 409//282 405//282 13//282 15//282
f 408//271 412//271 410//271 406//271
f 407//280 411//280 16//280 14//280
f 413//282 409//282 15//282 17//282
f 412//271 416//271 414//271 410//271
f 411//280 415//280 18//280 16//280
f 417//282 413//282 17//282 19//282
f 416//271 420//271 418//271 414//271
f 415//280 419//280 20//280 18//280
f 421//282 417//282 19//282 21//282
f 420//271 424//271 422//271 418//271
f 419//280 423//280 22//280 20//280
f 425//282 421//282 21//282 23//282
f 424//271 428//271 426//271 422//271
f 423//280 427//280 24//280 22//280
f 429//283 425//283 23//283 25//283
f 428//284 433//284 431//284 426//284
f 427//280 430//280 1231//280 24//280
f 434//285 429//285 25//285 26//285
f 433//286 1085//286 437//286 431//286
f 437//287 440//287 438//287 431//287
f 432//288 439//288 27//288 1232//288
f 1086//289 434//289 26//289 319//289
f 441//290 436//290 1234//290 28//290
f 1085//291 1083//291 1080//291 437//291
f 435//280 1079//280 316//280 1233//280
f 440//271 444//271 442//271 438//271
f 439//273 443//273 29//273 27//273
f 445//292 441//292 28//292 30//292
f 444//271 448//271 446//271 442//271
f 443//273 447//273 31//273 29//273
f 449//292 445//292 30//292 32//292
f 448//271 452//271 450//271 446//271
f 447//273 451//273 33//273 31//273
f 453//292 449//292 32//292 34//292
f 452//271 456//271 454//271 450//271
f 451//273 455//273 35//273 33//273
f 457//293 453//293 34//293 36//293
f 456//271 461//271 459//271 454//271
f 455//273 458//273 1235//273 35//273
f 462//270 457//270 36//270 37//270
f 461//271 1120//271 463//271 459//271
f 465//271 459//271 463//271 467//271
f 460//282 466//282 39//282 1236//282
f 1121//270 462//270 37//270 1281//270
f 464//294 1119//294 1282//294 38//294
f 468//295 464//295 38//295 40//295
f 469//271 465//271 467//271 471//271
f 466//282 470//282 41//282 39//282
f 472//296 468//296 40//296 42//296
f 473//271 469//271 471//271 477//271
f 470//282 474//282 43//282 41//282
f 478//297 472//297 42//297 45//297
f 474//282 476//282 44//282 43//282
f 475//271 473//271 477//271 480//271
f 486//271 475//271 480//271 482//271
f 476//282 485//282 49//282 44//282
f 479//298 478//298 45//298 46//298
f 481//299 479//299 46//299 47//299
f 487//271 486//271 482//271 484//271
f 483//300 481//300 47//300 48//300
f 489//271 487//271 484//271 493//271
f 494//301 483//301 48//301 53//301
f 485//282 488//282 50//282 49//282
f 488//282 490//282 51//282 50//282
f 490//282 492//282 52//282 51//282
f 491//271 489//271 493//271 496//271
f 501//271 491//271 496//271 498//271
f 492//282 500//282 1238//282 52//282
f 495//302 494//302 53//302 54//302
f 497//296 495//296 54//296 55//296
f 507//271 501//271 498//271 503//271
f 502//280 497//280 55//280 56//280
f 507//271 510//271 1115//271 501//271
f 499//303 1116//303 331//303 1237//303
f 511//271 507//271 503//271 505//271
f 504//304 502//304 56//304 57//304
f 513//271 511//271 505//271 517//271
f 518//300 504//300 57//300 62//300
f 508//282 512//282 59//282 1239//282
f 509//273 506//273 1240//273 58//273
f 1117//273 509//273 58//273 332//273
f 512//282 514//282 60//282 59//282
f 514//282 516//282 61//282 60//282
f 515//271 513//271 517//271 520//271
f 525//271 515//271 520//271 522//271
f 516//282 526//282 66//282 61//282
f 519//300 518//300 62//300 63//300
f 521//305 519//305 63//305 64//305
f 527//271 525//271 522//271 524//271
f 523//306 521//306 64//306 65//306
f 529//271 527//271 524//271 533//271
f 534//307 523//307 65//307 70//307
f 526//282 528//282 67//282 66//282
f 528//282 530//282 68//282 67//282
f 530//282 532//282 69//282 68//282
f 531//271 529//271 533//271 536//271
f 541//271 531//271 536//271 538//271
f 532//282 542//282 74//282 69//282
f 535//308 534//308 70//308 71//308
f 537//309 535//309 71//309 72//309
f 543//271 541//271 538//271 540//271
f 539//310 537//310 72//310 73//310
f 545//271 543//271 540//271 549//271
f 550//311 539//311 73//311 78//311
f 542//282 544//282 75//282 74//282
f 544//282 546//282 76//282 75//282
f 546//282 548//282 77//282 76//282
f 547//271 545//271 549//271 552//271
f 557//271 547//271 552//271 554//271
f 548//282 558//282 82//282 77//282
f 551//312 550//312 78//312 79//312
f 553//304 551//304 79//304 80//304
f 559//271 557//271 554//271 556//271
f 555//299 553//299 80//299 81//299
f 561//271 559//271 556//271 565//271
f 566//301 555//301 81//301 86//301
f 558//282 560//282 83//282 82//282
f 560//282 562//282 84//282 83//282
f 562//282 564//282 85//282 84//282
f 563//271 561//271 565//271 568//271
f 573//271 563//271 568//271 570//271
f 564//282 574//282 90//282 85//282
f 567//280 566//280 86//280 87//280
f 569//280 567//280 87//280 88//280
f 575//271 573//271 570//271 572//271
f 571//280 569//280 88//280 89//280
f 577//271 575//271 572//271 581//271
f 582//280 571//280 89//280 94//280
f 574//282 576//282 91//282 90//282
f 576//282 578//282 92//282 91//282
f 578//282 580//282 93//282 92//282
f 579//271 577//271 581//271 584//271
f 589//271 579//271 584//271 586//271
f 580//282 590//282 98//282 93//282
f 583//280 582//280 94//280 95//280
f 585//280 583//280 95//280 96//280
f 591//271 589//271 586//271 588//271
f 587//280 585//280 96//280 97//280
f 593//271 591//271 588//271 597//271
f 598//280 587//280 97//280 102//280
f 590//282 592//282 99//282 98//282
f 592//282 594//282 100//282 99//282
f 594//282 596//282 101//282 100//282
f 595//271 593//271 597//271 600//271
f 605//271 595//271 600//271 602//271
f 596//282 606//282 106//282 101//282
f 599//280 598//280 102//280 103//280
f 601//280 599//280 103//280 104//280
f 607//271 605//271 602//271 604//271
f 603//280 601//280 104//280 105//280
f 609//271 607//271 604//271 613//271
f 614//280 603//280 105//280 110//280
f 606//282 608//282 107//282 106//282
f 608//282 610//282 108//282 107//282
f 610//282 612//282 109//282 108//282
f 611//271 609//271 613//271 616//271
f 621//271 611//271 616//271 618//271
f 612//282 622//282 114//282 109//282
f 615//280 614//280 110//280 111//280
f 617//301 615//301 111//301 112//301
f 623//271 621//271 618//271 620//271
f 619//300 617//300 112//300 113//300
f 630//271 626//271 623//271 620//271
f 631//299 619//299 113//299 117//299
f 622//282 624//282 115//282 114//282
f 624//282 625//282 1242//282 115//282
f 627//270 629//270 116//270 1241//270
f 628//271 626//271 1198//271 1133//271
f 626//271 630//271 1202//271 1198//271
f 1114//271 628//271 1133//271 1132//271
f 629//270 1113//270 330//270 116//270
f 1200//280 631//280 117//280 1288//280
f 633//271 1099//271 1148//271 1197//271
f 1100//270 632//270 118//270 323//270
f 634//271 633//271 1197//271 1194//271
f 632//270 635//270 119//270 118//270
f 635//270 637//270 120//270 119//270
f 636//271 634//271 1194//271 1192//271
f 637//270 639//270 121//270 120//270
f 638//271 636//271 1192//271 1190//271
f 639//270 641//270 122//270 121//270
f 640//271 638//271 1190//271 1188//271
f 642//271 640//271 1188//271 1186//271
f 641//270 643//270 123//270 122//270
f 643//270 645//270 124//270 123//270
f 644//271 642//271 1186//271 1184//271
f 645//270 647//270 125//270 124//270
f 646//271 644//271 1184//271 1182//271
f 647//270 649//270 126//270 125//270
f 648//271 646//271 1182//271 1180//271
f 650//271 648//271 1180//271 1178//271
f 649//270 651//270 127//270 126//270
f 651//270 653//270 128//270 127//270
f 652//271 650//271 1178//271 1176//271
f 653//270 655//270 129//270 128//270
f 654//271 652//271 1176//271 1174//271
f 655//270 657//270 130//270 129//270
f 656//271 654//271 1174//271 1172//271
f 658//271 656//271 1172//271 1170//271
f 657//270 659//270 131//270 130//270
f 659//270 661//270 132//270 131//270
f 660//271 658//271 1170//271 1168//271
f 661//270 663//270 133//270 132//270
f 662//271 660//271 1168//271 1166//271
f 663//270 665//270 134//270 133//270
f 664//271 662//271 1166//271 1164//271
f 666//271 664//271 1164//271 1162//271
f 665//270 667//270 135//270 134//270
f 667//270 669//270 136//270 135//270
f 668//271 666//271 1162//271 1160//271
f 669//270 671//270 137//270 136//270
f 670//271 668//271 1160//271 1158//271
f 671//270 673//270 138//270 137//270
f 672//271 670//271 1158//271 1156//271
f 674//271 672//271 1156//271 1154//271
f 673//270 675//270 139//270 138//270
f 675//270 677//270 140//270 139//270
f 676//271 674//271 1154//271 1152//271
f 677//270 678//270 1243//270 140//270
f 679//271 676//271 1152//271 1125//271
f 681//271 679//271 1204//271 1205//271
f 680//280 682//280 141//280 1244//280
f 679//271 1125//271 1151//271 1204//271
f 1209//271 1130//271 681//271 1205//271
f 682//280 1129//280 335//280 141//280
f 1129//280 683//280 1245//280 335//280
f 1127//271 684//271 1130//271 1209//271
f 685//270 1128//270 334//270 1246//270
f 686//313 689//313 143//313 142//313
f 688//271 687//271 1211//271 1228//271
f 687//271 1127//271 1209//271 1211//271
f 1128//270 686//270 142//270 334//270
f 689//314 691//314 144//314 143//314
f 690//271 688//271 1228//271 1225//271
f 692//271 690//271 1225//271 1223//271
f 691//314 693//314 145//314 144//314
f 693//314 695//314 146//314 145//314
f 694//271 692//271 1223//271 1221//271
f 695//314 697//314 147//314 146//314
f 696//271 694//271 1221//271 1219//271
f 697//315 699//315 148//315 147//315
f 698//271 696//271 1219//271 1217//271
f 702//271 698//271 1217//271 1212//271
f 699//316 701//316 1247//316 148//316
f 1215//271 703//271 702//271 1212//271
f 703//271 707//271 705//271 702//271
f 700//280 706//280 150//280 1248//280
f 704//282 1214//282 1291//282 149//282
f 708//282 704//282 149//282 151//282
f 707//271 711//271 709//271 705//271
f 706//280 710//280 152//280 150//280
f 712//282 708//282 151//282 153//282
f 711//271 715//271 713//271 709//271
f 710//280 714//280 154//280 152//280
f 716//282 712//282 153//282 155//282
f 715//271 719//271 717//271 713//271
f 714//280 718//280 156//280 154//280
f 720//282 716//282 155//282 157//282
f 719//271 723//271 721//271 717//271
f 718//280 722//280 158//280 156//280
f 724//282 720//282 157//282 159//282
f 723//271 727//271 725//271 721//271
f 722//280 726//280 160//280 158//280
f 728//282 724//282 159//282 161//282
f 727//271 731//271 729//271 725//271
f 726//280 730//280 162//280 160//280
f 732//282 728//282 161//282 163//282
f 731//271 735//271 733//271 729//271
f 730//280 734//280 164//280 162//280
f 736//282 732//282 163//282 165//282
f 735//271 739//271 737//271 733//271
f 734//280 738//280 166//280 164//280
f 740//282 736//282 165//282 167//282
f 739//271 743//271 741//271 737//271
f 738//280 742//280 168//280 166//280
f 744//282 740//282 167//282 169//282
f 743//271 747//271 745//271 741//271
f 742//280 746//280 170//280 168//280
f 748//282 744//282 169//282 171//282
f 747//271 751//271 749//271 745//271
f 746//280 750//280 172//280 170//280
f 752//282 748//282 171//282 173//282
f 751//271 755//271 753//271 749//271
f 750//280 754//280 174//280 172//280
f 756//282 752//282 173//282 175//282
f 755//271 759//271 757//271 753//271
f 754//280 758//280 176//280 174//280
f 760//282 756//282 175//282 177//282
f 759//271 763//271 761//271 757//271
f 758//280 762//280 178//280 176//280
f 764//282 760//282 177//282 179//282
f 763//271 767//271 765//271 761//271
f 762//280 766//280 180//280 178//280
f 768//282 764//282 179//282 181//282
f 767//271 771//271 769//271 765//271
f 766//280 770//280 182//280 180//280
f 772//282 768//282 181//282 183//282
f 771//271 776//271 773//271 769//271
f 770//280 774//280 184//280 182//280
f 777//282 772//282 183//282 1249//282
f 776//271 1//271 778//271 773//271
f 774//280 779//280 185//280 184//280
f 1098//273 775//273 1250//273 322//273
f 776//271 1097//271 2//271 1//271
f 783//271 780//271 778//271 1//271
f 779//280 781//280 186//280 185//280
f 780//271 783//271 787//271 785//271
f 781//280 786//280 187//280 186//280
f 1087//271 783//271 1//271 2//271
f 784//270 1088//270 320//270 1251//270
f 788//282 782//282 1252//282 188//282
f 787//271 791//271 789//271 785//271
f 786//280 790//280 189//280 187//280
f 792//282 788//282 188//282 190//282
f 791//271 795//271 793//271 789//271
f 790//280 794//280 191//280 189//280
f 796//282 792//282 190//282 192//282
f 795//271 799//271 797//271 793//271
f 794//280 798//280 193//280 191//280
f 800//282 796//282 192//282 194//282
f 799//271 803//271 801//271 797//271
f 798//280 802//280 195//280 193//280
f 804//282 800//282 194//282 196//282
f 803//271 807//271 805//271 801//271
f 802//280 806//280 197//280 195//280
f 808//282 804//282 196//282 198//282
f 807//271 812//271 810//271 805//271
f 806//280 809//280 1254//280 197//280
f 813//282 808//282 198//282 199//282
f 812//271 945//271 815//271 810//271
f 817//271 810//271 815//271 822//271
f 811//273 818//273 200//273 1253//273
f 946//282 813//282 199//282 255//282
f 945//271 943//271 940//271 815//271
f 816//317 939//317 252//317 1256//317
f 821//270 814//270 1255//270 202//270
f 818//273 820//273 201//273 200//273
f 819//271 817//271 822//271 824//271
f 830//271 819//271 824//271 826//271
f 820//273 829//273 206//273 201//273
f 823//270 821//270 202//270 203//270
f 825//270 823//270 203//270 204//270
f 831//271 830//271 826//271 828//271
f 827//270 825//270 204//270 205//270
f 833//271 831//271 828//271 837//271
f 838//270 827//270 205//270 210//270
f 829//273 832//273 207//273 206//273
f 832//273 834//273 208//273 207//273
f 834//273 836//273 209//273 208//273
f 835//271 833//271 837//271 841//271
f 845//271 850//271 835//271 841//271
f 836//273 849//273 1260//273 209//273
f 839//270 838//270 210//270 1257//270
f 846//271 845//271 841//271 843//271
f 842//282 840//282 1258//282 211//282
f 851//271 846//271 843//271 855//271
f 856//282 842//282 211//282 216//282
f 848//280 844//280 212//280 1259//280
f 844//280 847//280 213//280 212//280
f 847//280 852//280 214//280 213//280
f 852//280 854//280 215//280 214//280
f 853//271 851//271 855//271 858//271
f 864//271 853//271 858//271 860//271
f 854//280 863//280 220//280 215//280
f 857//282 856//282 216//282 217//282
f 859//282 857//282 217//282 218//282
f 865//271 864//271 860//271 862//271
f 861//282 859//282 218//282 219//282
f 867//271 865//271 862//271 871//271
f 872//282 861//282 219//282 224//282
f 863//280 866//280 221//280 220//280
f 866//280 868//280 222//280 221//280
f 868//318 870//318 223//318 222//318
f 869//271 867//271 871//271 874//271
f 882//271 869//271 874//271 877//271
f 870//319 881//319 226//319 223//319
f 873//282 872//282 224//282 225//282
f 875//282 873//282 225//282 1261//282
f 880//320 947//320 882//320 877//320
f 887//321 880//321 877//321 884//321
f 883//322 876//322 1262//322 227//322
f 878//323 888//323 229//323 1263//323
f 949//324 947//324 880//324 951//324
f 952//325 879//325 1264//325 258//325
f 881//326 948//326 256//326 226//326
f 889//271 887//271 884//271 886//271
f 885//273 883//273 227//273 228//273
f 891//271 889//271 886//271 895//271
f 896//273 885//273 228//273 233//273
f 888//327 890//327 230//327 229//327
f 890//270 892//270 231//270 230//270
f 892//328 894//328 232//328 231//328
f 893//271 891//271 895//271 898//271
f 904//271 893//271 898//271 900//271
f 894//329 905//329 236//329 232//329
f 897//273 896//273 233//273 234//273
f 899//273 897//273 234//273 235//273
f 906//271 904//271 900//271 903//271
f 901//273 899//273 235//273 1265//273
f 911//271 909//271 906//271 903//271
f 913//271 911//271 903//271 918//271
f 917//280 902//280 1266//280 241//280
f 905//330 907//330 237//330 236//330
f 907//331 908//331 1268//331 237//331
f 910//282 912//282 238//282 1267//282
f 912//282 914//282 239//282 238//282
f 914//282 916//282 240//282 239//282
f 915//271 913//271 918//271 920//271
f 926//271 915//271 920//271 922//271
f 916//282 925//282 245//282 240//282
f 919//280 917//280 241//280 242//280
f 921//280 919//280 242//280 243//280
f 927//271 926//271 922//271 924//271
f 923//280 921//280 243//280 244//280
f 929//271 927//271 924//271 934//271
f 933//280 923//280 244//280 249//280
f 925//282 928//282 246//282 245//282
f 928//282 930//282 247//282 246//282
f 930//282 932//282 248//282 247//282
f 931//271 929//271 934//271 936//271
f 942//271 931//271 936//271 938//271
f 932//282 941//282 253//282 248//282
f 935//280 933//280 249//280 250//280
f 937//280 935//280 250//280 251//280
f 943//271 942//271 938//271 940//271
f 939//332 937//332 251//332 252//332
f 941//282 944//282 254//282 253//282
f 944//282 946//282 255//282 254//282
f 948//333 950//333 257//333 256//333
f 954//271 949//271 951//271 960//271
f 950//280 953//280 1269//280 257//280
f 961//282 952//282 258//282 261//282
f 955//273 957//273 259//273 1270//273
f 956//271 954//271 959//271 966//271
f 954//271 960//271 964//271 959//271
f 970//271 956//271 966//271 968//271
f 957//273 969//273 264//273 259//273
f 958//270 963//270 1271//270 260//270
f 965//270 958//270 260//270 262//270
f 962//282 961//282 261//282 1272//282
f 967//270 965//270 262//270 263//270
f 976//271 970//271 968//271 972//271
f 971//270 967//270 263//270 265//270
f 969//273 975//273 267//273 264//273
f 977//271 976//271 972//271 974//271
f 973//270 971//270 265//270 266//270
f 979//271 977//271 974//271 983//271
f 984//270 973//270 266//270 271//270
f 975//273 978//273 268//273 267//273
f 978//273 980//273 269//273 268//273
f 980//273 982//273 270//273 269//273
f 981//271 979//271 983//271 986//271
f 992//271 981//271 986//271 988//271
f 982//273 991//273 275//273 270//273
f 985//270 984//270 271//270 272//270
f 987//270 985//270 272//270 273//270
f 993//271 992//271 988//271 990//271
f 989//270 987//270 273//270 274//270
f 995//271 993//271 990//271 999//271
f 1000//270 989//270 274//270 279//270
f 991//273 994//273 276//273 275//273
f 994//273 996//273 277//273 276//273
f 996//273 998//273 278//273 277//273
f 997//271 995//271 999//271 1002//271
f 1008//271 997//271 1002//271 1004//271
f 998//273 1007//273 283//273 278//273
f 1001//270 1000//270 279//270 280//270
f 1003//270 1001//270 280//270 281//270
f 1009//271 1008//271 1004//271 1006//271
f 1005//270 1003//270 281//270 282//270
f 1011//271 1009//271 1006//271 1015//271
f 1016//270 1005//270 282//270 287//270
f 1007//273 1010//273 284//273 283//273
f 1010//273 1012//273 285//273 284//273
f 1012//273 1014//273 286//273 285//273
f 1013//271 1011//271 1015//271 1018//271
f 1024//271 1013//271 1018//271 1020//271
f 1014//273 1023//273 291//273 286//273
f 1017//270 1016//270 287//270 288//270
f 1019//270 1017//270 288//270 289//270
f 1025//271 1024//271 1020//271 1022//271
f 1021//270 1019//270 289//270 290//270
f 1027//271 1025//271 1022//271 1031//271
f 1032//270 1021//270 290//270 295//270
f 1023//273 1026//273 292//273 291//273
f 1026//273 1028//273 293//273 292//273
f 1028//273 1030//273 294//273 293//273
f 1029//271 1027//271 1031//271 1034//271
f 1040//271 1029//271 1034//271 1036//271
f 1030//273 1039//273 299//273 294//273
f 1033//270 1032//270 295//270 296//270
f 1035//270 1033//270 296//270 297//270
f 1041//271 1040//271 1036//271 1038//271
f 1037//270 1035//270 297//270 298//270
f 1043//271 1041//271 1038//271 1047//271
f 1048//270 1037//270 298//270 303//270
f 1039//273 1042//273 300//273 299//273
f 1042//273 1044//273 301//273 300//273
f 1044//273 1046//273 302//273 301//273
f 1045//271 1043//271 1047//271 1050//271
f 1056//271 1045//271 1050//271 1052//271
f 1046//273 1055//273 307//273 302//273
f 1049//270 1048//270 303//270 304//270
f 1051//270 1049//270 304//270 305//270
f 1057//271 1056//271 1052//271 1054//271
f 1053//270 1051//270 305//270 306//270
f 1059//271 1057//271 1054//271 1063//271
f 1064//270 1053//270 306//270 311//270
f 1055//273 1058//273 308//273 307//273
f 1058//273 1060//273 309//273 308//273
f 1060//273 1062//273 310//273 309//273
f 1061//271 1059//271 1063//271 1066//271
f 1071//271 1061//271 1066//271 1068//271
f 1062//273 1070//273 1274//273 310//273
f 1065//270 1064//270 311//270 312//270
f 1067//270 1065//270 312//270 313//270
f 1071//271 1068//271 1074//271 1076//271
f 1072//270 1067//270 313//270 1276//270
f 1082//271 1071//271 1076//271 1078//271
f 1069//282 1081//282 317//282 1273//282
f 1075//280 1073//280 1275//280 314//280
f 1077//280 1075//280 314//280 315//280
f 1083//271 1082//271 1078//271 1080//271
f 1079//280 1077//280 315//280 316//280
f 1081//282 1084//282 318//282 317//282
f 1084//334 1086//334 319//334 318//334
f 1092//271 1090//271 1087//271 2//271
f 1088//270 1089//270 1278//270 320//270
f 1091//282 1093//282 321//282 1277//282
f 1097//271 1095//271 1092//271 2//271
f 1093//282 1094//282 1280//282 321//282
f 1096//273 1098//273 322//273 1279//273
f 1099//271 1101//271 1146//271 1148//271
f 1102//270 1100//270 323//270 324//270
f 1101//271 1103//271 1144//271 1146//271
f 1104//270 1102//270 324//270 325//270
f 1103//271 1105//271 1142//271 1144//271
f 1106//270 1104//270 325//270 326//270
f 1105//271 1107//271 1140//271 1142//271
f 1108//270 1106//270 326//270 327//270
f 1107//271 1109//271 1138//271 1140//271
f 1110//270 1108//270 327//270 328//270
f 1109//271 1111//271 1136//271 1138//271
f 1112//270 1110//270 328//270 329//270
f 1111//271 1114//271 1132//271 1136//271
f 1113//270 1112//270 329//270 330//270
f 1126//273 1153//273 345//273 333//273
f 1149//335 1126//335 333//335 1286//335
f 1135//273 1131//273 336//273 338//273
f 1131//273 1134//273 337//273 336//273
f 1134//273 1199//273 368//273 337//273
f 1137//273 1135//273 338//273 339//273
f 1139//273 1137//273 339//273 340//273
f 1141//273 1139//273 340//273 341//273
f 1143//273 1141//273 341//273 342//273
f 1145//273 1143//273 342//273 343//273
f 1147//273 1145//273 343//273 344//273
f 1196//273 1147//273 344//273 367//273
f 1203//336 1150//336 1285//336 369//336
f 1153//273 1155//273 346//273 345//273
f 1155//273 1157//273 347//273 346//273
f 1157//273 1159//273 348//273 347//273
f 1159//273 1161//273 349//273 348//273
f 1161//273 1163//273 350//273 349//273
f 1163//273 1165//273 351//273 350//273
f 1165//273 1167//273 352//273 351//273
f 1167//273 1169//273 353//273 352//273
f 1169//273 1171//273 354//273 353//273
f 1171//273 1173//273 355//273 354//273
f 1173//273 1175//273 356//273 355//273
f 1175//273 1177//273 357//273 356//273
f 1177//273 1179//273 358//273 357//273
f 1179//273 1181//273 359//273 358//273
f 1181//273 1183//273 360//273 359//273
f 1183//273 1185//273 361//273 360//273
f 1185//273 1187//273 362//273 361//273
f 1187//273 1189//273 363//273 362//273
f 1189//273 1191//273 364//273 363//273
f 1191//273 1193//273 365//273 364//273
f 1193//273 1195//273 366//273 365//273
f 1195//273 1196//273 367//273 366//273
f 1199//337 1201//337 1287//337 368//337
f 1206//338 1203//338 369//338 370//338
f 1207//339 1206//339 370//339 1290//339
f 1210//340 1208//340 1289//340 371//340
f 1227//341 1210//341 371//341 378//341
f 1213//342 1218//342 373//342 372//342
f 1216//343 1213//343 372//343 1292//343
f 1218//344 1220//344 374//344 373//344
f 1220//345 1222//345 375//345 374//345
f 1222//345 1224//345 376//345 375//345
f 1224//345 1226//345 377//345 376//345
f 1226//346 1227//346 378//346 377//346
f 1230//280 12//280 1314//280 1307//280
f 8//270 1229//270 1309//270 1303//270
f 1232//288 27//288 1350//288 1342//288
f 24//280 1231//280 1344//280 1338//280
f 1233//280 316//280 1992//280 1347//280
f 28//290 1234//290 1349//290 1352//290
f 1236//282 39//282 1377//282 1370//282
f 35//273 1235//273 1372//273 1366//273
f 1237//303 331//303 2027//303 1411//303
f 52//282 1238//282 1413//282 1403//282
f 58//273 1240//273 1418//273 1422//273
f 1239//282 59//282 1423//282 1419//282
f 115//282 1242//282 1537//282 1535//282
f 1241//270 116//270 1540//270 1538//270
f 1244//280 141//280 1593//280 1590//280
f 140//270 1243//270 1592//270 1588//270
f 1246//270 334//270 2039//270 1595//270
f 335//280 1245//280 1597//280 2042//280
f 1248//280 150//280 1617//280 1613//280
f 148//316 1247//316 1612//316 1610//316
f 322//273 1250//273 1687//273 2009//273
f 1249//282 183//282 1683//282 1688//282
f 188//282 1252//282 1694//282 1699//282
f 1251//270 320//270 1999//270 1695//270
f 197//280 1254//280 1721//280 1717//280
f 1253//273 200//273 1729//273 1722//273
f 202//270 1255//270 1728//270 1734//270
f 1256//317 252//317 1852//317 1726//317
f 1257//270 210//270 1749//270 1751//270
f 211//282 1258//282 1753//282 1755//282
f 1259//280 212//280 1757//280 1760//280
f 209//273 1260//273 1762//273 1747//273
f 1261//282 225//282 1786//282 1787//282
f 227//322 1262//322 1789//322 1796//322
f 1263//323 229//323 1799//323 1790//323
f 258//325 1264//325 1792//325 1863//325
f 1265//273 235//273 1812//273 1813//273
f 241//280 1266//280 1815//280 1830//280
f 237//331 1268//331 1820//331 1818//331
f 1267//282 238//282 1823//282 1821//282
f 1270//273 259//273 1868//273 1865//273
f 257//280 1269//280 1867//280 1861//280
f 1272//282 261//282 1872//282 1875//282
f 260//270 1271//270 1874//270 1871//270
f 310//273 1274//273 1983//273 1973//273
f 1273//282 317//282 1994//282 1981//282
f 1276//270 313//270 1980//270 1985//270
f 314//280 1275//280 1984//280 1988//280
f 320//270 1278//270 2001//270 1999//270
f 1277//282 321//282 2004//282 2002//282
f 321//282 1280//282 2006//282 2004//282
f 1279//273 322//273 2009//273 2007//273
f 38//294 1282//294 2031//294 1375//294
f 1281//270 37//270 1373//270 2032//270
f 11//282 1284//282 2034//282 1312//282
f 1283//281 10//281 1310//281 2035//281
f 1286//335 333//335 2037//335 2062//335
f 369//336 1285//336 2061//336 2116//336
f 1288//280 117//280 1542//280 2113//280
f 368//337 1287//337 2112//337 2110//337
f 1290//339 370//339 2117//339 2120//339
f 371//340 1289//340 2119//340 2123//340
f 149//282 1291//282 2128//282 1615//282
f 1292//343 372//343 2124//343 2126//343
f 4//270 3//270 1293//270 1296//270
f 1294//347 1297//347 2029//347 1295//347
f 1294//347 1300//347 1302//347 1297//347
f 3//270 6//270 1299//270 1293//270
f 331//272 4//272 1296//272 2027//272
f 1421//347 2028//347 1295//347 2029//347
f 7//273 5//273 1298//273 1301//273
f 5//273 332//273 2030//273 1298//273
f 1302//348 1300//348 1304//348 1306//348
f 6//270 8//270 1303//270 1299//270
f 9//275 7//275 1301//275 1305//275
f 1306//349 1304//349 1308//349 1311//349
f 10//277 9//277 1305//277 1310//277
f 1311//350 1308//350 1313//350 2036//350
f 1313//351 1308//351 1315//351 1317//351
f 13//282 11//282 1312//282 1316//282
f 1317//347 1315//347 1319//347 1321//347
f 12//280 14//280 1318//280 1314//280
f 15//282 13//282 1316//282 1320//282
f 1321//347 1319//347 1323//347 1325//347
f 14//280 16//280 1322//280 1318//280
f 17//282 15//282 1320//282 1324//282
f 1325//347 1323//347 1327//347 1329//347
f 16//280 18//280 1326//280 1322//280
f 19//282 17//282 1324//282 1328//282
f 1329//347 1327//347 1331//347 1333//347
f 18//280 20//280 1330//280 1326//280
f 21//282 19//282 1328//282 1332//282
f 1333//347 1331//347 1335//347 1337//347
f 20//280 22//280 1334//280 1330//280
f 23//282 21//282 1332//282 1336//282
f 1337//347 1335//347 1339//347 1341//347
f 22//280 24//280 1338//280 1334//280
f 25//283 23//283 1336//283 1340//283
f 1341//352 1339//352 1343//352 1346//352
f 26//285 25//285 1340//285 1345//285
f 1346//353 1343//353 1348//353 1998//353
f 1348//354 1343//354 1351//354 1353//354
f 319//289 26//289 1345//289 1997//289
f 1998//355 1348//355 1991//355 1996//355
f 1353//347 1351//347 1355//347 1357//347
f 27//273 29//273 1354//273 1350//273
f 30//292 28//292 1352//292 1356//292
f 1357//347 1355//347 1359//347 1361//347
f 29//273 31//273 1358//273 1354//273
f 32//292 30//292 1356//292 1360//292
f 1361//347 1359//347 1363//347 1365//347
f 31//273 33//273 1362//273 1358//273
f 34//292 32//292 1360//292 1364//292
f 1365//347 1363//347 1367//347 1369//347
f 33//273 35//273 1366//273 1362//273
f 36//293 34//293 1364//293 1368//293
f 1369//347 1367//347 1371//347 1374//347
f 37//270 36//270 1368//270 1373//270
f 1374//347 1371//347 1376//347 2033//347
f 1378//347 1380//347 1376//347 1371//347
f 40//295 38//295 1375//295 1379//295
f 1382//347 1384//347 1380//347 1378//347
f 39//282 41//282 1381//282 1377//282
f 42//296 40//296 1379//296 1383//296
f 1386//347 1390//347 1384//347 1382//347
f 41//282 43//282 1385//282 1381//282
f 45//297 42//297 1383//297 1389//297
f 1388//347 1391//347 1390//347 1386//347
f 43//282 44//282 1387//282 1385//282
f 1397//347 1393//347 1391//347 1388//347
f 44//282 49//282 1398//282 1387//282
f 46//298 45//298 1389//298 1392//298
f 47//299 46//299 1392//299 1394//299
f 48//300 47//300 1394//300 1396//300
f 1400//347 1395//347 1393//347 1397//347
f 1402//347 1406//347 1395//347 1400//347
f 53//301 48//301 1396//301 1405//301
f 49//282 50//282 1399//282 1398//282
f 50//282 51//282 1401//282 1399//282
f 1404//347 1407//347 1406//347 1402//347
f 51//282 52//282 1403//282 1401//282
f 1412//347 1409//347 1407//347 1404//347
f 54//302 53//302 1405//302 1408//302
f 55//296 54//296 1408//296 1410//296
f 1420//347 1414//347 1409//347 1412//347
f 56//280 55//280 1410//280 1415//280
f 1420//347 1412//347 2028//347 1421//347
f 57//304 56//304 1415//304 1417//304
f 1424//347 1416//347 1414//347 1420//347
f 1426//347 1430//347 1416//347 1424//347
f 62//300 57//300 1417//300 1429//300
f 332//273 58//273 1422//273 2030//273
f 59//282 60//282 1425//282 1423//282
f 1428//347 1431//347 1430//347 1426//347
f 60//282 61//282 1427//282 1425//282
f 1438//347 1433//347 1431//347 1428//347
f 61//282 66//282 1437//282 1427//282
f 63//300 62//300 1429//300 1432//300
f 64//305 63//305 1432//305 1434//305
f 65//306 64//306 1434//306 1436//306
f 1440//347 1435//347 1433//347 1438//347
f 1442//347 1446//347 1435//347 1440//347
f 70//307 65//307 1436//307 1445//307
f 66//282 67//282 1439//282 1437//282
f 67//282 68//282 1441//282 1439//282
f 1444//347 1447//347 1446//347 1442//347
f 68//282 69//282 1443//282 1441//282
f 1454//347 1449//347 1447//347 1444//347
f 69//282 74//282 1453//282 1443//282
f 71//308 70//308 1445//308 1448//308
f 72//309 71//309 1448//309 1450//309
f 73//310 72//310 1450//310 1452//310
f 1456//347 1451//347 1449//347 1454//347
f 1458//347 1462//347 1451//347 1456//347
f 78//311 73//311 1452//311 1461//311
f 74//282 75//282 1455//282 1453//282
f 75//282 76//282 1457//282 1455//282
f 1460//347 1463//347 1462//347 1458//347
f 76//282 77//282 1459//282 1457//282
f 1470//347 1465//347 1463//347 1460//347
f 77//282 82//282 1469//282 1459//282
f 79//312 78//312 1461//312 1464//312
f 80//304 79//304 1464//304 1466//304
f 81//299 80//299 1466//299 1468//299
f 1472//347 1467//347 1465//347 1470//347
f 1474//347 1478//347 1467//347 1472//347
f 86//301 81//301 1468//301 1477//301
f 82//282 83//282 1471//282 1469//282
f 83//282 84//282 1473//282 1471//282
f 1476//347 1479//347 1478//347 1474//347
f 84//282 85//282 1475//282 1473//282
f 1486//347 1481//347 1479//347 1476//347
f 85//282 90//282 1485//282 1475//282
f 87//280 86//280 1477//280 1480//280
f 88//280 87//280 1480//280 1482//280
f 89//280 88//280 1482//280 1484//280
f 1488//347 1483//347 1481//347 1486//347
f 1490//347 1494//347 1483//347 1488//347
f 94//280 89//280 1484//280 1493//280
f 90//282 91//282 1487//282 1485//282
f 91//282 92//282 1489//282 1487//282
f 1492//347 1495//347 1494//347 1490//347
f 92//282 93//282 1491//282 1489//282
f 1502//347 1497//347 1495//347 1492//347
f 93//282 98//282 1501//282 1491//282
f 95//280 94//280 1493//280 1496//280
f 96//280 95//280 1496//280 1498//280
f 97//280 96//280 1498//280 1500//280
f 1504//347 1499//347 1497//347 1502//347
f 1506//347 1510//347 1499//347 1504//347
f 102//280 97//280 1500//280 1509//280
f 98//282 99//282 1503//282 1501//282
f 99//282 100//282 1505//282 1503//282
f 1508//347 1511//347 1510//347 1506//347
f 100//282 101//282 1507//282 1505//282
f 1518//347 1513//347 1511//347 1508//347
f 101//282 106//282 1517//282 1507//282
f 103//280 102//280 1509//280 1512//280
f 104//280 103//280 1512//280 1514//280
f 105//280 104//280 1514//280 1516//280
f 1520//347 1515//347 1513//347 1518//347
f 1522//347 1526//347 1515//347 1520//347
f 110//280 105//280 1516//280 1525//280
f 106//282 107//282 1519//282 1517//282
f 107//282 108//282 1521//282 1519//282
f 1524//347 1527//347 1526//347 1522//347
f 108//282 109//282 1523//282 1521//282
f 1534//347 1529//347 1527//347 1524//347
f 109//282 114//282 1533//282 1523//282
f 111//280 110//280 1525//280 1528//280
f 112//301 111//301 1528//301 1530//301
f 113//300 112//300 1530//300 1532//300
f 1536//347 1531//347 1529//347 1534//347
f 1543//347 1531//347 1536//347 1539//347
f 117//299 113//299 1532//299 1542//299
f 114//282 115//282 1535//282 1533//282
f 1541//347 2046//347 2111//347 1539//347
f 1539//347 2111//347 2114//347 1543//347
f 2025//347 2043//347 2046//347 1541//347
f 116//270 330//270 2026//270 1540//270
f 323//270 118//270 1545//270 2011//270
f 118//270 119//270 1546//270 1545//270
f 1544//347 2108//347 2059//347 2012//347
f 1547//347 2107//347 2108//347 1544//347
f 1549//347 2105//347 2107//347 1547//347
f 119//270 120//270 1548//270 1546//270
f 1551//347 2103//347 2105//347 1549//347
f 120//270 121//270 1550//270 1548//270
f 1553//347 2101//347 2103//347 1551//347
f 121//270 122//270 1552//270 1550//270
f 1555//347 2099//347 2101//347 1553//347
f 122//270 123//270 1554//270 1552//270
f 1557//347 2097//347 2099//347 1555//347
f 123//270 124//270 1556//270 1554//270
f 1559//347 2095//347 2097//347 1557//347
f 124//270 125//270 1558//270 1556//270
f 1561//347 2093//347 2095//347 1559//347
f 125//270 126//270 1560//270 1558//270
f 1563//347 2091//347 2093//347 1561//347
f 126//270 127//270 1562//270 1560//270
f 1565//347 2089//347 2091//347 1563//347
f 127//270 128//270 1564//270 1562//270
f 1567//347 2087//347 2089//347 1565//347
f 128//270 129//270 1566//270 1564//270
f 1569//347 2085//347 2087//347 1567//347
f 129//270 130//270 1568//270 1566//270
f 1571//347 2083//347 2085//347 1569//347
f 130//270 131//270 1570//270 1568//270
f 1573//347 2081//347 2083//347 1571//347
f 131//270 132//270 1572//270 1570//270
f 1575//347 2079//347 2081//347 1573//347
f 132//270 133//270 1574//270 1572//270
f 1577//347 2077//347 2079//347 1575//347
f 133//270 134//270 1576//270 1574//270
f 1579//347 2075//347 2077//347 1577//347
f 134//270 135//270 1578//270 1576//270
f 1581//347 2073//347 2075//347 1579//347
f 135//270 136//270 1580//270 1578//270
f 1583//347 2071//347 2073//347 1581//347
f 136//270 137//270 1582//270 1580//270
f 1585//347 2069//347 2071//347 1583//347
f 137//270 138//270 1584//270 1582//270
f 1587//347 2067//347 2069//347 1585//347
f 138//270 139//270 1586//270 1584//270
f 1589//347 2065//347 2067//347 1587//347
f 139//270 140//270 1588//270 1586//270
f 1591//347 2038//347 2065//347 1589//347
f 1591//347 2115//347 2063//347 2038//347
f 1594//347 2118//347 2115//347 1591//347
f 141//280 335//280 2042//280 1593//280
f 2121//347 2118//347 1594//347 2041//347
f 2040//347 2121//347 2041//347 1596//347
f 334//270 142//270 1599//270 2039//270
f 142//313 143//313 1600//313 1599//313
f 1601//347 2139//347 2122//347 1598//347
f 1598//347 2122//347 2121//347 2040//347
f 1603//347 2138//347 2139//347 1601//347
f 143//314 144//314 1602//314 1600//314
f 1605//347 2136//347 2138//347 1603//347
f 144//314 145//314 1604//314 1602//314
f 1607//347 2134//347 2136//347 1605//347
f 145//314 146//314 1606//314 1604//314
f 1609//347 2132//347 2134//347 1607//347
f 146//314 147//314 1608//314 1606//314
f 1611//347 2130//347 2132//347 1609//347
f 147//315 148//315 1610//315 1608//315
f 1614//347 2125//347 2130//347 1611//347
f 2127//347 2125//347 1614//347 1616//347
f 1616//347 1614//347 1618//347 1620//347
f 151//282 149//282 1615//282 1619//282
f 1620//347 1618//347 1622//347 1624//347
f 150//280 152//280 1621//280 1617//280
f 153//282 151//282 1619//282 1623//282
f 1624//347 1622//347 1626//347 1628//347
f 152//280 154//280 1625//280 1621//280
f 155//282 153//282 1623//282 1627//282
f 1628//347 1626//347 1630//347 1632//347
f 154//280 156//280 1629//280 1625//280
f 157//282 155//282 1627//282 1631//282
f 1632//347 1630//347 1634//347 1636//347
f 156//280 158//280 1633//280 1629//280
f 159//282 157//282 1631//282 1635//282
f 1636//347 1634//347 1638//347 1640//347
f 158//280 160//280 1637//280 1633//280
f 161//282 159//282 1635//282 1639//282
f 1640//347 1638//347 1642//347 1644//347
f 160//280 162//280 1641//280 1637//280
f 163//282 161//282 1639//282 1643//282
f 1644//347 1642//347 1646//347 1648//347
f 162//280 164//280 1645//280 1641//280
f 165//282 163//282 1643//282 1647//282
f 1648//347 1646//347 1650//347 1652//347
f 164//280 166//280 1649//280 1645//280
f 167//282 165//282 1647//282 1651//282
f 1652//347 1650//347 1654//347 1656//347
f 166//280 168//280 1653//280 1649//280
f 169//282 167//282 1651//282 1655//282
f 1656//347 1654//347 1658//347 1660//347
f 168//280 170//280 1657//280 1653//280
f 171//282 169//282 1655//282 1659//282
f 1660//347 1658//347 1662//347 1664//347
f 170//280 172//280 1661//280 1657//280
f 173//282 171//282 1659//282 1663//282
f 1664//347 1662//347 1666//347 1668//347
f 172//280 174//280 1665//280 1661//280
f 175//282 173//282 1663//282 1667//282
f 1668//347 1666//347 1670//347 1672//347
f 174//280 176//280 1669//280 1665//280
f 177//282 175//282 1667//282 1671//282
f 1672//347 1670//347 1674//347 1676//347
f 176//280 178//280 1673//280 1669//280
f 179//282 177//282 1671//282 1675//282
f 1676//347 1674//347 1678//347 1680//347
f 178//280 180//280 1677//280 1673//280
f 181//282 179//282 1675//282 1679//282
f 1680//347 1678//347 1682//347 1684//347
f 180//280 182//280 1681//280 1677//280
f 183//282 181//282 1679//282 1683//282
f 1684//347 1682//347 1686//347 1689//347
f 182//280 184//280 1685//280 1681//280
f 1689//347 1686//347 1691//347 379//347
f 184//280 185//280 1690//280 1685//280
f 1689//347 379//347 380//347 2010//347
f 1696//347 379//347 1691//347 1693//347
f 185//280 186//280 1692//280 1690//280
f 1693//347 1698//347 1700//347 1696//347
f 186//280 187//280 1697//280 1692//280
f 2000//347 380//347 379//347 1696//347
f 1700//347 1698//347 1702//347 1704//347
f 187//280 189//280 1701//280 1697//280
f 190//282 188//282 1699//282 1703//282
f 1704//347 1702//347 1706//347 1708//347
f 189//280 191//280 1705//280 1701//280
f 192//282 190//282 1703//282 1707//282
f 1708//347 1706//347 1710//347 1712//347
f 191//280 193//280 1709//280 1705//280
f 194//282 192//282 1707//282 1711//282
f 1712//347 1710//347 1714//347 1716//347
f 193//280 195//280 1713//280 1709//280
f 196//282 194//282 1711//282 1715//282
f 1716//347 1714//347 1718//347 1720//347
f 195//280 197//280 1717//280 1713//280
f 198//282 196//282 1715//282 1719//282
f 1720//347 1718//347 1723//347 1725//347
f 199//282 198//282 1719//282 1724//282
f 1725//347 1723//347 1727//347 1858//347
f 1730//347 1733//347 1727//347 1723//347
f 255//282 199//282 1724//282 1857//282
f 1858//347 1727//347 1851//347 1856//347
f 1732//347 1735//347 1733//347 1730//347
f 200//273 201//273 1731//273 1729//273
f 1741//347 1737//347 1735//347 1732//347
f 201//273 206//273 1742//273 1731//273
f 203//270 202//270 1734//270 1736//270
f 204//270 203//270 1736//270 1738//270
f 205//270 204//270 1738//270 1740//270
f 1744//347 1739//347 1737//347 1741//347
f 1746//347 1750//347 1739//347 1744//347
f 210//270 205//270 1740//270 1749//270
f 206//273 207//273 1743//273 1742//273
f 207//273 208//273 1745//273 1743//273
f 1748//347 1752//347 1750//347 1746//347
f 208//273 209//273 1747//273 1745//273
f 1756//347 1752//347 1748//347 1761//347
f 1759//347 1754//347 1752//347 1756//347
f 1764//347 1768//347 1754//347 1759//347
f 216//282 211//282 1755//282 1767//282
f 212//280 213//280 1758//280 1757//280
f 213//280 214//280 1763//280 1758//280
f 1766//347 1769//347 1768//347 1764//347
f 214//280 215//280 1765//280 1763//280
f 1775//347 1771//347 1769//347 1766//347
f 215//280 220//280 1776//280 1765//280
f 217//282 216//282 1767//282 1770//282
f 218//282 217//282 1770//282 1772//282
f 219//282 218//282 1772//282 1774//282
f 1778//347 1773//347 1771//347 1775//347
f 1780//347 1784//347 1773//347 1778//347
f 224//282 219//282 1774//282 1783//282
f 220//280 221//280 1777//280 1776//280
f 221//280 222//280 1779//280 1777//280
f 1782//347 1785//347 1784//347 1780//347
f 222//318 223//318 1781//318 1779//318
f 1793//347 1788//347 1785//347 1782//347
f 223//319 226//319 1794//319 1781//319
f 225//282 224//282 1783//282 1786//282
f 1800//356 1795//356 1788//356 1791//356
f 1791//357 1788//357 1793//357 1860//357
f 1862//358 1864//358 1791//358 1860//358
f 226//326 256//326 1859//326 1794//326
f 228//273 227//273 1796//273 1798//273
f 1802//347 1797//347 1795//347 1800//347
f 1804//347 1808//347 1797//347 1802//347
f 233//273 228//273 1798//273 1807//273
f 229//327 230//327 1801//327 1799//327
f 230//270 231//270 1803//270 1801//270
f 1806//347 1809//347 1808//347 1804//347
f 231//328 232//328 1805//328 1803//328
f 1817//347 1811//347 1809//347 1806//347
f 232//329 236//329 1816//329 1805//329
f 234//273 233//273 1807//273 1810//273
f 235//273 234//273 1810//273 1812//273
f 1819//347 1814//347 1811//347 1817//347
f 1824//347 1814//347 1819//347 1822//347
f 1826//347 1829//347 1814//347 1824//347
f 236//330 237//330 1818//330 1816//330
f 238//282 239//282 1825//282 1823//282
f 1828//347 1831//347 1829//347 1826//347
f 239//282 240//282 1827//282 1825//282
f 1837//347 1833//347 1831//347 1828//347
f 240//282 245//282 1838//282 1827//282
f 242//280 241//280 1830//280 1832//280
f 243//280 242//280 1832//280 1834//280
f 244//280 243//280 1834//280 1836//280
f 1840//347 1835//347 1833//347 1837//347
f 1842//347 1845//347 1835//347 1840//347
f 249//280 244//280 1836//280 1846//280
f 245//282 246//282 1839//282 1838//282
f 246//282 247//282 1841//282 1839//282
f 1844//347 1847//347 1845//347 1842//347
f 247//282 248//282 1843//282 1841//282
f 1853//347 1849//347 1847//347 1844//347
f 248//282 253//282 1854//282 1843//282
f 250//280 249//280 1846//280 1848//280
f 251//280 250//280 1848//280 1850//280
f 252//332 251//332 1850//332 1852//332
f 1856//347 1851//347 1849//347 1853//347
f 253//282 254//282 1855//282 1854//282
f 254//282 255//282 1857//282 1855//282
f 256//333 257//333 1861//333 1859//333
f 1866//347 1873//347 1864//347 1862//347
f 261//282 258//282 1863//282 1872//282
f 1869//347 1877//347 1870//347 1866//347
f 1866//347 1870//347 1876//347 1873//347
f 259//273 264//273 1882//273 1868//273
f 1881//347 1879//347 1877//347 1869//347
f 262//270 260//270 1871//270 1878//270
f 263//270 262//270 1878//270 1880//270
f 1887//347 1883//347 1879//347 1881//347
f 265//270 263//270 1880//270 1884//270
f 264//273 267//273 1888//273 1882//273
f 266//270 265//270 1884//270 1886//270
f 1890//347 1885//347 1883//347 1887//347
f 1892//347 1896//347 1885//347 1890//347
f 271//270 266//270 1886//270 1895//270
f 267//273 268//273 1889//273 1888//273
f 268//273 269//273 1891//273 1889//273
f 1894//347 1897//347 1896//347 1892//347
f 269//273 270//273 1893//273 1891//273
f 1903//347 1899//347 1897//347 1894//347
f 270//273 275//273 1904//273 1893//273
f 272//270 271//270 1895//270 1898//270
f 273//270 272//270 1898//270 1900//270
f 274//270 273//270 1900//270 1902//270
f 1906//347 1901//347 1899//347 1903//347
f 1908//347 1912//347 1901//347 1906//347
f 279//270 274//270 1902//270 1911//270
f 275//273 276//273 1905//273 1904//273
f 276//273 277//273 1907//273 1905//273
f 1910//347 1913//347 1912//347 1908//347
f 277//273 278//273 1909//273 1907//273
f 1919//347 1915//347 1913//347 1910//347
f 278//273 283//273 1920//273 1909//273
f 280//270 279//270 1911//270 1914//270
f 281//270 280//270 1914//270 1916//270
f 282//270 281//270 1916//270 1918//270
f 1922//347 1917//347 1915//347 1919//347
f 1924//347 1928//347 1917//347 1922//347
f 287//270 282//270 1918//270 1927//270
f 283//273 284//273 1921//273 1920//273
f 284//273 285//273 1923//273 1921//273
f 1926//347 1929//347 1928//347 1924//347
f 285//273 286//273 1925//273 1923//273
f 1935//347 1931//347 1929//347 1926//347
f 286//273 291//273 1936//273 1925//273
f 288//270 287//270 1927//270 1930//270
f 289//270 288//270 1930//270 1932//270
f 290//270 289//270 1932//270 1934//270
f 1938//347 1933//347 1931//347 1935//347
f 1940//347 1944//347 1933//347 1938//347
f 295//270 290//270 1934//270 1943//270
f 291//273 292//273 1937//273 1936//273
f 292//273 293//273 1939//273 1937//273
f 1942//347 1945//347 1944//347 1940//347
f 293//273 294//273 1941//273 1939//273
f 1951//347 1947//347 1945//347 1942//347
f 294//273 299//273 1952//273 1941//273
f 296//270 295//270 1943//270 1946//270
f 297//270 296//270 1946//270 1948//270
f 298//270 297//270 1948//270 1950//270
f 1954//347 1949//347 1947//347 1951//347
f 1956//347 1960//347 1949//347 1954//347
f 303//270 298//270 1950//270 1959//270
f 299//273 300//273 1953//273 1952//273
f 300//273 301//273 1955//273 1953//273
f 1958//347 1961//347 1960//347 1956//347
f 301//273 302//273 1957//273 1955//273
f 1967//347 1963//347 1961//347 1958//347
f 302//273 307//273 1968//273 1957//273
f 304//270 303//270 1959//270 1962//270
f 305//270 304//270 1962//270 1964//270
f 306//270 305//270 1964//270 1966//270
f 1970//347 1965//347 1963//347 1967//347
f 1972//347 1976//347 1965//347 1970//347
f 311//270 306//270 1966//270 1975//270
f 307//273 308//273 1969//273 1968//273
f 308//273 309//273 1971//273 1969//273
f 1974//347 1977//347 1976//347 1972//347
f 309//273 310//273 1973//273 1971//273
f 1982//347 1979//347 1977//347 1974//347
f 312//270 311//270 1975//270 1978//270
f 313//270 312//270 1978//270 1980//270
f 1982//347 1987//347 1986//347 1979//347
f 1993//347 1989//347 1987//347 1982//347
f 315//280 314//280 1988//280 1990//280
f 316//280 315//280 1990//280 1992//280
f 1996//347 1991//347 1989//347 1993//347
f 317//282 318//282 1995//282 1994//282
f 318//334 319//334 1997//334 1995//334
f 2005//347 380//347 2000//347 2003//347
f 2010//347 380//347 2005//347 2008//347
f 2012//347 2059//347 2057//347 2014//347
f 324//270 323//270 2011//270 2013//270
f 2014//347 2057//347 2055//347 2016//347
f 325//270 324//270 2013//270 2015//270
f 2016//347 2055//347 2053//347 2018//347
f 326//270 325//270 2015//270 2017//270
f 2018//347 2053//347 2051//347 2020//347
f 327//270 326//270 2017//270 2019//270
f 2020//347 2051//347 2049//347 2022//347
f 328//270 327//270 2019//270 2021//270
f 2022//347 2049//347 2047//347 2024//347
f 329//270 328//270 2021//270 2023//270
f 2024//347 2047//347 2043//347 2025//347
f 330//270 329//270 2023//270 2026//270
f 333//273 345//273 2064//273 2037//273
f 336//273 337//273 2045//273 2044//273
f 338//273 336//273 2044//273 2048//273
f 337//273 368//273 2110//273 2045//273
f 339//273 338//273 2048//273 2050//273
f 340//273 339//273 2050//273 2052//273
f 341//273 340//273 2052//273 2054//273
f 342//273 341//273 2054//273 2056//273
f 343//273 342//273 2056//273 2058//273
f 344//273 343//273 2058//273 2060//273
f 367//273 344//273 2060//273 2109//273
f 345//273 346//273 2066//273 2064//273
f 346//273 347//273 2068//273 2066//273
f 347//273 348//273 2070//273 2068//273
f 348//273 349//273 2072//273 2070//273
f 349//273 350//273 2074//273 2072//273
f 350//273 351//273 2076//273 2074//273
f 351//273 352//273 2078//273 2076//273
f 352//273 353//273 2080//273 2078//273
f 353//273 354//273 2082//273 2080//273
f 354//273 355//273 2084//273 2082//273
f 355//273 356//273 2086//273 2084//273
f 356//273 357//273 2088//273 2086//273
f 357//273 358//273 2090//273 2088//273
f 358//273 359//273 2092//273 2090//273
f 359//273 360//273 2094//273 2092//273
f 360//273 361//273 2096//273 2094//273
f 361//273 362//273 2098//273 2096//273
f 362//273 363//273 2100//273 2098//273
f 363//273 364//273 2102//273 2100//273
f 364//273 365//273 2104//273 2102//273
f 365//273 366//273 2106//273 2104//273
f 366//273 367//273 2109//273 2106//273
f 370//338 369//338 2116//338 2117//338
f 378//341 371//341 2123//341 2140//341
f 372//342 373//342 2129//342 2124//342
f 373//344 374//344 2131//344 2129//344
f 374//345 375//345 2133//345 2131//345
f 375//345 376//345 2135//345 2133//345
f 376//345 377//345 2137//345 2135//345
f 377//346 378//346 2140//346 2137//346
