# Blender 4.5.2 LTS
# www.blender.org
mtllib LectureThree.mtl
o Classroom
v 2.252568 -30.723587 -18.294071
v 1.701023 -30.723587 -18.299440
v 2.003461 -30.723587 -17.981178
v 2.003461 -30.723587 -18.447624
v 1.701020 -30.723587 -18.447624
v 1.399855 -30.723587 -18.447624
v 1.399855 -30.723587 -18.299440
v 1.098704 -30.723587 -18.447624
v 1.098704 -30.723587 -18.299440
v 0.797553 -30.723587 -18.447624
v 0.797553 -30.723587 -18.299440
v 0.496401 -30.723587 -18.447624
v 0.496401 -30.723587 -18.299440
v 0.195249 -30.723587 -18.447624
v 0.195249 -30.723587 -18.299440
v -0.105904 -30.723587 -18.447624
v -0.105904 -30.723587 -18.299440
v -0.407053 -30.723587 -18.447624
v -0.407056 -30.723587 -18.299440
v -0.708243 -30.723587 -18.447624
v -0.708276 -30.723587 -18.299440
v -1.009613 -30.723587 -18.447624
v -1.309224 -30.723587 -18.447624
v -1.618731 -30.723587 -18.447624
v -1.618254 -30.723587 -18.299440
v -1.928352 -30.723587 -18.447624
v -1.928282 -30.723587 -18.299440
v -2.237918 -30.723587 -18.447624
v -2.237913 -30.723587 -18.299440
v -2.547466 -30.723587 -18.447624
v -2.547466 -30.723587 -18.299440
v -2.857011 -30.723587 -18.447624
v -2.857011 -30.723587 -18.299440
v -3.166556 -30.723587 -18.447624
v -3.166556 -30.723587 -18.299440
v -3.476101 -30.723587 -18.447624
v -3.476101 -30.723587 -18.299440
v -3.785647 -30.723587 -18.447624
v -3.785647 -30.723587 -18.299440
v -4.095193 -30.723587 -18.447624
v -4.095193 -30.723587 -18.299440
v -4.404738 -30.723587 -18.447624
v -4.404738 -30.723587 -18.299440
v -4.714283 -30.723587 -18.447624
v -4.714283 -30.723587 -18.299440
v -5.023829 -30.723587 -18.447624
v -5.023829 -30.723587 -18.299440
v -5.333374 -30.723587 -18.447624
v -5.333374 -30.723587 -18.299440
v -5.642920 -30.723587 -18.447624
v -5.642920 -30.723587 -18.299440
v -5.952465 -30.723587 -18.447624
v -5.952465 -30.723587 -18.299440
v -6.262010 -30.723587 -18.447624
v -6.262010 -30.723587 -18.299440
v -6.571555 -30.723587 -18.447624
v -6.571555 -30.723587 -18.299440
v -6.881100 -30.723587 -18.447624
v -6.881100 -30.723587 -18.299440
v -7.190646 -30.723587 -18.447624
v -7.190635 -30.723587 -18.299440
v -7.500228 -30.723587 -18.447624
v -7.500155 -30.723587 -18.299440
v -7.809862 -30.723587 -18.447624
v -7.809706 -30.723587 -18.299440
v -8.134398 -30.723587 -18.447624
v -8.123839 -30.723587 -18.299440
v -8.237556 -30.723587 -18.299440
v -8.353483 -30.723587 -18.444723
v -8.355692 -30.723587 -18.590006
v -8.250325 -30.723587 -18.592907
v -8.266038 -30.723587 -18.931265
v -8.388260 -30.723587 -19.033195
v -8.708708 -30.723587 -19.040796
v -8.711107 -30.723587 -18.940897
v -9.025471 -30.723587 -19.048506
v -9.028578 -30.723587 -18.942144
v -9.340538 -30.723587 -19.056194
v -9.343365 -30.723587 -18.943380
v -9.658333 -30.723587 -19.063942
v -9.661264 -30.723587 -18.944628
v -9.974758 -30.723587 -19.071680
v -9.982788 -30.723587 -18.946142
v -10.290861 -30.723587 -19.093340
v -10.301601 -30.723587 -18.965260
v -10.608049 -30.723587 -19.123610
v -10.920025 -30.723587 -18.991117
v -10.920025 -30.723587 -18.671541
v -10.604605 -30.723587 -18.671587
v -10.920025 -30.723587 -18.356287
v -10.920025 -30.723587 -18.041084
v -10.604605 -30.723587 -18.356293
v -10.604605 -30.723587 -18.041084
v -10.604605 -30.723587 -17.725876
v -10.920025 -30.723587 -17.725876
v -10.604605 -30.723587 -17.410669
v -10.604605 -30.723587 -17.095461
v -10.920025 -30.723587 -17.410669
v -10.920025 -30.723587 -17.095461
v -10.920025 -30.723587 -16.780256
v -10.920025 -30.723587 -16.465048
v -10.604605 -30.723587 -16.780254
v -10.604605 -30.723587 -16.465048
v -10.604605 -30.723587 -16.149841
v -10.604605 -30.723587 -15.834633
v -10.920025 -30.723587 -16.149841
v -10.920025 -30.723587 -15.834635
v -10.920025 -30.723587 -15.519428
v -10.920025 -30.723587 -15.204255
v -10.604605 -30.723587 -15.519428
v -10.604605 -30.723587 -15.204145
v -10.604605 -30.723587 -14.887910
v -10.604605 -30.723587 -14.566635
v -10.920025 -30.723587 -14.889307
v -10.920025 -30.723587 -14.575550
v -10.920025 -30.723587 -14.269483
v -10.920025 -30.723587 -14.001764
v -10.423126 -30.723587 -14.032290
v -9.792168 -30.723587 -14.230372
v -10.108734 -30.723587 -14.032290
v -9.793343 -30.723587 -14.032290
v -9.478672 -30.723587 -14.032290
v -9.164379 -30.723587 -14.032290
v -9.478497 -30.723587 -14.230372
v -9.164368 -30.723587 -14.230372
v -8.850151 -30.723587 -14.230372
v -8.535925 -30.723587 -14.230372
v -8.850151 -30.723587 -14.032290
v -8.535927 -30.723587 -14.032290
v -8.221700 -30.723587 -14.032290
v -7.907475 -30.723587 -14.032290
v -8.221701 -30.723587 -14.230372
v -7.907476 -30.723587 -14.230372
v -7.593252 -30.723587 -14.230372
v -7.279028 -30.723587 -14.230372
v -7.593253 -30.723587 -14.032290
v -7.279031 -30.723587 -14.032290
v -6.964805 -30.723587 -14.032290
v -6.650580 -30.723587 -14.032290
v -6.964804 -30.723587 -14.230372
v -6.650579 -30.723587 -14.230372
v -6.336356 -30.723587 -14.230372
v -6.022131 -30.723587 -14.230372
v -6.336356 -30.723587 -14.032290
v -6.022133 -30.723587 -14.032290
v -5.707908 -30.723587 -14.032290
v -5.393684 -30.723587 -14.032290
v -5.707908 -30.723587 -14.230372
v -5.393683 -30.723587 -14.230372
v -5.079459 -30.723587 -14.230372
v -4.765234 -30.723587 -14.230372
v -5.079458 -30.723587 -14.032290
v -4.765234 -30.723587 -14.032290
v -4.451010 -30.723587 -14.032290
v -4.136785 -30.723587 -14.032290
v -4.451010 -30.723587 -14.230372
v -4.136786 -30.723587 -14.230372
v -3.822562 -30.723587 -14.230372
v -3.508337 -30.723587 -14.230372
v -3.822561 -30.723587 -14.032290
v -3.508337 -30.723587 -14.032290
v -3.194113 -30.723587 -14.032290
v -2.879889 -30.723587 -14.032290
v -3.194113 -30.723587 -14.230372
v -2.879889 -30.723587 -14.230372
v -2.565665 -30.723587 -14.230372
v -2.251441 -30.723587 -14.230372
v -2.565664 -30.723587 -14.032290
v -2.251443 -30.723587 -14.032290
v -1.937273 -30.723587 -14.032290
v -1.623596 -30.723587 -14.032290
v -1.937149 -30.723587 -14.230372
v -1.622569 -30.723587 -14.230372
v -1.312528 -30.723587 -14.032290
v -1.009681 -30.723587 -14.276571
v -1.306945 -30.723587 -14.562835
v -1.009681 -30.723587 -14.572926
v -1.306945 -30.723587 -14.879788
v -1.009681 -30.723587 -14.881332
v -1.306945 -30.723587 -15.191586
v -1.306945 -30.723587 -15.502386
v -1.009681 -30.723587 -15.191710
v -1.009681 -30.723587 -15.502389
v -1.009681 -30.723587 -15.813097
v -1.009681 -30.723587 -16.123808
v -1.306945 -30.723587 -15.813097
v -1.306945 -30.723587 -16.123808
v -1.306945 -30.723587 -16.434515
v -1.306945 -30.723587 -16.745226
v -1.009681 -30.723587 -16.434517
v -1.009681 -30.723587 -16.745226
v -1.009681 -30.723587 -17.055937
v -1.009681 -30.723587 -17.366644
v -1.306945 -30.723587 -17.055937
v -1.306945 -30.723587 -17.366644
v -1.306945 -30.723587 -17.677374
v -1.306945 -30.723587 -17.988266
v -1.009681 -30.723587 -17.677376
v -1.009681 -30.723587 -17.988268
v -10.663696 -30.723587 -13.705950
v -10.663696 -30.723587 -13.389375
v -10.920025 -30.723587 -13.699351
v -10.920025 -30.723587 -13.388394
v -10.920025 -30.723587 -13.075892
v -10.663696 -30.723587 -13.075966
v -10.920025 -30.723587 -12.763161
v -10.663696 -30.723587 -12.763163
v -10.920025 -30.723587 -12.450410
v -10.663696 -30.723587 -12.450410
v -10.920025 -30.723587 -12.137658
v -10.663696 -30.723587 -12.137658
v -10.920025 -30.723587 -11.824907
v -10.663696 -30.723587 -11.824905
v -10.920025 -30.723587 -11.512155
v -10.663696 -30.723587 -11.512155
v -10.920025 -30.723587 -11.199401
v -10.663696 -30.723587 -11.199401
v -10.920025 -30.723587 -10.886648
v -10.663696 -30.723587 -10.886648
v -10.920025 -30.723587 -10.573895
v -10.663696 -30.723587 -10.573895
v -10.920025 -30.723587 -10.261144
v -10.663696 -30.723587 -10.261144
v -10.920025 -30.723587 -9.948395
v -10.663696 -30.723587 -9.948395
v -10.920025 -30.723587 -9.635641
v -10.663696 -30.723587 -9.635641
v -10.920025 -30.723587 -9.322889
v -10.663696 -30.723587 -9.322888
v -10.920025 -30.723587 -9.010138
v -10.663696 -30.723587 -9.010138
v -10.920025 -30.723587 -8.697386
v -10.663696 -30.723587 -8.697384
v -10.920025 -30.723587 -8.384632
v -10.663696 -30.723587 -8.384632
v -10.920025 -30.723587 -8.071882
v -10.663696 -30.723587 -8.071892
v -10.920025 -30.723587 -7.759132
v -10.663696 -30.723587 -7.759129
v -10.920025 -30.723587 -7.446373
v -10.663696 -30.723587 -7.446373
v -10.920025 -30.723587 -7.133626
v -10.663696 -30.723587 -7.133595
v -10.920025 -30.723587 -6.820869
v -10.663696 -30.723587 -6.820635
v -10.920025 -30.723587 -6.508016
v -10.663769 -30.723587 -6.507311
v -10.920025 -30.723587 -6.195329
v -10.667231 -30.723587 -6.193707
v -10.920025 -30.723587 -5.882943
v -10.671404 -30.723587 -5.879359
v -10.920025 -30.723587 -5.572927
v -10.675652 -30.723587 -5.557384
v -10.920025 -30.723587 -5.280444
v -10.654842 -30.723587 -5.067230
v -10.353214 -30.723587 -5.067230
v -10.357361 -30.723587 -5.211721
v -10.039530 -30.723587 -5.067230
v -10.039995 -30.723587 -5.211721
v -9.723532 -30.723587 -5.067230
v -9.723557 -30.723587 -5.211721
v -9.407310 -30.723587 -5.067230
v -9.407309 -30.723587 -5.211721
v -9.091080 -30.723587 -5.067230
v -9.091078 -30.723587 -5.211721
v -8.774847 -30.723587 -5.067230
v -8.774845 -30.723587 -5.211721
v -8.458617 -30.723587 -5.067230
v -8.458613 -30.723587 -5.211721
v -8.142382 -30.723587 -5.067230
v -8.142381 -30.723587 -5.211721
v -7.826150 -30.723587 -5.067230
v -7.826148 -30.723587 -5.211721
v -7.509921 -30.723587 -5.067230
v -7.509916 -30.723587 -5.211721
v -7.193686 -30.723587 -5.067230
v -7.193684 -30.723587 -5.211721
v -6.877458 -30.723587 -5.067230
v -6.877452 -30.723587 -5.211721
v -6.561221 -30.723587 -5.067230
v -6.561220 -30.723587 -5.211721
v -6.244987 -30.723587 -5.067230
v -6.244988 -30.723587 -5.211721
v -5.928758 -30.723587 -5.067230
v -5.928756 -30.723587 -5.211721
v -5.612526 -30.723587 -5.067230
v -5.612525 -30.723587 -5.211721
v -5.296294 -30.723587 -5.067230
v -5.296292 -30.723587 -5.211721
v -4.980061 -30.723587 -5.067230
v -4.980060 -30.723587 -5.211721
v -4.663826 -30.723587 -5.067230
v -4.663827 -30.723587 -5.211721
v -4.347593 -30.723587 -5.067230
v -4.347595 -30.723587 -5.211721
v -4.031362 -30.723587 -5.067230
v -4.031363 -30.723587 -5.211721
v -3.715129 -30.723587 -5.067230
v -3.715131 -30.723587 -5.211721
v -3.398897 -30.723587 -5.067230
v -3.398899 -30.723587 -5.211721
v -3.082666 -30.723587 -5.067230
v -3.082667 -30.723587 -5.211721
v -2.766433 -30.723587 -5.067230
v -2.766435 -30.723587 -5.211721
v -2.450202 -30.723587 -5.067230
v -2.450203 -30.723587 -5.211721
v -2.133969 -30.723587 -5.067230
v -2.133970 -30.723587 -5.211721
v -1.817755 -30.723587 -5.067230
v -1.817756 -30.723587 -5.211721
v -1.501887 -30.723587 -5.067230
v -1.501883 -30.723587 -5.211721
v -1.188097 -30.723587 -5.067230
v -1.188049 -30.723587 -5.211721
v -0.878956 -30.723587 -5.067230
v -0.878201 -30.723587 -5.211721
v -0.572681 -30.723587 -5.067230
v -0.566175 -30.723587 -5.211721
v -0.236297 -30.723587 -5.211721
v 0.143162 -30.723587 -5.224045
v 0.481024 -30.723587 -5.073380
v 0.470492 -30.723587 -5.238734
v 0.781881 -30.723587 -5.073647
v 0.780378 -30.723587 -5.238734
v 1.083922 -30.723587 -5.073647
v 1.083815 -30.723587 -5.238734
v 1.385957 -30.723587 -5.073647
v 1.386629 -30.723587 -5.238734
v 1.685396 -30.723587 -5.073647
v 1.690997 -30.723587 -5.238734
v 1.970991 -30.723587 -5.073647
v 2.212678 -30.723587 -5.294507
v 2.212678 -30.723587 -5.585731
v 2.001330 -30.723587 -5.574441
v 2.212678 -30.723587 -5.895128
v 2.001465 -30.723587 -5.893623
v 2.212678 -30.723587 -6.207449
v 2.001599 -30.723587 -6.207395
v 2.212678 -30.723587 -6.520102
v 2.001732 -30.723587 -6.520146
v 2.212678 -30.723587 -6.832785
v 2.001865 -30.723587 -6.832836
v 2.212678 -30.723587 -7.145463
v 2.001998 -30.723587 -7.145505
v 2.212678 -30.723587 -7.458140
v 2.002131 -30.723587 -7.458190
v 2.212678 -30.723587 -7.770822
v 2.002264 -30.723587 -7.770864
v 2.212678 -30.723587 -8.083504
v 2.002396 -30.723587 -8.083548
v 2.212678 -30.723587 -8.396183
v 2.002530 -30.723587 -8.396227
v 2.212678 -30.723587 -8.708864
v 2.002662 -30.723587 -8.708909
v 2.212678 -30.723587 -9.021542
v 2.002796 -30.723587 -9.021586
v 2.212678 -30.723587 -9.334219
v 2.212678 -30.723587 -9.646901
v 2.002928 -30.723587 -9.334265
v 2.003061 -30.723587 -9.646943
v 2.003194 -30.723587 -9.959567
v 2.212678 -30.723587 -9.959693
v 2.003326 -30.723587 -10.271660
v 2.212678 -30.723587 -10.272923
v 2.003458 -30.723587 -10.581066
v 2.182326 -30.723587 -10.587677
v 2.003461 -30.723587 -10.881545
v 2.227132 -30.723587 -10.875002
v 2.003461 -30.723587 -11.187518
v 2.245761 -30.723587 -11.185183
v 2.003461 -30.723587 -11.496998
v 2.250923 -30.723587 -11.496557
v 2.003461 -30.723587 -11.807786
v 2.252247 -30.723587 -11.807728
v 2.003461 -30.723587 -12.118883
v 2.252595 -30.723587 -12.118885
v 2.003461 -30.723587 -12.429985
v 2.003461 -30.723587 -12.740772
v 2.252697 -30.723587 -12.430041
v 2.252746 -30.723587 -12.741217
v 2.252808 -30.723587 -13.052655
v 2.003461 -30.723587 -13.050096
v 2.252858 -30.723587 -13.363983
v 2.003461 -30.723587 -13.354841
v 2.253155 -30.723587 -13.651793
v 2.253147 -30.723587 -13.936692
v 2.003461 -30.723587 -13.649119
v 2.003461 -30.723587 -13.939546
v 2.003461 -30.723587 -14.234263
v 2.252847 -30.723587 -14.224285
v 2.003461 -30.723587 -14.540579
v 2.252807 -30.723587 -14.537924
v 2.003461 -30.723587 -14.851658
v 2.252755 -30.723587 -14.851188
v 2.003461 -30.723587 -15.164248
v 2.252734 -30.723587 -15.164185
v 2.003461 -30.723587 -15.477168
v 2.252728 -30.723587 -15.477161
v 2.003461 -30.723587 -15.790138
v 2.252727 -30.723587 -15.790139
v 2.003461 -30.723587 -16.103115
v 2.252727 -30.723587 -16.103115
v 2.003461 -30.723587 -16.416092
v 2.252727 -30.723587 -16.416094
v 2.003461 -30.723587 -16.729071
v 2.252727 -30.723587 -16.729071
v 2.003461 -30.723587 -17.042048
v 2.252724 -30.723587 -17.042048
v 2.003461 -30.723587 -17.355032
v 2.252718 -30.723587 -17.355024
v 2.003461 -30.723587 -17.668022
v 2.252699 -30.723587 -17.668001
v 2.252645 -30.723587 -17.980970
v 1.966252 -31.985205 -18.299646
v 2.040425 -32.022293 -18.336740
v 2.003340 -31.985205 -18.262558
v 2.215355 -32.022293 -18.295082
v 2.252447 -31.985205 -18.294277
v 1.700902 -31.985205 -18.299646
v 1.700898 -32.022293 -18.336740
v 2.040425 -32.022293 -17.981359
v 2.003340 -31.985205 -17.981384
v 2.003337 -32.022293 -18.410748
v 2.003340 -31.985205 -18.447830
v 2.215355 -31.985205 -18.446947
v 2.252444 -31.985205 -18.409704
v 2.215352 -32.022293 -18.409864
v 1.700897 -32.022293 -18.410748
v 1.700899 -31.985205 -18.447830
v 1.399730 -32.022293 -18.410748
v 1.399734 -31.985205 -18.447830
v 1.399730 -32.022293 -18.336740
v 1.399734 -31.985205 -18.299646
v 1.098580 -32.022293 -18.410748
v 1.098583 -31.985205 -18.447830
v 1.098580 -32.022293 -18.336740
v 1.098583 -31.985205 -18.299646
v 0.797428 -32.022293 -18.410748
v 0.797431 -31.985205 -18.447830
v 0.797428 -32.022293 -18.336740
v 0.797431 -31.985205 -18.299646
v 0.496277 -32.022293 -18.410748
v 0.496280 -31.985205 -18.447830
v 0.496277 -32.022293 -18.336740
v 0.496280 -31.985205 -18.299646
v 0.195125 -32.022293 -18.410748
v 0.195128 -31.985205 -18.447830
v 0.195125 -32.022293 -18.336740
v 0.195128 -31.985205 -18.299646
v -0.106028 -32.022293 -18.410748
v -0.106025 -31.985205 -18.447830
v -0.106028 -32.022293 -18.336740
v -0.106025 -31.985205 -18.299646
v -0.407178 -32.022293 -18.410748
v -0.407174 -31.985205 -18.447830
v -0.407179 -32.022293 -18.336740
v -0.407177 -31.985205 -18.299646
v -0.708376 -32.022293 -18.410748
v -0.708364 -31.985205 -18.447830
v -0.708392 -32.022293 -18.336740
v -0.708397 -31.985205 -18.299646
v -1.009755 -32.022293 -18.410748
v -1.009734 -31.985205 -18.447830
v -1.009803 -31.985205 -18.262558
v -1.046895 -32.022293 -18.336740
v -0.972714 -31.985205 -18.299646
v -1.308779 -32.022293 -18.410748
v -1.309345 -31.985205 -18.447830
v -1.307066 -31.985205 -18.262558
v -1.344154 -31.985205 -18.299646
v -1.269981 -32.022293 -18.336740
v -1.618736 -32.022293 -18.410748
v -1.618852 -31.985205 -18.447830
v -1.618498 -32.022293 -18.336740
v -1.618375 -31.985205 -18.299646
v -1.928459 -32.022293 -18.410748
v -1.928473 -31.985205 -18.447830
v -1.928424 -32.022293 -18.336740
v -1.928403 -31.985205 -18.299646
v -2.238041 -32.022293 -18.410748
v -2.238039 -31.985205 -18.447830
v -2.238039 -32.022293 -18.336740
v -2.238034 -31.985205 -18.299646
v -2.547590 -32.022293 -18.410748
v -2.547587 -31.985205 -18.447830
v -2.547590 -32.022293 -18.336740
v -2.547587 -31.985205 -18.299646
v -2.857136 -32.022293 -18.410748
v -2.857132 -31.985205 -18.447830
v -2.857136 -32.022293 -18.336740
v -2.857132 -31.985205 -18.299646
v -3.166681 -32.022293 -18.410748
v -3.166677 -31.985205 -18.447830
v -3.166681 -32.022293 -18.336740
v -3.166677 -31.985205 -18.299646
v -3.476225 -32.022293 -18.410748
v -3.476222 -31.985205 -18.447830
v -3.476226 -32.022293 -18.336740
v -3.476222 -31.985205 -18.299646
v -3.785772 -32.022293 -18.410748
v -3.785768 -31.985205 -18.447830
v -3.785772 -32.022293 -18.336740
v -3.785768 -31.985205 -18.299646
v -4.095317 -32.022293 -18.410748
v -4.095314 -31.985205 -18.447830
v -4.095317 -32.022293 -18.336740
v -4.095314 -31.985205 -18.299646
v -4.404862 -32.022293 -18.410748
v -4.404859 -31.985205 -18.447830
v -4.404862 -32.022293 -18.336740
v -4.404859 -31.985205 -18.299646
v -4.714408 -32.022293 -18.410748
v -4.714405 -31.985205 -18.447830
v -4.714408 -32.022293 -18.336740
v -4.714405 -31.985205 -18.299646
v -5.023953 -32.022293 -18.410748
v -5.023950 -31.985205 -18.447830
v -5.023953 -32.022293 -18.336740
v -5.023950 -31.985205 -18.299646
v -5.333498 -32.022293 -18.410748
v -5.333495 -31.985205 -18.447830
v -5.333498 -32.022293 -18.336740
v -5.333495 -31.985205 -18.299646
v -5.643044 -32.022293 -18.410748
v -5.643041 -31.985205 -18.447830
v -5.643044 -32.022293 -18.336740
v -5.643041 -31.985205 -18.299646
v -5.952589 -32.022293 -18.410748
v -5.952585 -31.985205 -18.447830
v -5.952589 -32.022293 -18.336740
v -5.952585 -31.985205 -18.299646
v -6.262135 -32.022293 -18.410749
v -6.262131 -31.985205 -18.447830
v -6.262135 -32.022293 -18.336740
v -6.262131 -31.985205 -18.299646
v -6.571680 -32.022293 -18.410749
v -6.571676 -31.985205 -18.447830
v -6.571680 -32.022293 -18.336740
v -6.571676 -31.985205 -18.299646
v -6.881225 -32.022293 -18.410749
v -6.881221 -31.985205 -18.447830
v -6.881225 -32.022293 -18.336740
v -6.881221 -31.985205 -18.299646
v -7.190768 -32.022293 -18.410751
v -7.190767 -31.985205 -18.447830
v -7.190763 -32.022293 -18.336740
v -7.190756 -31.985205 -18.299646
v -7.500334 -32.022293 -18.410751
v -7.500349 -31.985205 -18.447830
v -7.500299 -32.022293 -18.336740
v -7.500277 -31.985205 -18.299646
v -7.809947 -32.022293 -18.410753
v -7.809983 -31.985205 -18.447830
v -7.809870 -32.022293 -18.336740
v -7.809827 -31.985205 -18.299646
v -8.131881 -32.022293 -18.410755
v -8.134520 -31.985205 -18.447830
v -8.206978 -31.985205 -18.446869
v -8.279512 -32.022293 -18.408798
v -8.245674 -31.985205 -18.483431
v -8.126607 -32.022293 -18.336740
v -8.123960 -31.985205 -18.299646
v -8.237678 -31.985205 -18.299646
v -8.239295 -32.022293 -18.336740
v -8.314306 -31.985205 -18.299646
v -8.351959 -31.985205 -18.336731
v -8.314849 -32.022293 -18.336740
v -8.353604 -31.985205 -18.444929
v -8.316502 -32.022293 -18.445427
v -8.355813 -31.985205 -18.590212
v -8.318716 -32.022293 -18.591240
v -8.383919 -31.985205 -18.902891
v -8.424328 -31.985205 -18.939976
v -8.353369 -32.022293 -18.976780
v -8.287485 -32.022293 -18.592098
v -8.250446 -31.985205 -18.593113
v -8.303360 -32.022293 -18.934044
v -8.266159 -31.985205 -18.931471
v -8.266514 -31.985205 -18.992134
v -8.303703 -32.022293 -18.993416
v -8.303797 -31.985205 -19.030495
v -8.387932 -32.022293 -18.996311
v -8.388381 -31.985205 -19.033401
v -8.709723 -32.022293 -19.003946
v -8.708830 -31.985205 -19.041002
v -8.710340 -32.022293 -18.978182
v -8.711227 -31.985205 -18.941103
v -9.026678 -32.022293 -19.011665
v -9.025593 -31.985205 -19.048712
v -9.027619 -32.022293 -18.979427
v -9.028698 -31.985205 -18.942350
v -9.341591 -32.022293 -19.019356
v -9.340658 -31.985205 -19.056400
v -9.342560 -32.022293 -18.980661
v -9.343485 -31.985205 -18.943586
v -9.659367 -32.022293 -19.027109
v -9.658453 -31.985205 -19.064148
v -9.660478 -32.022293 -18.981905
v -9.661385 -31.985205 -18.944834
v -9.977249 -32.022293 -19.034893
v -9.974878 -31.985205 -19.071886
v -9.980542 -32.022293 -18.983406
v -9.982908 -31.985205 -18.946348
v -10.294083 -32.022293 -19.056616
v -10.290981 -31.985205 -19.093546
v -10.298622 -32.022293 -19.002476
v -10.301722 -31.985205 -18.965466
v -10.607182 -32.022293 -19.086510
v -10.608171 -31.985205 -19.123816
v -10.604725 -31.985205 -18.957270
v -10.641817 -32.022293 -19.035198
v -10.567804 -31.985205 -18.990837
v -10.883060 -31.985205 -19.127035
v -10.883061 -32.022293 -19.089750
v -10.920147 -31.985205 -19.090382
v -10.883061 -32.022293 -18.991686
v -10.920147 -31.985205 -18.991323
v -10.883061 -32.022293 -18.671759
v -10.920147 -31.985205 -18.671747
v -10.641817 -32.022293 -18.671793
v -10.604725 -31.985205 -18.671793
v -10.883061 -32.022293 -18.356499
v -10.920147 -31.985205 -18.356493
v -10.883061 -32.022293 -18.041296
v -10.920147 -31.985205 -18.041290
v -10.604725 -31.985205 -18.356499
v -10.641817 -32.022293 -18.356504
v -10.604725 -31.985205 -18.041290
v -10.641817 -32.022293 -18.041296
v -10.604725 -31.985205 -17.726082
v -10.641817 -32.022293 -17.726088
v -10.920147 -31.985205 -17.726082
v -10.883061 -32.022293 -17.726088
v -10.604725 -31.985205 -17.410875
v -10.641817 -32.022293 -17.410881
v -10.604725 -31.985205 -17.095667
v -10.641817 -32.022293 -17.095673
v -10.883061 -32.022293 -17.410881
v -10.920147 -31.985205 -17.410875
v -10.883061 -32.022293 -17.095673
v -10.920147 -31.985205 -17.095667
v -10.883061 -32.022293 -16.780468
v -10.920147 -31.985205 -16.780462
v -10.883061 -32.022293 -16.465260
v -10.920147 -31.985205 -16.465254
v -10.641817 -32.022293 -16.780466
v -10.604725 -31.985205 -16.780460
v -10.604725 -31.985205 -16.465254
v -10.641817 -32.022293 -16.465260
v -10.604725 -31.985205 -16.150047
v -10.641817 -32.022293 -16.150053
v -10.604725 -31.985205 -15.834839
v -10.641817 -32.022293 -15.834845
v -10.883061 -32.022293 -16.150053
v -10.920147 -31.985205 -16.150047
v -10.883061 -32.022293 -15.834846
v -10.920147 -31.985205 -15.834841
v -10.883061 -32.022293 -15.519640
v -10.920147 -31.985205 -15.519634
v -10.883061 -32.022293 -15.204454
v -10.920147 -31.985205 -15.204461
v -10.641817 -32.022293 -15.519640
v -10.604725 -31.985205 -15.519634
v -10.604725 -31.985205 -15.204351
v -10.641817 -32.022293 -15.204370
v -10.604725 -31.985205 -14.888116
v -10.641817 -32.022293 -14.888286
v -10.604725 -31.985205 -14.566841
v -10.641817 -32.022293 -14.567895
v -10.883061 -32.022293 -14.889355
v -10.920147 -31.985205 -14.889513
v -10.883061 -32.022293 -14.574714
v -10.920147 -31.985205 -14.575756
v -10.883061 -32.022293 -14.265100
v -10.920147 -31.985205 -14.269689
v -10.883061 -32.022293 -14.006392
v -10.920147 -31.985205 -14.001970
v -10.567636 -31.985205 -14.230619
v -10.641817 -32.022293 -14.193537
v -10.604725 -31.985205 -14.267708
v -10.626728 -31.985205 -14.032496
v -10.663816 -31.985205 -13.995408
v -10.700909 -32.022293 -14.069591
v -10.522572 -31.985205 -14.230619
v -10.485483 -31.985205 -14.267708
v -10.448399 -32.022293 -14.193537
v -10.423246 -31.985205 -14.032496
v -10.434900 -32.022293 -14.069591
v -10.485483 -31.985205 -14.267708
v -10.448395 -31.985205 -14.304796
v -10.448399 -32.022293 -14.267714
v -10.067308 -31.985205 -14.230578
v -10.141489 -32.022293 -14.193496
v -10.104397 -31.985205 -14.267667
v -9.792290 -31.985205 -14.230578
v -9.792513 -32.022293 -14.193496
v -10.108024 -32.022293 -14.069591
v -10.108854 -31.985205 -14.032496
v -10.104397 -31.985205 -14.267708
v -10.141489 -32.022293 -14.267714
v -10.141485 -31.985205 -14.304796
v -9.793247 -32.022293 -14.069591
v -9.793463 -31.985205 -14.032496
v -9.478764 -32.022293 -14.069591
v -9.478792 -31.985205 -14.032496
v -9.164501 -32.022293 -14.069591
v -9.164499 -31.985205 -14.032496
v -9.478619 -31.985205 -14.230578
v -9.478655 -32.022293 -14.193496
v -9.164488 -31.985205 -14.230578
v -9.164494 -32.022293 -14.193496
v -8.850271 -31.985205 -14.230578
v -8.850275 -32.022293 -14.193496
v -8.536047 -31.985205 -14.230578
v -8.536050 -32.022293 -14.193496
v -8.850275 -32.022293 -14.069591
v -8.850271 -31.985205 -14.032496
v -8.536051 -32.022293 -14.069591
v -8.536047 -31.985205 -14.032496
v -8.221825 -32.022293 -14.069591
v -8.221821 -31.985205 -14.032496
v -7.907600 -32.022293 -14.069591
v -7.907597 -31.985205 -14.032496
v -8.221822 -31.985205 -14.230578
v -8.221826 -32.022293 -14.193496
v -7.907598 -31.985205 -14.230578
v -7.907601 -32.022293 -14.193496
v -7.593373 -31.985205 -14.230578
v -7.593377 -32.022293 -14.193496
v -7.279149 -31.985205 -14.230578
v -7.279153 -32.022293 -14.193496
v -7.593378 -32.022293 -14.069591
v -7.593374 -31.985205 -14.032496
v -7.279155 -32.022293 -14.069591
v -7.279152 -31.985205 -14.032496
v -6.964930 -32.022293 -14.069591
v -6.964926 -31.985205 -14.032496
v -6.650705 -32.022293 -14.069591
v -6.650702 -31.985205 -14.032496
v -6.964925 -31.985205 -14.230578
v -6.964929 -32.022293 -14.193496
v -6.650701 -31.985205 -14.230578
v -6.650704 -32.022293 -14.193496
v -6.336477 -31.985205 -14.230578
v -6.336481 -32.022293 -14.193496
v -6.022252 -31.985205 -14.230578
v -6.022256 -32.022293 -14.193496
v -6.336481 -32.022293 -14.069591
v -6.336477 -31.985205 -14.032496
v -6.022257 -32.022293 -14.069591
v -6.022254 -31.985205 -14.032496
v -5.708033 -32.022293 -14.069591
v -5.708029 -31.985205 -14.032496
v -5.393808 -32.022293 -14.069591
v -5.393805 -31.985205 -14.032496
v -5.708029 -31.985205 -14.230578
v -5.708032 -32.022293 -14.193496
v -5.393804 -31.985205 -14.230578
v -5.393807 -32.022293 -14.193496
v -5.079579 -31.985205 -14.230578
v -5.079583 -32.022293 -14.193496
v -4.765356 -31.985205 -14.230578
v -4.765359 -32.022293 -14.193496
v -5.079582 -32.022293 -14.069591
v -5.079578 -31.985205 -14.032496
v -4.765358 -32.022293 -14.069591
v -4.765355 -31.985205 -14.032496
v -4.451134 -32.022293 -14.069591
v -4.451131 -31.985205 -14.032496
v -4.136909 -32.022293 -14.069591
v -4.136906 -31.985205 -14.032496
v -4.451131 -31.985205 -14.230578
v -4.451135 -32.022293 -14.193496
v -4.136907 -31.985205 -14.230578
v -4.136910 -32.022293 -14.193496
v -3.822683 -31.985205 -14.230578
v -3.822686 -32.022293 -14.193496
v -3.508459 -31.985205 -14.230578
v -3.508462 -32.022293 -14.193496
v -3.822686 -32.022293 -14.069591
v -3.822682 -31.985205 -14.032496
v -3.508461 -32.022293 -14.069591
v -3.508458 -31.985205 -14.032496
v -3.194237 -32.022293 -14.069591
v -3.194234 -31.985205 -14.032496
v -2.880013 -32.022293 -14.069591
v -2.880009 -31.985205 -14.032496
v -3.194234 -31.985205 -14.230578
v -3.194238 -32.022293 -14.193496
v -2.880010 -31.985205 -14.230578
v -2.880013 -32.022293 -14.193496
v -2.565786 -31.985205 -14.230578
v -2.565789 -32.022293 -14.193496
v -2.251562 -31.985205 -14.230578
v -2.251566 -32.022293 -14.193496
v -2.565789 -32.022293 -14.069591
v -2.565785 -31.985205 -14.032496
v -2.251567 -32.022293 -14.069591
v -2.251564 -31.985205 -14.032496
v -1.937374 -32.022293 -14.069591
v -1.937394 -31.985205 -14.032496
v -1.623529 -32.022293 -14.069591
v -1.623717 -31.985205 -14.032496
v -1.937270 -31.985205 -14.230578
v -1.937297 -32.022293 -14.193496
v -1.622690 -31.985205 -14.230578
v -1.622886 -32.022293 -14.193496
v -1.344154 -31.985205 -14.230578
v -1.307066 -31.985205 -14.267667
v -1.269981 -32.022293 -14.193496
v -1.312649 -31.985205 -14.032496
v -1.311607 -32.022293 -14.069591
v -1.009803 -31.985205 -14.276777
v -1.046895 -32.022293 -14.271019
v -1.307066 -31.985205 -14.563041
v -1.269981 -32.022293 -14.564305
v -1.009803 -31.985205 -14.573132
v -1.046895 -32.022293 -14.571878
v -1.307066 -31.985205 -14.879994
v -1.269981 -32.022293 -14.880193
v -1.009803 -31.985205 -14.881538
v -1.046895 -32.022293 -14.881351
v -1.307066 -31.985205 -15.191792
v -1.269981 -32.022293 -15.191813
v -1.307066 -31.985205 -15.502592
v -1.269981 -32.022293 -15.502598
v -1.046895 -32.022293 -15.191906
v -1.009803 -31.985205 -15.191916
v -1.046895 -32.022293 -15.502601
v -1.009803 -31.985205 -15.502595
v -1.046895 -32.022293 -15.813309
v -1.009803 -31.985205 -15.813303
v -1.046895 -32.022293 -16.124020
v -1.009803 -31.985205 -16.124014
v -1.269981 -32.022293 -15.813309
v -1.307066 -31.985205 -15.813303
v -1.307066 -31.985205 -16.124014
v -1.269981 -32.022293 -16.124020
v -1.307066 -31.985205 -16.434721
v -1.269981 -32.022293 -16.434727
v -1.307066 -31.985205 -16.745432
v -1.269981 -32.022293 -16.745438
v -1.046895 -32.022293 -16.434729
v -1.009803 -31.985205 -16.434723
v -1.046895 -32.022293 -16.745438
v -1.009803 -31.985205 -16.745432
v -1.046895 -32.022293 -17.056149
v -1.009803 -31.985205 -17.056143
v -1.046895 -32.022293 -17.366856
v -1.009803 -31.985205 -17.366850
v -1.269981 -32.022293 -17.056149
v -1.307066 -31.985205 -17.056143
v -1.307066 -31.985205 -17.366850
v -1.269981 -32.022293 -17.366856
v -1.307066 -31.985205 -17.677580
v -1.269981 -32.022293 -17.677586
v -1.307066 -31.985205 -17.988472
v -1.269981 -32.022293 -17.988478
v -1.046895 -32.022293 -17.677588
v -1.009803 -31.985205 -17.677582
v -1.046895 -32.022293 -17.988480
v -1.009803 -31.985205 -17.988474
v -1.009803 -31.985205 -14.069585
v -1.046891 -31.985205 -14.032496
v -1.046895 -32.022293 -14.069591
v -10.663816 -31.985205 -13.706156
v -10.700909 -32.022293 -13.705207
v -10.663816 -31.985205 -13.389581
v -10.700909 -32.022293 -13.389444
v -10.883061 -32.022293 -13.700518
v -10.920147 -31.985205 -13.699557
v -10.883061 -32.022293 -13.388748
v -10.920147 -31.985205 -13.388600
v -10.883061 -32.022293 -13.076115
v -10.920147 -31.985205 -13.076098
v -10.700909 -32.022293 -13.076167
v -10.663816 -31.985205 -13.076172
v -10.883061 -32.022293 -12.763372
v -10.920147 -31.985205 -12.763367
v -10.700909 -32.022293 -12.763374
v -10.663816 -31.985205 -12.763369
v -10.883061 -32.022293 -12.450622
v -10.920147 -31.985205 -12.450616
v -10.700909 -32.022293 -12.450622
v -10.663816 -31.985205 -12.450616
v -10.883061 -32.022293 -12.137870
v -10.920147 -31.985205 -12.137864
v -10.700909 -32.022293 -12.137870
v -10.663816 -31.985205 -12.137864
v -10.883061 -32.022293 -11.825119
v -10.920147 -31.985205 -11.825113
v -10.700909 -32.022293 -11.825117
v -10.663816 -31.985205 -11.825111
v -10.883061 -32.022293 -11.512366
v -10.920147 -31.985205 -11.512361
v -10.700909 -32.022293 -11.512366
v -10.663816 -31.985205 -11.512361
v -10.883061 -32.022293 -11.199613
v -10.920147 -31.985205 -11.199607
v -10.700909 -32.022293 -11.199613
v -10.663816 -31.985205 -11.199607
v -10.883061 -32.022293 -10.886860
v -10.920147 -31.985205 -10.886854
v -10.700909 -32.022293 -10.886860
v -10.663816 -31.985205 -10.886854
v -10.883061 -32.022293 -10.574106
v -10.920147 -31.985205 -10.574100
v -10.700909 -32.022293 -10.574106
v -10.663816 -31.985205 -10.574100
v -10.883061 -32.022293 -10.261355
v -10.920147 -31.985205 -10.261350
v -10.700909 -32.022293 -10.261355
v -10.663816 -31.985205 -10.261350
v -10.883061 -32.022293 -9.948606
v -10.920147 -31.985205 -9.948601
v -10.700909 -32.022293 -9.948606
v -10.663816 -31.985205 -9.948601
v -10.883061 -32.022293 -9.635853
v -10.920147 -31.985205 -9.635847
v -10.700909 -32.022293 -9.635853
v -10.663816 -31.985205 -9.635847
v -10.883061 -32.022293 -9.323101
v -10.920147 -31.985205 -9.323095
v -10.700909 -32.022293 -9.323100
v -10.663816 -31.985205 -9.323094
v -10.883061 -32.022293 -9.010349
v -10.920147 -31.985205 -9.010344
v -10.700909 -32.022293 -9.010349
v -10.663816 -31.985205 -9.010344
v -10.883061 -32.022293 -8.697598
v -10.920147 -31.985205 -8.697592
v -10.700909 -32.022293 -8.697596
v -10.663816 -31.985205 -8.697590
v -10.883061 -32.022293 -8.384845
v -10.920147 -31.985205 -8.384838
v -10.700909 -32.022293 -8.384845
v -10.663816 -31.985205 -8.384838
v -10.883061 -32.022293 -8.072096
v -10.920147 -31.985205 -8.072088
v -10.700909 -32.022293 -8.072102
v -10.663816 -31.985205 -8.072098
v -10.883061 -32.022293 -7.759344
v -10.920147 -31.985205 -7.759338
v -10.700909 -32.022293 -7.759341
v -10.663816 -31.985205 -7.759335
v -10.883061 -32.022293 -7.446586
v -10.920147 -31.985205 -7.446579
v -10.700909 -32.022293 -7.446586
v -10.663816 -31.985205 -7.446579
v -10.883061 -32.022293 -7.133834
v -10.920147 -31.985205 -7.133832
v -10.700910 -32.022293 -7.133812
v -10.663816 -31.985205 -7.133801
v -10.883061 -32.022293 -6.821048
v -10.920147 -31.985205 -6.821075
v -10.700911 -32.022293 -6.820881
v -10.663816 -31.985205 -6.820841
v -10.883061 -32.022293 -6.508126
v -10.920147 -31.985205 -6.508222
v -10.700983 -32.022293 -6.507625
v -10.663889 -31.985205 -6.507517
v -10.883061 -32.022293 -6.195303
v -10.920147 -31.985205 -6.195535
v -10.704445 -32.022293 -6.194158
v -10.667353 -31.985205 -6.193913
v -10.883061 -32.022293 -5.882621
v -10.920147 -31.985205 -5.883149
v -10.708614 -32.022293 -5.880105
v -10.671526 -31.985205 -5.879565
v -10.883061 -32.022293 -5.570780
v -10.920147 -31.985205 -5.573133
v -10.712837 -32.022293 -5.559953
v -10.675772 -31.985205 -5.557590
v -10.883061 -32.022293 -5.270109
v -10.920147 -31.985205 -5.280650
v -10.641384 -31.985205 -5.211927
v -10.715847 -32.022293 -5.174845
v -10.678183 -31.985205 -5.249014
v -10.920147 -31.985205 -5.104524
v -10.883061 -32.022293 -5.104530
v -10.883059 -31.985205 -5.067436
v -10.661001 -32.022293 -5.104530
v -10.654963 -31.985205 -5.067436
v -10.354403 -32.022293 -5.104530
v -10.353334 -31.985205 -5.067436
v -10.356421 -32.022293 -5.174845
v -10.357481 -31.985205 -5.211927
v -10.039774 -32.022293 -5.104530
v -10.039650 -31.985205 -5.067436
v -10.040001 -32.022293 -5.174845
v -10.040117 -31.985205 -5.211927
v -9.723663 -32.022293 -5.104530
v -9.723654 -31.985205 -5.067436
v -9.723675 -32.022293 -5.174845
v -9.723677 -31.985205 -5.211927
v -9.407434 -32.022293 -5.104530
v -9.407433 -31.985205 -5.067436
v -9.407434 -32.022293 -5.174845
v -9.407431 -31.985205 -5.211927
v -9.091204 -32.022293 -5.104530
v -9.091200 -31.985205 -5.067436
v -9.091202 -32.022293 -5.174845
v -9.091198 -31.985205 -5.211927
v -8.774971 -32.022293 -5.104530
v -8.774967 -31.985205 -5.067436
v -8.774969 -32.022293 -5.174845
v -8.774965 -31.985205 -5.211927
v -8.458741 -32.022293 -5.104530
v -8.458738 -31.985205 -5.067436
v -8.458739 -32.022293 -5.174845
v -8.458735 -31.985205 -5.211927
v -8.142507 -32.022293 -5.104530
v -8.142503 -31.985205 -5.067436
v -8.142506 -32.022293 -5.174845
v -8.142502 -31.985205 -5.211927
v -7.826274 -32.022293 -5.104530
v -7.826271 -31.985205 -5.067436
v -7.826273 -32.022293 -5.174845
v -7.826269 -31.985205 -5.211927
v -7.510045 -32.022293 -5.104530
v -7.510042 -31.985205 -5.067436
v -7.510042 -32.022293 -5.174845
v -7.510037 -31.985205 -5.211927
v -7.193810 -32.022293 -5.104530
v -7.193808 -31.985205 -5.067436
v -7.193810 -32.022293 -5.174844
v -7.193805 -31.985205 -5.211927
v -6.877581 -32.022293 -5.104530
v -6.877579 -31.985205 -5.067436
v -6.877578 -32.022293 -5.174844
v -6.877573 -31.985205 -5.211927
v -6.561346 -32.022293 -5.104530
v -6.561342 -31.985205 -5.067436
v -6.561345 -32.022293 -5.174844
v -6.561341 -31.985205 -5.211927
v -6.245111 -32.022293 -5.104530
v -6.245108 -31.985205 -5.067436
v -6.245112 -32.022293 -5.174844
v -6.245109 -31.985205 -5.211927
v -5.928882 -32.022293 -5.104530
v -5.928879 -31.985205 -5.067436
v -5.928881 -32.022293 -5.174844
v -5.928877 -31.985205 -5.211927
v -5.612650 -32.022293 -5.104530
v -5.612647 -31.985205 -5.067436
v -5.612649 -32.022293 -5.174844
v -5.612645 -31.985205 -5.211927
v -5.296418 -32.022293 -5.104530
v -5.296414 -31.985205 -5.067436
v -5.296417 -32.022293 -5.174843
v -5.296412 -31.985205 -5.211927
v -4.980185 -32.022293 -5.104530
v -4.980182 -31.985205 -5.067436
v -4.980185 -32.022293 -5.174843
v -4.980181 -31.985205 -5.211927
v -4.663951 -32.022293 -5.104530
v -4.663947 -31.985205 -5.067436
v -4.663951 -32.022293 -5.174842
v -4.663949 -31.985205 -5.211927
v -4.347718 -32.022293 -5.104530
v -4.347714 -31.985205 -5.067436
v -4.347719 -32.022293 -5.174841
v -4.347716 -31.985205 -5.211927
v -4.031487 -32.022293 -5.104530
v -4.031483 -31.985205 -5.067436
v -4.031487 -32.022293 -5.174840
v -4.031484 -31.985205 -5.211927
v -3.715254 -32.022293 -5.104530
v -3.715250 -31.985205 -5.067436
v -3.715255 -32.022293 -5.174839
v -3.715252 -31.985205 -5.211927
v -3.399022 -32.022293 -5.104530
v -3.399018 -31.985205 -5.067436
v -3.399023 -32.022293 -5.174837
v -3.399020 -31.985205 -5.211927
v -3.082791 -32.022293 -5.104530
v -3.082787 -31.985205 -5.067436
v -3.082791 -32.022293 -5.174834
v -3.082788 -31.985205 -5.211927
v -2.766558 -32.022293 -5.104530
v -2.766554 -31.985205 -5.067436
v -2.766559 -32.022293 -5.174831
v -2.766556 -31.985205 -5.211927
v -2.450327 -32.022293 -5.104530
v -2.450323 -31.985205 -5.067436
v -2.450327 -32.022293 -5.174827
v -2.450324 -31.985205 -5.211927
v -2.134094 -32.022293 -5.104530
v -2.134090 -31.985205 -5.067436
v -2.134094 -32.022293 -5.174821
v -2.134091 -31.985205 -5.211927
v -1.817880 -32.022293 -5.104530
v -1.817876 -31.985205 -5.067436
v -1.817881 -32.022293 -5.174813
v -1.817877 -31.985205 -5.211927
v -1.502010 -32.022293 -5.104530
v -1.502008 -31.985205 -5.067436
v -1.502009 -32.022293 -5.174803
v -1.502004 -31.985205 -5.211927
v -1.188209 -32.022293 -5.104529
v -1.188218 -31.985205 -5.067436
v -1.188186 -32.022293 -5.174789
v -1.188170 -31.985205 -5.211927
v -0.878887 -32.022293 -5.104529
v -0.879077 -31.985205 -5.067436
v -0.878520 -32.022293 -5.174771
v -0.878322 -31.985205 -5.211927
v -0.571136 -32.022293 -5.104529
v -0.572803 -31.985205 -5.067436
v -0.567974 -32.022293 -5.174747
v -0.566296 -31.985205 -5.211927
v -0.308243 -31.985205 -5.066187
v -0.234070 -32.022293 -5.102938
v -0.271155 -31.985205 -5.028924
v -0.245282 -32.022293 -5.174715
v -0.236418 -31.985205 -5.211927
v 0.185769 -31.985205 -5.028874
v 0.148677 -32.022293 -5.102146
v 0.222845 -31.985205 -5.066920
v -0.271155 -31.985205 -4.957088
v -0.234070 -32.022293 -4.957094
v -0.234066 -31.985205 -4.920000
v 0.148680 -31.985205 -4.920000
v 0.148677 -32.022293 -4.957094
v 0.185769 -31.985205 -4.957088
v 0.152928 -32.022293 -5.187617
v 0.143041 -31.985205 -5.224251
v 0.478538 -32.022293 -5.110669
v 0.480903 -31.985205 -5.073586
v 0.472724 -32.022293 -5.201945
v 0.470371 -31.985205 -5.238940
v 0.781419 -32.022293 -5.110940
v 0.781760 -31.985205 -5.073853
v 0.780591 -32.022293 -5.201926
v 0.780257 -31.985205 -5.238940
v 1.083774 -32.022293 -5.110941
v 1.083801 -31.985205 -5.073853
v 1.083714 -32.022293 -5.201913
v 1.083694 -31.985205 -5.238940
v 1.385983 -32.022293 -5.110943
v 1.385836 -31.985205 -5.073853
v 1.386354 -32.022293 -5.201904
v 1.386508 -31.985205 -5.238940
v 1.686530 -32.022293 -5.110944
v 1.685275 -31.985205 -5.073853
v 1.689615 -32.022293 -5.201900
v 1.690876 -31.985205 -5.238940
v 1.977649 -32.022293 -5.110944
v 1.970870 -31.985205 -5.073853
v 2.001081 -31.985205 -5.276028
v 2.038135 -32.022293 -5.201898
v 1.963977 -31.985205 -5.238940
v 2.175468 -31.985205 -5.073853
v 2.175461 -32.022293 -5.110944
v 2.212557 -31.985205 -5.110942
v 2.175461 -32.022293 -5.284937
v 2.212557 -31.985205 -5.294713
v 2.175461 -32.022293 -5.583962
v 2.212557 -31.985205 -5.585937
v 2.038295 -32.022293 -5.576634
v 2.001209 -31.985205 -5.574647
v 2.175460 -32.022293 -5.895076
v 2.212557 -31.985205 -5.895334
v 2.038429 -32.022293 -5.894100
v 2.001344 -31.985205 -5.893829
v 2.175459 -32.022293 -6.207652
v 2.212557 -31.985205 -6.207655
v 2.038563 -32.022293 -6.207617
v 2.001478 -31.985205 -6.207601
v 2.175457 -32.022293 -6.520322
v 2.212557 -31.985205 -6.520308
v 2.038696 -32.022293 -6.520351
v 2.001611 -31.985205 -6.520352
v 2.175455 -32.022293 -6.833006
v 2.212557 -31.985205 -6.832991
v 2.038829 -32.022293 -6.833039
v 2.001744 -31.985205 -6.833042
v 2.175452 -32.022293 -7.145682
v 2.212557 -31.985205 -7.145669
v 2.038962 -32.022293 -7.145710
v 2.001877 -31.985205 -7.145711
v 2.175447 -32.022293 -7.458362
v 2.212557 -31.985205 -7.458346
v 2.039094 -32.022293 -7.458394
v 2.002009 -31.985205 -7.458396
v 2.175442 -32.022293 -7.771041
v 2.212557 -31.985205 -7.771028
v 2.039227 -32.022293 -7.771069
v 2.002142 -31.985205 -7.771070
v 2.175435 -32.022293 -8.083723
v 2.212557 -31.985205 -8.083710
v 2.039360 -32.022293 -8.083752
v 2.002275 -31.985205 -8.083754
v 2.175425 -32.022293 -8.396402
v 2.212557 -31.985205 -8.396389
v 2.039494 -32.022293 -8.396431
v 2.002409 -31.985205 -8.396433
v 2.175412 -32.022293 -8.709084
v 2.212557 -31.985205 -8.709070
v 2.039626 -32.022293 -8.709113
v 2.002541 -31.985205 -8.709115
v 2.175395 -32.022293 -9.021761
v 2.212557 -31.985205 -9.021748
v 2.039760 -32.022293 -9.021791
v 2.002675 -31.985205 -9.021792
v 2.175371 -32.022293 -9.334438
v 2.212557 -31.985205 -9.334425
v 2.175341 -32.022293 -9.647120
v 2.212557 -31.985205 -9.647107
v 2.039892 -32.022293 -9.334469
v 2.002807 -31.985205 -9.334471
v 2.002940 -31.985205 -9.647149
v 2.040025 -32.022293 -9.647147
v 2.003073 -31.985205 -9.959773
v 2.040158 -32.022293 -9.959801
v 2.212557 -31.985205 -9.959899
v 2.175301 -32.022293 -9.959883
v 2.003205 -31.985205 -10.271866
v 2.040290 -32.022293 -10.272095
v 2.212557 -31.985205 -10.273129
v 2.175247 -32.022293 -10.272909
v 2.003337 -31.985205 -10.581272
v 2.040422 -32.022293 -10.582648
v 2.182205 -31.985205 -10.587883
v 2.144940 -32.022293 -10.586512
v 2.003340 -31.985205 -10.881751
v 2.040425 -32.022293 -10.880672
v 2.227011 -31.985205 -10.875208
v 2.190077 -32.022293 -10.876294
v 2.003340 -31.985205 -11.187724
v 2.040425 -32.022293 -11.187372
v 2.245640 -31.985205 -11.185389
v 2.208633 -32.022293 -11.185751
v 2.003340 -31.985205 -11.497204
v 2.040425 -32.022293 -11.497144
v 2.250802 -31.985205 -11.496763
v 2.213771 -32.022293 -11.496835
v 2.003340 -31.985205 -11.807992
v 2.040425 -32.022293 -11.807989
v 2.252126 -31.985205 -11.807934
v 2.215080 -32.022293 -11.807948
v 2.003340 -31.985205 -12.119089
v 2.040425 -32.022293 -12.119095
v 2.252474 -31.985205 -12.119091
v 2.215416 -32.022293 -12.119097
v 2.003340 -31.985205 -12.430191
v 2.040425 -32.022293 -12.430205
v 2.003340 -31.985205 -12.740978
v 2.040425 -32.022293 -12.741050
v 2.252576 -31.985205 -12.430247
v 2.215510 -32.022293 -12.430244
v 2.215553 -32.022293 -12.741363
v 2.252625 -31.985205 -12.741423
v 2.215610 -32.022293 -13.052486
v 2.252687 -31.985205 -13.052861
v 2.040425 -32.022293 -13.050688
v 2.003340 -31.985205 -13.050302
v 2.215655 -32.022293 -13.362836
v 2.252737 -31.985205 -13.364189
v 2.040425 -32.022293 -13.356413
v 2.003340 -31.985205 -13.355047
v 2.215951 -32.022293 -13.651608
v 2.253034 -31.985205 -13.651999
v 2.215941 -32.022293 -13.937327
v 2.253026 -31.985205 -13.936898
v 2.040425 -32.022293 -13.649728
v 2.003340 -31.985205 -13.649325
v 2.003340 -31.985205 -13.939752
v 2.040425 -32.022293 -13.939334
v 2.003340 -31.985205 -14.234469
v 2.040425 -32.022293 -14.232991
v 2.252726 -31.985205 -14.224491
v 2.215638 -32.022293 -14.225981
v 2.003340 -31.985205 -14.540785
v 2.040425 -32.022293 -14.540396
v 2.252686 -31.985205 -14.538130
v 2.215598 -32.022293 -14.538530
v 2.003340 -31.985205 -14.851864
v 2.040425 -32.022293 -14.851800
v 2.252634 -31.985205 -14.851394
v 2.215545 -32.022293 -14.851469
v 2.003340 -31.985205 -15.164454
v 2.040425 -32.022293 -15.164450
v 2.252613 -31.985205 -15.164391
v 2.215523 -32.022293 -15.164406
v 2.003340 -31.985205 -15.477374
v 2.040425 -32.022293 -15.477379
v 2.252607 -31.985205 -15.477367
v 2.215517 -32.022293 -15.477374
v 2.003340 -31.985205 -15.790344
v 2.040425 -32.022293 -15.790350
v 2.252606 -31.985205 -15.790345
v 2.215515 -32.022293 -15.790351
v 2.003340 -31.985205 -16.103321
v 2.040425 -32.022293 -16.103327
v 2.252606 -31.985205 -16.103321
v 2.215515 -32.022293 -16.103327
v 2.003340 -31.985205 -16.416298
v 2.040425 -32.022293 -16.416304
v 2.252606 -31.985205 -16.416300
v 2.215515 -32.022293 -16.416306
v 2.003340 -31.985205 -16.729277
v 2.040425 -32.022293 -16.729282
v 2.252606 -31.985205 -16.729277
v 2.215515 -32.022293 -16.729282
v 2.003340 -31.985205 -17.042253
v 2.040425 -32.022293 -17.042259
v 2.252603 -31.985205 -17.042253
v 2.215512 -32.022293 -17.042259
v 2.003340 -31.985205 -17.355238
v 2.040425 -32.022293 -17.355244
v 2.252597 -31.985205 -17.355230
v 2.215506 -32.022293 -17.355236
v 2.003340 -31.985205 -17.668228
v 2.040425 -32.022293 -17.668230
v 2.252578 -31.985205 -17.668207
v 2.215487 -32.022293 -17.668217
v 2.215432 -32.022293 -17.981213
v 2.252523 -31.985205 -17.981176
v 1.966373 -30.723587 -18.299440
v 2.003461 -30.723587 -18.262352
v 2.252565 -30.723587 -18.409498
v 2.215476 -30.723587 -18.446741
v -1.009681 -30.723587 -18.262352
v -0.972593 -30.723587 -18.299440
v -1.344033 -30.723587 -18.299440
v -1.306945 -30.723587 -18.262352
v -8.206857 -30.723587 -18.446663
v -8.245554 -30.723587 -18.483225
v -8.351838 -30.723587 -18.336525
v -8.314185 -30.723587 -18.299440
v -8.424207 -30.723587 -18.939770
v -8.383799 -30.723587 -18.902685
v -8.266393 -30.723587 -18.991928
v -8.303676 -30.723587 -19.030289
v -10.604605 -30.723587 -18.957064
v -10.567683 -30.723587 -18.990631
v -10.920025 -30.723587 -19.090176
v -10.882939 -30.723587 -19.126829
v -10.604605 -30.723587 -14.267502
v -10.567516 -30.723587 -14.230413
v -10.663696 -30.723587 -13.995202
v -10.626608 -30.723587 -14.032290
v -10.522451 -30.723587 -14.230413
v -10.485363 -30.723587 -14.267502
v -10.485363 -30.723587 -14.267502
v -10.448275 -30.723587 -14.304590
v -10.104277 -30.723587 -14.267461
v -10.067188 -30.723587 -14.230372
v -10.141365 -30.723587 -14.304590
v -10.104277 -30.723587 -14.267502
v -1.306945 -30.723587 -14.267461
v -1.344033 -30.723587 -14.230372
v -1.046770 -30.723587 -14.032290
v -1.009681 -30.723587 -14.069379
v -10.678062 -30.723587 -5.248808
v -10.641264 -30.723587 -5.211721
v -10.882936 -30.723587 -5.067230
v -10.920025 -30.723587 -5.104318
v -0.308122 -30.723587 -5.065981
v -0.271034 -30.723587 -5.028718
v 0.185890 -30.723587 -5.028668
v 0.222966 -30.723587 -5.066714
v -0.271034 -30.723587 -4.956882
v -0.233945 -30.723587 -4.919794
v 0.148801 -30.723587 -4.919794
v 0.185890 -30.723587 -4.956882
v 1.964098 -30.723587 -5.238734
v 2.001203 -30.723587 -5.275822
v 2.175590 -30.723587 -5.073647
v 2.212678 -30.723587 -5.110736
v 2.003604 -29.240929 -18.262110
v 2.040696 -29.203840 -18.336281
v 1.966516 -29.240929 -18.299198
v 2.252711 -29.240929 -18.293829
v 2.215626 -29.203840 -18.294622
v 1.701168 -29.203840 -18.336281
v 1.701166 -29.240929 -18.299198
v 2.003604 -29.240929 -17.980936
v 2.040696 -29.203840 -17.980900
v 2.003604 -29.240929 -18.447382
v 2.003607 -29.203840 -18.410288
v 2.252707 -29.240929 -18.409256
v 2.215619 -29.240929 -18.446499
v 2.215622 -29.203840 -18.409405
v 1.701163 -29.240929 -18.447382
v 1.701167 -29.203840 -18.410288
v 1.399997 -29.240929 -18.447382
v 1.400001 -29.203840 -18.410288
v 1.399997 -29.240929 -18.299198
v 1.400001 -29.203840 -18.336281
v 1.098847 -29.240929 -18.447382
v 1.098850 -29.203840 -18.410288
v 1.098847 -29.240929 -18.299198
v 1.098850 -29.203840 -18.336281
v 0.797695 -29.240929 -18.447382
v 0.797698 -29.203840 -18.410288
v 0.797695 -29.240929 -18.299198
v 0.797698 -29.203840 -18.336281
v 0.496544 -29.240929 -18.447382
v 0.496547 -29.203840 -18.410288
v 0.496544 -29.240929 -18.299198
v 0.496547 -29.203840 -18.336281
v 0.195392 -29.240929 -18.447382
v 0.195395 -29.203840 -18.410288
v 0.195392 -29.240929 -18.299198
v 0.195395 -29.203840 -18.336281
v -0.105761 -29.240929 -18.447382
v -0.105758 -29.203840 -18.410288
v -0.105761 -29.240929 -18.299198
v -0.105758 -29.203840 -18.336281
v -0.406910 -29.240929 -18.447382
v -0.406908 -29.203840 -18.410288
v -0.406913 -29.240929 -18.299198
v -0.406909 -29.203840 -18.336281
v -0.708101 -29.240929 -18.447382
v -0.708106 -29.203840 -18.410288
v -0.708133 -29.240929 -18.299198
v -0.708122 -29.203840 -18.336281
v -1.009470 -29.240929 -18.447382
v -1.009484 -29.203840 -18.410288
v -0.972451 -29.240929 -18.299198
v -1.046624 -29.203840 -18.336281
v -1.009539 -29.240929 -18.262110
v -1.309082 -29.240929 -18.447382
v -1.308508 -29.203840 -18.410288
v -1.343891 -29.240929 -18.299198
v -1.306803 -29.240929 -18.262110
v -1.269711 -29.203840 -18.336281
v -1.618589 -29.240929 -18.447382
v -1.618466 -29.203840 -18.410288
v -1.618111 -29.240929 -18.299198
v -1.618227 -29.203840 -18.336281
v -1.928210 -29.240929 -18.447382
v -1.928189 -29.203840 -18.410288
v -1.928140 -29.240929 -18.299198
v -1.928154 -29.203840 -18.336281
v -2.237776 -29.240929 -18.447382
v -2.237771 -29.203840 -18.410288
v -2.237771 -29.240929 -18.299198
v -2.237768 -29.203840 -18.336281
v -2.547324 -29.240929 -18.447382
v -2.547320 -29.203840 -18.410288
v -2.547323 -29.240929 -18.299198
v -2.547320 -29.203840 -18.336281
v -2.856869 -29.240929 -18.447382
v -2.856865 -29.203840 -18.410288
v -2.856869 -29.240929 -18.299198
v -2.856865 -29.203840 -18.336281
v -3.166414 -29.240929 -18.447382
v -3.166410 -29.203840 -18.410288
v -3.166414 -29.240929 -18.299198
v -3.166410 -29.203840 -18.336281
v -3.475959 -29.240929 -18.447382
v -3.475955 -29.203840 -18.410288
v -3.475959 -29.240929 -18.299198
v -3.475955 -29.203840 -18.336281
v -3.785505 -29.240929 -18.447382
v -3.785501 -29.203840 -18.410288
v -3.785505 -29.240929 -18.299198
v -3.785501 -29.203840 -18.336281
v -4.095050 -29.240929 -18.447382
v -4.095047 -29.203840 -18.410288
v -4.095050 -29.240929 -18.299198
v -4.095047 -29.203840 -18.336281
v -4.404595 -29.240929 -18.447382
v -4.404592 -29.203840 -18.410288
v -4.404595 -29.240929 -18.299198
v -4.404592 -29.203840 -18.336281
v -4.714141 -29.240929 -18.447382
v -4.714138 -29.203840 -18.410288
v -4.714141 -29.240929 -18.299198
v -4.714138 -29.203840 -18.336281
v -5.023686 -29.240929 -18.447382
v -5.023683 -29.203840 -18.410288
v -5.023686 -29.240929 -18.299198
v -5.023683 -29.203840 -18.336281
v -5.333232 -29.240929 -18.447382
v -5.333228 -29.203840 -18.410288
v -5.333232 -29.240929 -18.299198
v -5.333228 -29.203840 -18.336281
v -5.642777 -29.240929 -18.447382
v -5.642774 -29.203840 -18.410288
v -5.642777 -29.240929 -18.299198
v -5.642774 -29.203840 -18.336281
v -5.952322 -29.240929 -18.447382
v -5.952319 -29.203840 -18.410288
v -5.952322 -29.240929 -18.299198
v -5.952319 -29.203840 -18.336281
v -6.261868 -29.240929 -18.447382
v -6.261864 -29.203840 -18.410290
v -6.261868 -29.240929 -18.299198
v -6.261864 -29.203840 -18.336281
v -6.571413 -29.240929 -18.447382
v -6.571409 -29.203840 -18.410290
v -6.571413 -29.240929 -18.299198
v -6.571409 -29.203840 -18.336281
v -6.880958 -29.240929 -18.447382
v -6.880954 -29.203840 -18.410290
v -6.880957 -29.240929 -18.299198
v -6.880954 -29.203840 -18.336281
v -7.190504 -29.240929 -18.447382
v -7.190497 -29.203840 -18.410290
v -7.190492 -29.240929 -18.299198
v -7.190492 -29.203840 -18.336281
v -7.500085 -29.240929 -18.447382
v -7.500064 -29.203840 -18.410292
v -7.500013 -29.240929 -18.299198
v -7.500028 -29.203840 -18.336281
v -7.809720 -29.240929 -18.447382
v -7.809677 -29.203840 -18.410294
v -7.809564 -29.240929 -18.299198
v -7.809599 -29.203840 -18.336281
v -8.134256 -29.240929 -18.447382
v -8.131611 -29.203840 -18.410294
v -8.245411 -29.240929 -18.482983
v -8.279242 -29.203840 -18.408339
v -8.206715 -29.240929 -18.446423
v -8.123697 -29.240929 -18.299198
v -8.126337 -29.203840 -18.336281
v -8.239025 -29.203840 -18.336281
v -8.237414 -29.240929 -18.299198
v -8.351696 -29.240929 -18.336283
v -8.314043 -29.240929 -18.299198
v -8.314579 -29.203840 -18.336281
v -8.316231 -29.203840 -18.444965
v -8.353341 -29.240929 -18.444481
v -8.318445 -29.203840 -18.590778
v -8.355550 -29.240929 -18.589764
v -8.424065 -29.240929 -18.939528
v -8.383656 -29.240929 -18.902443
v -8.353099 -29.203840 -18.976320
v -8.250183 -29.240929 -18.592665
v -8.287214 -29.203840 -18.591639
v -8.265896 -29.240929 -18.931023
v -8.303089 -29.203840 -18.933584
v -8.303534 -29.240929 -19.030048
v -8.303432 -29.203840 -18.992956
v -8.266251 -29.240929 -18.991686
v -8.388118 -29.240929 -19.032953
v -8.387662 -29.203840 -18.995850
v -8.708566 -29.240929 -19.040554
v -8.709452 -29.203840 -19.003487
v -8.710964 -29.240929 -18.940655
v -8.710071 -29.203840 -18.977722
v -9.025329 -29.240929 -19.048264
v -9.026407 -29.203840 -19.011204
v -9.028435 -29.240929 -18.941902
v -9.027349 -29.203840 -18.978966
v -9.340395 -29.240929 -19.055952
v -9.341320 -29.203840 -19.018894
v -9.343222 -29.240929 -18.943138
v -9.342289 -29.203840 -18.980202
v -9.658190 -29.240929 -19.063700
v -9.659097 -29.203840 -19.026649
v -9.661121 -29.240929 -18.944386
v -9.660208 -29.203840 -18.981445
v -9.974615 -29.240929 -19.071438
v -9.976978 -29.203840 -19.034433
v -9.982645 -29.240929 -18.945900
v -9.980272 -29.203840 -18.982946
v -10.290718 -29.240929 -19.093098
v -10.293812 -29.203840 -19.056156
v -10.301458 -29.240929 -18.965017
v -10.298352 -29.203840 -19.002014
v -10.607907 -29.240929 -19.123367
v -10.606911 -29.203840 -19.086050
v -10.567541 -29.240929 -18.990389
v -10.641546 -29.203840 -19.034739
v -10.604462 -29.240929 -18.956821
v -10.882797 -29.240929 -19.126587
v -10.919883 -29.240929 -19.089933
v -10.882792 -29.203840 -19.089291
v -10.919883 -29.240929 -18.990875
v -10.882792 -29.203840 -18.991226
v -10.919883 -29.240929 -18.671299
v -10.882792 -29.203840 -18.671299
v -10.604462 -29.240929 -18.671345
v -10.641546 -29.203840 -18.671333
v -10.919883 -29.240929 -18.356045
v -10.882792 -29.203840 -18.356039
v -10.919883 -29.240929 -18.040842
v -10.882792 -29.203840 -18.040836
v -10.641546 -29.203840 -18.356045
v -10.604462 -29.240929 -18.356050
v -10.641546 -29.203840 -18.040836
v -10.604462 -29.240929 -18.040842
v -10.641546 -29.203840 -17.725628
v -10.604462 -29.240929 -17.725634
v -10.882792 -29.203840 -17.725628
v -10.919883 -29.240929 -17.725634
v -10.641546 -29.203840 -17.410421
v -10.604462 -29.240929 -17.410427
v -10.641546 -29.203840 -17.095213
v -10.604462 -29.240929 -17.095219
v -10.919883 -29.240929 -17.410427
v -10.882792 -29.203840 -17.410421
v -10.919883 -29.240929 -17.095219
v -10.882792 -29.203840 -17.095213
v -10.919883 -29.240929 -16.780014
v -10.882792 -29.203840 -16.780008
v -10.919883 -29.240929 -16.464806
v -10.882792 -29.203840 -16.464800
v -10.604462 -29.240929 -16.780012
v -10.641546 -29.203840 -16.780006
v -10.641546 -29.203840 -16.464800
v -10.604462 -29.240929 -16.464806
v -10.641546 -29.203840 -16.149593
v -10.604462 -29.240929 -16.149599
v -10.641546 -29.203840 -15.834385
v -10.604462 -29.240929 -15.834391
v -10.919883 -29.240929 -16.149599
v -10.882792 -29.203840 -16.149593
v -10.919883 -29.240929 -15.834393
v -10.882792 -29.203840 -15.834387
v -10.919883 -29.240929 -15.519186
v -10.882792 -29.203840 -15.519180
v -10.919883 -29.240929 -15.204013
v -10.882792 -29.203840 -15.203994
v -10.604462 -29.240929 -15.519186
v -10.641546 -29.203840 -15.519180
v -10.641546 -29.203840 -15.203910
v -10.604462 -29.240929 -15.203903
v -10.641546 -29.203840 -14.887826
v -10.604462 -29.240929 -14.887668
v -10.641546 -29.203840 -14.567435
v -10.604462 -29.240929 -14.566393
v -10.919883 -29.240929 -14.889065
v -10.882792 -29.203840 -14.888895
v -10.919883 -29.240929 -14.575308
v -10.882792 -29.203840 -14.574253
v -10.919883 -29.240929 -14.269240
v -10.882792 -29.203840 -14.264641
v -10.919883 -29.240929 -14.001522
v -10.882792 -29.203840 -14.005933
v -10.567373 -29.240929 -14.230171
v -10.604462 -29.240929 -14.267260
v -10.641546 -29.203840 -14.193077
v -10.663553 -29.240929 -13.994960
v -10.626465 -29.240929 -14.032048
v -10.700638 -29.203840 -14.069131
v -10.522308 -29.240929 -14.230171
v -10.448128 -29.203840 -14.193077
v -10.485220 -29.240929 -14.267260
v -10.434630 -29.203840 -14.069131
v -10.422983 -29.240929 -14.032048
v -10.485220 -29.240929 -14.267260
v -10.448128 -29.203840 -14.267254
v -10.448132 -29.240929 -14.304348
v -10.067045 -29.240929 -14.230130
v -10.104134 -29.240929 -14.267219
v -10.141218 -29.203840 -14.193036
v -9.792242 -29.203840 -14.193036
v -9.792026 -29.240929 -14.230130
v -10.108591 -29.240929 -14.032048
v -10.107754 -29.203840 -14.069131
v -10.104134 -29.240929 -14.267260
v -10.141222 -29.240929 -14.304348
v -10.141218 -29.203840 -14.267254
v -9.793200 -29.240929 -14.032048
v -9.792976 -29.203840 -14.069131
v -9.478529 -29.240929 -14.032048
v -9.478493 -29.203840 -14.069131
v -9.164236 -29.240929 -14.032048
v -9.164230 -29.203840 -14.069131
v -9.478384 -29.203840 -14.193036
v -9.478354 -29.240929 -14.230130
v -9.164223 -29.203840 -14.193036
v -9.164225 -29.240929 -14.230130
v -8.850004 -29.203840 -14.193036
v -8.850008 -29.240929 -14.230130
v -8.535780 -29.203840 -14.193036
v -8.535783 -29.240929 -14.230130
v -8.850008 -29.240929 -14.032048
v -8.850004 -29.203840 -14.069131
v -8.535784 -29.240929 -14.032048
v -8.535780 -29.203840 -14.069131
v -8.221558 -29.240929 -14.032048
v -8.221554 -29.203840 -14.069131
v -7.907333 -29.240929 -14.032048
v -7.907330 -29.203840 -14.069131
v -8.221555 -29.203840 -14.193036
v -8.221559 -29.240929 -14.230130
v -7.907331 -29.203840 -14.193036
v -7.907334 -29.240929 -14.230130
v -7.593107 -29.203840 -14.193036
v -7.593110 -29.240929 -14.230130
v -7.278883 -29.203840 -14.193036
v -7.278886 -29.240929 -14.230130
v -7.593111 -29.240929 -14.032048
v -7.593107 -29.203840 -14.069131
v -7.278889 -29.240929 -14.032048
v -7.278885 -29.203840 -14.069131
v -6.964663 -29.240929 -14.032048
v -6.964659 -29.203840 -14.069131
v -6.650438 -29.240929 -14.032048
v -6.650434 -29.203840 -14.069131
v -6.964658 -29.203840 -14.193036
v -6.964662 -29.240929 -14.230130
v -6.650434 -29.203840 -14.193036
v -6.650437 -29.240929 -14.230130
v -6.336210 -29.203840 -14.193036
v -6.336214 -29.240929 -14.230130
v -6.021986 -29.203840 -14.193036
v -6.021989 -29.240929 -14.230130
v -6.336214 -29.240929 -14.032048
v -6.336210 -29.203840 -14.069131
v -6.021991 -29.240929 -14.032048
v -6.021987 -29.203840 -14.069131
v -5.707766 -29.240929 -14.032048
v -5.707762 -29.203840 -14.069131
v -5.393541 -29.240929 -14.032048
v -5.393538 -29.203840 -14.069131
v -5.707762 -29.203840 -14.193036
v -5.707766 -29.240929 -14.230130
v -5.393537 -29.203840 -14.193036
v -5.393540 -29.240929 -14.230130
v -5.079313 -29.203840 -14.193036
v -5.079316 -29.240929 -14.230130
v -4.765089 -29.203840 -14.193036
v -4.765092 -29.240929 -14.230130
v -5.079315 -29.240929 -14.032048
v -5.079312 -29.203840 -14.069131
v -4.765091 -29.240929 -14.032048
v -4.765088 -29.203840 -14.069131
v -4.450867 -29.240929 -14.032048
v -4.450864 -29.203840 -14.069131
v -4.136642 -29.240929 -14.032048
v -4.136639 -29.203840 -14.069131
v -4.450864 -29.203840 -14.193036
v -4.450868 -29.240929 -14.230130
v -4.136640 -29.203840 -14.193036
v -4.136643 -29.240929 -14.230130
v -3.822416 -29.203840 -14.193036
v -3.822419 -29.240929 -14.230130
v -3.508192 -29.203840 -14.193036
v -3.508195 -29.240929 -14.230130
v -3.822419 -29.240929 -14.032048
v -3.822415 -29.203840 -14.069131
v -3.508194 -29.240929 -14.032048
v -3.508191 -29.203840 -14.069131
v -3.193970 -29.240929 -14.032048
v -3.193967 -29.203840 -14.069131
v -2.879746 -29.240929 -14.032048
v -2.879743 -29.203840 -14.069131
v -3.193967 -29.203840 -14.193036
v -3.193971 -29.240929 -14.230130
v -2.879743 -29.203840 -14.193036
v -2.879747 -29.240929 -14.230130
v -2.565519 -29.203840 -14.193036
v -2.565522 -29.240929 -14.230130
v -2.251295 -29.203840 -14.193036
v -2.251298 -29.240929 -14.230130
v -2.565522 -29.240929 -14.032048
v -2.565518 -29.203840 -14.069131
v -2.251301 -29.240929 -14.032048
v -2.251297 -29.203840 -14.069131
v -1.937130 -29.240929 -14.032048
v -1.937104 -29.203840 -14.069131
v -1.623454 -29.240929 -14.032048
v -1.623258 -29.203840 -14.069131
v -1.937026 -29.203840 -14.193036
v -1.937007 -29.240929 -14.230130
v -1.622616 -29.203840 -14.193036
v -1.622427 -29.240929 -14.230130
v -1.306803 -29.240929 -14.267219
v -1.343891 -29.240929 -14.230130
v -1.269711 -29.203840 -14.193036
v -1.311337 -29.203840 -14.069131
v -1.312385 -29.240929 -14.032048
v -1.046624 -29.203840 -14.270559
v -1.009539 -29.240929 -14.276329
v -1.269711 -29.203840 -14.563846
v -1.306803 -29.240929 -14.562593
v -1.046624 -29.203840 -14.571419
v -1.009539 -29.240929 -14.572683
v -1.269711 -29.203840 -14.879733
v -1.306803 -29.240929 -14.879546
v -1.046624 -29.203840 -14.880892
v -1.009539 -29.240929 -14.881090
v -1.269711 -29.203840 -15.191353
v -1.306803 -29.240929 -15.191343
v -1.269711 -29.203840 -15.502138
v -1.306803 -29.240929 -15.502144
v -1.009539 -29.240929 -15.191467
v -1.046624 -29.203840 -15.191446
v -1.009539 -29.240929 -15.502147
v -1.046624 -29.203840 -15.502140
v -1.009539 -29.240929 -15.812855
v -1.046624 -29.203840 -15.812849
v -1.009539 -29.240929 -16.123566
v -1.046624 -29.203840 -16.123560
v -1.306803 -29.240929 -15.812855
v -1.269711 -29.203840 -15.812849
v -1.269711 -29.203840 -16.123560
v -1.306803 -29.240929 -16.123566
v -1.269711 -29.203840 -16.434267
v -1.306803 -29.240929 -16.434273
v -1.269711 -29.203840 -16.744978
v -1.306803 -29.240929 -16.744984
v -1.009539 -29.240929 -16.434275
v -1.046624 -29.203840 -16.434269
v -1.009539 -29.240929 -16.744984
v -1.046624 -29.203840 -16.744978
v -1.009539 -29.240929 -17.055695
v -1.046624 -29.203840 -17.055689
v -1.009539 -29.240929 -17.366402
v -1.046624 -29.203840 -17.366396
v -1.306803 -29.240929 -17.055695
v -1.269711 -29.203840 -17.055689
v -1.269711 -29.203840 -17.366396
v -1.306803 -29.240929 -17.366402
v -1.269711 -29.203840 -17.677126
v -1.306803 -29.240929 -17.677132
v -1.269711 -29.203840 -17.988018
v -1.306803 -29.240929 -17.988024
v -1.009539 -29.240929 -17.677134
v -1.046624 -29.203840 -17.677128
v -1.009539 -29.240929 -17.988026
v -1.046624 -29.203840 -17.988020
v -1.046628 -29.240929 -14.032048
v -1.009539 -29.240929 -14.069137
v -1.046624 -29.203840 -14.069131
v -10.700638 -29.203840 -13.704746
v -10.663553 -29.240929 -13.705708
v -10.700638 -29.203840 -13.388985
v -10.663553 -29.240929 -13.389132
v -10.919883 -29.240929 -13.699109
v -10.882792 -29.203840 -13.700058
v -10.919883 -29.240929 -13.388152
v -10.882792 -29.203840 -13.388288
v -10.919883 -29.240929 -13.075650
v -10.882792 -29.203840 -13.075655
v -10.663553 -29.240929 -13.075724
v -10.700638 -29.203840 -13.075706
v -10.919883 -29.240929 -12.762918
v -10.882792 -29.203840 -12.762913
v -10.663553 -29.240929 -12.762920
v -10.700638 -29.203840 -12.762914
v -10.919883 -29.240929 -12.450168
v -10.882792 -29.203840 -12.450162
v -10.663553 -29.240929 -12.450168
v -10.700638 -29.203840 -12.450162
v -10.919883 -29.240929 -12.137416
v -10.882792 -29.203840 -12.137410
v -10.663553 -29.240929 -12.137416
v -10.700638 -29.203840 -12.137410
v -10.919883 -29.240929 -11.824665
v -10.882792 -29.203840 -11.824658
v -10.663553 -29.240929 -11.824663
v -10.700638 -29.203840 -11.824657
v -10.919883 -29.240929 -11.511912
v -10.882792 -29.203840 -11.511907
v -10.663553 -29.240929 -11.511912
v -10.700638 -29.203840 -11.511907
v -10.919883 -29.240929 -11.199159
v -10.882792 -29.203840 -11.199153
v -10.663553 -29.240929 -11.199159
v -10.700638 -29.203840 -11.199153
v -10.919883 -29.240929 -10.886406
v -10.882792 -29.203840 -10.886400
v -10.663553 -29.240929 -10.886406
v -10.700638 -29.203840 -10.886400
v -10.919883 -29.240929 -10.573652
v -10.882792 -29.203840 -10.573647
v -10.663553 -29.240929 -10.573652
v -10.700638 -29.203840 -10.573647
v -10.919883 -29.240929 -10.260901
v -10.882792 -29.203840 -10.260896
v -10.663553 -29.240929 -10.260901
v -10.700638 -29.203840 -10.260896
v -10.919883 -29.240929 -9.948153
v -10.882792 -29.203840 -9.948147
v -10.663553 -29.240929 -9.948153
v -10.700638 -29.203840 -9.948147
v -10.919883 -29.240929 -9.635399
v -10.882792 -29.203840 -9.635393
v -10.663553 -29.240929 -9.635399
v -10.700638 -29.203840 -9.635393
v -10.919883 -29.240929 -9.322647
v -10.882792 -29.203840 -9.322641
v -10.663553 -29.240929 -9.322646
v -10.700638 -29.203840 -9.322640
v -10.919883 -29.240929 -9.009895
v -10.882792 -29.203840 -9.009890
v -10.663553 -29.240929 -9.009895
v -10.700638 -29.203840 -9.009890
v -10.919883 -29.240929 -8.697144
v -10.882792 -29.203840 -8.697138
v -10.663553 -29.240929 -8.697142
v -10.700638 -29.203840 -8.697136
v -10.919883 -29.240929 -8.384391
v -10.882792 -29.203840 -8.384384
v -10.663553 -29.240929 -8.384391
v -10.700639 -29.203840 -8.384384
v -10.919883 -29.240929 -8.071640
v -10.882792 -29.203840 -8.071635
v -10.663553 -29.240929 -8.071650
v -10.700639 -29.203840 -8.071642
v -10.919883 -29.240929 -7.758891
v -10.882792 -29.203840 -7.758884
v -10.663553 -29.240929 -7.758887
v -10.700639 -29.203840 -7.758881
v -10.919883 -29.240929 -7.446132
v -10.882792 -29.203840 -7.446126
v -10.663553 -29.240929 -7.446132
v -10.700639 -29.203840 -7.446126
v -10.919883 -29.240929 -7.133385
v -10.882792 -29.203840 -7.133374
v -10.663553 -29.240929 -7.133354
v -10.700640 -29.203840 -7.133352
v -10.919883 -29.240929 -6.820628
v -10.882792 -29.203840 -6.820588
v -10.663553 -29.240929 -6.820394
v -10.700640 -29.203840 -6.820421
v -10.919883 -29.240929 -6.507774
v -10.882792 -29.203840 -6.507666
v -10.663626 -29.240929 -6.507069
v -10.700712 -29.203840 -6.507165
v -10.919883 -29.240929 -6.195087
v -10.882792 -29.203840 -6.194843
v -10.667089 -29.240929 -6.193466
v -10.704174 -29.203840 -6.193697
v -10.919883 -29.240929 -5.882701
v -10.882792 -29.203840 -5.882161
v -10.671262 -29.240929 -5.879117
v -10.708344 -29.203840 -5.879645
v -10.919883 -29.240929 -5.572685
v -10.882792 -29.203840 -5.570320
v -10.675508 -29.240929 -5.557142
v -10.712567 -29.203840 -5.559493
v -10.919883 -29.240929 -5.280202
v -10.882792 -29.203840 -5.269649
v -10.641121 -29.240929 -5.211479
v -10.677919 -29.240929 -5.248567
v -10.715576 -29.203840 -5.174385
v -10.919883 -29.240929 -5.104076
v -10.882794 -29.240929 -5.066988
v -10.882792 -29.203840 -5.104070
v -10.654699 -29.240929 -5.066988
v -10.660730 -29.203840 -5.104070
v -10.353071 -29.240929 -5.066988
v -10.354132 -29.203840 -5.104070
v -10.357218 -29.240929 -5.211479
v -10.356150 -29.203840 -5.174385
v -10.039387 -29.240929 -5.066988
v -10.039503 -29.203840 -5.104070
v -10.039853 -29.240929 -5.211479
v -10.039730 -29.203840 -5.174385
v -9.723390 -29.240929 -5.066988
v -9.723392 -29.203840 -5.104070
v -9.723413 -29.240929 -5.211479
v -9.723404 -29.203840 -5.174385
v -9.407168 -29.240929 -5.066988
v -9.407165 -29.203840 -5.104070
v -9.407166 -29.240929 -5.211479
v -9.407164 -29.203840 -5.174385
v -9.090937 -29.240929 -5.066988
v -9.090933 -29.203840 -5.104070
v -9.090935 -29.240929 -5.211479
v -9.090932 -29.203840 -5.174385
v -8.774704 -29.240929 -5.066988
v -8.774700 -29.203840 -5.104070
v -8.774702 -29.240929 -5.211479
v -8.774699 -29.203840 -5.174385
v -8.458475 -29.240929 -5.066988
v -8.458470 -29.203840 -5.104070
v -8.458471 -29.240929 -5.211479
v -8.458468 -29.203840 -5.174385
v -8.142240 -29.240929 -5.066988
v -8.142236 -29.203840 -5.104070
v -8.142239 -29.240929 -5.211479
v -8.142235 -29.203840 -5.174385
v -7.826008 -29.240929 -5.066988
v -7.826004 -29.203840 -5.104070
v -7.826006 -29.240929 -5.211479
v -7.826003 -29.203840 -5.174385
v -7.509779 -29.240929 -5.066988
v -7.509774 -29.203840 -5.104070
v -7.509774 -29.240929 -5.211479
v -7.509772 -29.203840 -5.174385
v -7.193544 -29.240929 -5.066988
v -7.193540 -29.203840 -5.104070
v -7.193542 -29.240929 -5.211479
v -7.193539 -29.203840 -5.174384
v -6.877315 -29.240929 -5.066988
v -6.877310 -29.203840 -5.104070
v -6.877310 -29.240929 -5.211479
v -6.877308 -29.203840 -5.174384
v -6.561079 -29.240929 -5.066988
v -6.561075 -29.203840 -5.104070
v -6.561078 -29.240929 -5.211479
v -6.561074 -29.203840 -5.174384
v -6.244844 -29.240929 -5.066988
v -6.244841 -29.203840 -5.104070
v -6.244845 -29.240929 -5.211479
v -6.244842 -29.203840 -5.174384
v -5.928616 -29.240929 -5.066988
v -5.928612 -29.203840 -5.104070
v -5.928614 -29.240929 -5.211479
v -5.928611 -29.203840 -5.174384
v -5.612384 -29.240929 -5.066988
v -5.612380 -29.203840 -5.104070
v -5.612382 -29.240929 -5.211479
v -5.612379 -29.203840 -5.174384
v -5.296151 -29.240929 -5.066988
v -5.296147 -29.203840 -5.104070
v -5.296149 -29.240929 -5.211479
v -5.296146 -29.203840 -5.174383
v -4.979918 -29.240929 -5.066988
v -4.979915 -29.203840 -5.104070
v -4.979918 -29.240929 -5.211479
v -4.979914 -29.203840 -5.174383
v -4.663683 -29.240929 -5.066988
v -4.663681 -29.203840 -5.104070
v -4.663685 -29.240929 -5.211479
v -4.663681 -29.203840 -5.174382
v -4.347451 -29.240929 -5.066988
v -4.347448 -29.203840 -5.104070
v -4.347453 -29.240929 -5.211479
v -4.347449 -29.203840 -5.174381
v -4.031219 -29.240929 -5.066988
v -4.031216 -29.203840 -5.104070
v -4.031220 -29.240929 -5.211479
v -4.031217 -29.203840 -5.174380
v -3.714987 -29.240929 -5.066988
v -3.714984 -29.203840 -5.104070
v -3.714989 -29.240929 -5.211479
v -3.714985 -29.203840 -5.174379
v -3.398755 -29.240929 -5.066988
v -3.398752 -29.203840 -5.104070
v -3.398757 -29.240929 -5.211479
v -3.398753 -29.203840 -5.174377
v -3.082524 -29.240929 -5.066988
v -3.082520 -29.203840 -5.104070
v -3.082525 -29.240929 -5.211479
v -3.082521 -29.203840 -5.174374
v -2.766291 -29.240929 -5.066988
v -2.766288 -29.203840 -5.104070
v -2.766292 -29.240929 -5.211479
v -2.766288 -29.203840 -5.174371
v -2.450059 -29.240929 -5.066988
v -2.450056 -29.203840 -5.104070
v -2.450061 -29.240929 -5.211479
v -2.450057 -29.203840 -5.174366
v -2.133826 -29.240929 -5.066988
v -2.133823 -29.203840 -5.104070
v -2.133828 -29.240929 -5.211479
v -2.133824 -29.203840 -5.174361
v -1.817613 -29.240929 -5.066988
v -1.817609 -29.203840 -5.104070
v -1.817614 -29.240929 -5.211479
v -1.817610 -29.203840 -5.174353
v -1.501744 -29.240929 -5.066988
v -1.501740 -29.203840 -5.104070
v -1.501741 -29.240929 -5.211479
v -1.501738 -29.203840 -5.174343
v -1.187955 -29.240929 -5.066988
v -1.187939 -29.203840 -5.104069
v -1.187907 -29.240929 -5.211479
v -1.187916 -29.203840 -5.174329
v -0.878814 -29.240929 -5.066988
v -0.878616 -29.203840 -5.104069
v -0.878058 -29.240929 -5.211479
v -0.878249 -29.203840 -5.174311
v -0.572539 -29.240929 -5.066988
v -0.570865 -29.203840 -5.104069
v -0.566033 -29.240929 -5.211479
v -0.567703 -29.203840 -5.174286
v -0.270891 -29.240929 -5.028476
v -0.233799 -29.203840 -5.102478
v -0.307979 -29.240929 -5.065740
v -0.236154 -29.240929 -5.211479
v -0.245011 -29.203840 -5.174254
v 0.223108 -29.240929 -5.066473
v 0.148947 -29.203840 -5.101686
v 0.186032 -29.240929 -5.028426
v -0.233803 -29.240929 -4.919552
v -0.233799 -29.203840 -4.956634
v -0.270891 -29.240929 -4.956640
v 0.186032 -29.240929 -4.956640
v 0.148947 -29.203840 -4.956634
v 0.148944 -29.240929 -4.919552
v 0.143305 -29.240929 -5.223804
v 0.153199 -29.203840 -5.187157
v 0.481167 -29.240929 -5.073139
v 0.478808 -29.203840 -5.110209
v 0.470634 -29.240929 -5.238492
v 0.472995 -29.203840 -5.201485
v 0.782023 -29.240929 -5.073406
v 0.781689 -29.203840 -5.110480
v 0.780520 -29.240929 -5.238492
v 0.780861 -29.203840 -5.201466
v 1.084064 -29.240929 -5.073406
v 1.084044 -29.203840 -5.110481
v 1.083958 -29.240929 -5.238492
v 1.083985 -29.203840 -5.201453
v 1.386099 -29.240929 -5.073406
v 1.386254 -29.203840 -5.110483
v 1.386772 -29.240929 -5.238492
v 1.386624 -29.203840 -5.201444
v 1.685539 -29.240929 -5.073406
v 1.686800 -29.203840 -5.110484
v 1.691139 -29.240929 -5.238492
v 1.689886 -29.203840 -5.201439
v 1.971133 -29.240929 -5.073406
v 1.977920 -29.203840 -5.110484
v 2.001345 -29.240929 -5.275580
v 1.964241 -29.240929 -5.238492
v 2.038405 -29.203840 -5.201437
v 2.212821 -29.240929 -5.110494
v 2.175732 -29.203840 -5.110484
v 2.175732 -29.240929 -5.073406
v 2.212821 -29.240929 -5.294265
v 2.175732 -29.203840 -5.284477
v 2.212821 -29.240929 -5.585489
v 2.175731 -29.203840 -5.583502
v 2.001472 -29.240929 -5.574199
v 2.038565 -29.203840 -5.576174
v 2.212821 -29.240929 -5.894886
v 2.175731 -29.203840 -5.894616
v 2.001608 -29.240929 -5.893382
v 2.038700 -29.203840 -5.893640
v 2.212821 -29.240929 -6.207208
v 2.175729 -29.203840 -6.207192
v 2.001742 -29.240929 -6.207153
v 2.038834 -29.203840 -6.207157
v 2.212821 -29.240929 -6.519860
v 2.175728 -29.203840 -6.519862
v 2.001874 -29.240929 -6.519905
v 2.038966 -29.203840 -6.519891
v 2.212821 -29.240929 -6.832543
v 2.175725 -29.203840 -6.832546
v 2.002008 -29.240929 -6.832594
v 2.039100 -29.203840 -6.832579
v 2.212821 -29.240929 -7.145221
v 2.175722 -29.203840 -7.145222
v 2.002141 -29.240929 -7.145264
v 2.039232 -29.203840 -7.145250
v 2.212821 -29.240929 -7.457899
v 2.175718 -29.203840 -7.457901
v 2.002273 -29.240929 -7.457949
v 2.039365 -29.203840 -7.457934
v 2.212821 -29.240929 -7.770580
v 2.175713 -29.203840 -7.770581
v 2.002406 -29.240929 -7.770622
v 2.039498 -29.203840 -7.770608
v 2.212821 -29.240929 -8.083261
v 2.175705 -29.203840 -8.083263
v 2.002539 -29.240929 -8.083305
v 2.039630 -29.203840 -8.083292
v 2.212821 -29.240929 -8.395941
v 2.175695 -29.203840 -8.395943
v 2.002672 -29.240929 -8.395985
v 2.039764 -29.203840 -8.395971
v 2.212821 -29.240929 -8.708622
v 2.175682 -29.203840 -8.708624
v 2.002805 -29.240929 -8.708667
v 2.039896 -29.203840 -8.708652
v 2.212821 -29.240929 -9.021299
v 2.175665 -29.203840 -9.021301
v 2.002938 -29.240929 -9.021344
v 2.040030 -29.203840 -9.021330
v 2.212821 -29.240929 -9.333977
v 2.175642 -29.203840 -9.333979
v 2.212821 -29.240929 -9.646659
v 2.175611 -29.203840 -9.646660
v 2.003070 -29.240929 -9.334023
v 2.040162 -29.203840 -9.334008
v 2.040296 -29.203840 -9.646688
v 2.003204 -29.240929 -9.646701
v 2.040428 -29.203840 -9.959341
v 2.003336 -29.240929 -9.959325
v 2.175571 -29.203840 -9.959422
v 2.212821 -29.240929 -9.959451
v 2.040561 -29.203840 -10.271635
v 2.003469 -29.240929 -10.271418
v 2.175517 -29.203840 -10.272449
v 2.212821 -29.240929 -10.272680
v 2.040693 -29.203840 -10.582189
v 2.003601 -29.240929 -10.580824
v 2.145211 -29.203840 -10.586052
v 2.182468 -29.240929 -10.587435
v 2.040696 -29.203840 -10.880212
v 2.003604 -29.240929 -10.881303
v 2.190347 -29.203840 -10.875834
v 2.227275 -29.240929 -10.874760
v 2.040696 -29.203840 -11.186913
v 2.003604 -29.240929 -11.187276
v 2.208904 -29.203840 -11.185291
v 2.245903 -29.240929 -11.184940
v 2.040696 -29.203840 -11.496683
v 2.003604 -29.240929 -11.496756
v 2.214041 -29.203840 -11.496375
v 2.251066 -29.240929 -11.496315
v 2.040696 -29.203840 -11.807529
v 2.003604 -29.240929 -11.807544
v 2.215350 -29.203840 -11.807488
v 2.252390 -29.240929 -11.807486
v 2.040696 -29.203840 -12.118635
v 2.003604 -29.240929 -12.118641
v 2.215687 -29.203840 -12.118636
v 2.252738 -29.240929 -12.118643
v 2.040696 -29.203840 -12.429745
v 2.003604 -29.240929 -12.429743
v 2.040696 -29.203840 -12.740590
v 2.003604 -29.240929 -12.740530
v 2.215780 -29.203840 -12.429785
v 2.252840 -29.240929 -12.429799
v 2.252889 -29.240929 -12.740974
v 2.215823 -29.203840 -12.740902
v 2.252951 -29.240929 -13.052413
v 2.215880 -29.203840 -13.052027
v 2.003604 -29.240929 -13.049853
v 2.040696 -29.203840 -13.050228
v 2.253000 -29.240929 -13.363741
v 2.215926 -29.203840 -13.362376
v 2.003604 -29.240929 -13.354599
v 2.040696 -29.203840 -13.355952
v 2.253297 -29.240929 -13.651550
v 2.216221 -29.203840 -13.651147
v 2.253290 -29.240929 -13.936450
v 2.216211 -29.203840 -13.936868
v 2.003604 -29.240929 -13.648877
v 2.040696 -29.203840 -13.649268
v 2.040696 -29.203840 -13.938873
v 2.003604 -29.240929 -13.939303
v 2.040696 -29.203840 -14.232532
v 2.003604 -29.240929 -14.234021
v 2.215909 -29.203840 -14.225521
v 2.252989 -29.240929 -14.224043
v 2.040696 -29.203840 -14.539936
v 2.003604 -29.240929 -14.540337
v 2.215868 -29.203840 -14.538071
v 2.252950 -29.240929 -14.537682
v 2.040696 -29.203840 -14.851339
v 2.003604 -29.240929 -14.851416
v 2.215815 -29.203840 -14.851009
v 2.252898 -29.240929 -14.850945
v 2.040696 -29.203840 -15.163990
v 2.003604 -29.240929 -15.164005
v 2.215793 -29.203840 -15.163946
v 2.252876 -29.240929 -15.163942
v 2.040696 -29.203840 -15.476919
v 2.003604 -29.240929 -15.476926
v 2.215787 -29.203840 -15.476914
v 2.252871 -29.240929 -15.476919
v 2.040696 -29.203840 -15.789890
v 2.003604 -29.240929 -15.789896
v 2.215786 -29.203840 -15.789890
v 2.252870 -29.240929 -15.789897
v 2.040696 -29.203840 -16.102867
v 2.003604 -29.240929 -16.102873
v 2.215786 -29.203840 -16.102867
v 2.252870 -29.240929 -16.102873
v 2.040696 -29.203840 -16.415844
v 2.003604 -29.240929 -16.415850
v 2.215785 -29.203840 -16.415846
v 2.252870 -29.240929 -16.415852
v 2.040696 -29.203840 -16.728823
v 2.003604 -29.240929 -16.728828
v 2.215785 -29.203840 -16.728823
v 2.252870 -29.240929 -16.728828
v 2.040696 -29.203840 -17.041800
v 2.003604 -29.240929 -17.041805
v 2.215782 -29.203840 -17.041800
v 2.252867 -29.240929 -17.041805
v 2.040696 -29.203840 -17.354782
v 2.003604 -29.240929 -17.354790
v 2.215776 -29.203840 -17.354776
v 2.252861 -29.240929 -17.354782
v 2.040696 -29.203840 -17.667770
v 2.003604 -29.240929 -17.667780
v 2.215757 -29.203840 -17.667755
v 2.252841 -29.240929 -17.667759
v 2.252787 -29.240929 -17.980728
v 2.215702 -29.203840 -17.980753
vn -0.3015 -0.9045 0.3015
vn 0.5790 -0.5765 -0.5766
vn 0.3015 -0.9045 0.3015
vn 0.2965 -0.9020 -0.3138
vn -0.5742 -0.5747 0.5830
vn -0.2994 -0.8966 0.3263
vn 0.5889 -0.5707 -0.5723
vn 0.2755 -0.9123 0.3030
vn -0.5718 -0.5816 -0.5786
vn 0.3015 -0.9045 -0.3015
vn -0.3015 -0.9045 -0.3015
vn -0.5774 -0.5773 -0.5774
vn 0.5774 -0.5773 -0.5774
vn 0.5773 -0.5774 0.5773
vn 0.3017 -0.9052 -0.2994
vn -0.5773 -0.5774 0.5773
vn -0.3028 -0.9042 0.3014
vn 0.3085 -0.9025 0.3006
vn 0.5773 -0.5775 0.5773
vn -0.3016 -0.9044 -0.3017
vn -0.3015 0.9045 0.3015
vn 0.5789 0.5766 -0.5765
vn 0.3015 0.9045 0.3015
vn 0.2965 0.9020 -0.3138
vn -0.5743 0.5747 0.5831
vn -0.2994 0.8966 0.3263
vn 0.5888 0.5707 -0.5723
vn 0.2756 0.9123 0.3031
vn -0.5717 0.5818 -0.5785
vn 0.3015 0.9045 -0.3015
vn -0.3015 0.9045 -0.3015
vn -0.5773 0.5775 -0.5773
vn 0.5773 0.5774 -0.5773
vn 0.5774 0.5772 0.5774
vn 0.3017 0.9052 -0.2994
vn -0.5774 0.5773 0.5774
vn -0.3028 0.9041 0.3014
vn 0.3085 0.9024 0.3007
vn 0.5774 0.5773 0.5774
vn -0.3016 0.9045 -0.3017
vn -0.0000 -0.7072 0.7071
vn -0.7071 -0.7071 -0.0000
vn 0.0029 -0.7070 -0.7072
vn -0.0000 -0.7070 -0.7072
vn -0.0000 -0.7071 -0.7072
vn -0.0094 -0.7073 -0.7069
vn -0.0000 -0.7072 0.7070
vn -0.7069 -0.7073 0.0107
vn -0.7068 -0.7073 0.0107
vn -0.7047 -0.7067 0.0633
vn 0.7068 -0.7067 -0.0307
vn 0.7068 -0.7067 -0.0328
vn 0.7062 -0.7080 -0.0041
vn 0.0243 -0.7068 -0.7070
vn 0.0168 -0.7069 -0.7071
vn 0.0172 -0.7069 -0.7071
vn 0.0173 -0.7068 -0.7072
vn 0.0173 -0.7067 -0.7073
vn 0.0484 -0.7068 -0.7057
vn 0.0672 -0.7067 -0.7043
vn 0.0083 -0.7090 -0.7052
vn 0.7071 -0.7071 -0.0000
vn -0.0033 -0.7072 0.7070
vn 0.0183 -0.7075 0.7065
vn 0.0006 -0.7071 0.7071
vn -0.0000 -0.7071 0.7071
vn 0.7070 -0.7072 -0.0000
vn 0.7070 -0.7073 -0.0000
vn 0.7069 -0.7073 -0.0000
vn 0.7068 -0.7074 -0.0000
vn 0.7067 -0.7075 -0.0000
vn 0.7066 -0.7076 -0.0000
vn 0.7065 -0.7077 -0.0000
vn 0.7063 -0.7079 -0.0000
vn 0.7060 -0.7082 -0.0000
vn -0.7071 -0.7071 -0.0003
vn 0.7073 -0.7069 0.0001
vn 0.7074 -0.7069 0.0002
vn 0.7072 -0.7070 0.0001
vn 0.7072 -0.7070 0.0007
vn 0.7072 -0.7071 -0.0000
vn 0.7071 -0.7071 -0.0001
vn 0.7071 -0.7071 -0.0002
vn 0.7071 -0.7071 -0.0007
vn 0.7075 -0.7068 0.0008
vn 0.7076 -0.7066 0.0030
vn 0.7077 -0.7064 0.0117
vn 0.7072 -0.7058 0.0424
vn 0.7030 -0.7027 0.1096
vn 0.7029 -0.7081 -0.0679
vn 0.7053 -0.7090 -0.0001
vn 0.7057 -0.7085 -0.0000
vn -0.0000 -0.7066 -0.7076
vn -0.0000 -0.7065 -0.7078
vn -0.0000 -0.7063 -0.7079
vn -0.0317 -0.7068 -0.7067
vn -0.0230 -0.7055 -0.7083
vn -0.0000 -0.7081 -0.7061
vn -0.0000 -0.7079 -0.7064
vn -0.0000 -0.7077 -0.7065
vn -0.0000 -0.7075 -0.7067
vn -0.0000 -0.7074 -0.7068
vn -0.0000 -0.7073 -0.7069
vn -0.0000 -0.7072 -0.7070
vn -0.0000 -0.7072 -0.7071
vn -0.0000 -0.7071 -0.7071
vn 0.7071 -0.7071 0.0055
vn 0.7070 -0.7072 0.0093
vn 0.7070 -0.7071 0.0094
vn 0.7070 -0.7071 0.0078
vn 0.7071 -0.7072 0.0002
vn -0.0671 -0.7076 0.7035
vn -0.0423 -0.7075 0.7054
vn -0.0033 -0.7070 0.7072
vn -0.0028 -0.7070 0.7072
vn 0.7171 -0.0000 -0.6970
vn 0.7071 -0.0002 0.7071
vn -0.7017 -0.0000 0.7125
vn 0.6868 0.0001 -0.7269
vn -0.7071 0.0002 -0.7071
vn -0.7071 -0.0000 0.7071
vn -0.6762 -0.0001 0.7368
vn 0.7086 -0.0000 -0.7056
vn 0.6727 -0.0002 0.7399
vn 0.7162 -0.0002 0.6979
vn -0.7088 -0.0000 0.7054
vn -0.7030 0.0002 -0.7112
vn -0.7070 0.0002 -0.7073
vn 0.7071 -0.0000 -0.7071
vn 0.7099 -0.0000 -0.7043
vn -0.0000 0.7071 0.7072
vn -0.7071 0.7071 -0.0000
vn 0.0029 0.7072 -0.7070
vn -0.0000 0.7072 -0.7071
vn -0.0000 0.7072 -0.7070
vn -0.0000 0.7071 -0.7071
vn -0.0094 0.7074 -0.7067
vn -0.0000 0.7070 0.7072
vn -0.7068 0.7073 0.0107
vn -0.7068 0.7074 0.0107
vn -0.7047 0.7067 0.0633
vn 0.7069 0.7067 -0.0308
vn 0.7068 0.7066 -0.0328
vn 0.7063 0.7079 -0.0041
vn 0.0243 0.7069 -0.7069
vn 0.0168 0.7070 -0.7070
vn 0.0172 0.7070 -0.7070
vn 0.0173 0.7069 -0.7071
vn 0.0172 0.7069 -0.7071
vn 0.0173 0.7068 -0.7072
vn 0.0484 0.7070 -0.7056
vn 0.0672 0.7069 -0.7042
vn 0.0083 0.7091 -0.7051
vn 0.7071 0.7071 -0.0000
vn -0.0033 0.7071 0.7071
vn 0.0183 0.7074 0.7066
vn 0.0006 0.7070 0.7073
vn 0.7071 0.7072 -0.0000
vn 0.7070 0.7072 -0.0000
vn 0.7069 0.7073 -0.0000
vn 0.7068 0.7074 -0.0000
vn 0.7067 0.7075 -0.0000
vn 0.7065 0.7077 -0.0000
vn 0.7064 0.7079 -0.0000
vn 0.7061 0.7081 -0.0000
vn -0.7071 0.7071 -0.0003
vn 0.7074 0.7069 0.0001
vn 0.7074 0.7068 0.0002
vn 0.7073 0.7069 0.0001
vn 0.7073 0.7070 0.0001
vn 0.7072 0.7070 0.0007
vn 0.7072 0.7070 -0.0000
vn 0.7071 0.7071 -0.0001
vn 0.7071 0.7071 -0.0002
vn 0.7072 0.7071 -0.0000
vn 0.7072 0.7070 -0.0001
vn 0.7072 0.7070 -0.0007
vn 0.7075 0.7067 0.0008
vn 0.7076 0.7066 0.0030
vn 0.7078 0.7064 0.0117
vn 0.7073 0.7057 0.0424
vn 0.7030 0.7027 0.1096
vn 0.7029 0.7080 -0.0679
vn 0.7053 0.7089 -0.0001
vn 0.7058 0.7084 -0.0000
vn -0.0000 0.7068 -0.7074
vn -0.0000 0.7067 -0.7075
vn -0.0000 0.7066 -0.7076
vn -0.0000 0.7064 -0.7078
vn -0.0317 0.7069 -0.7066
vn -0.0230 0.7056 -0.7082
vn -0.0000 0.7083 -0.7060
vn -0.0000 0.7080 -0.7062
vn -0.0000 0.7078 -0.7064
vn -0.0000 0.7076 -0.7066
vn -0.0000 0.7075 -0.7067
vn -0.0000 0.7074 -0.7068
vn -0.0000 0.7073 -0.7069
vn -0.0000 0.7073 -0.7070
vn 0.7072 0.7070 0.0055
vn 0.7071 0.7071 0.0093
vn 0.7071 0.7071 0.0094
vn 0.7071 0.7071 0.0078
vn 0.7071 0.7071 0.0002
vn -0.0671 0.7075 0.7036
vn -0.0423 0.7074 0.7055
vn -0.0033 0.7068 0.7074
vn -0.0028 0.7069 0.7073
vn -0.0000 -1.0000 -0.0000
vn -0.0000 -0.0002 1.0000
vn -1.0000 0.0001 -0.0000
vn 1.0000 -0.0001 -0.0000
vn 1.0000 -0.0001 -0.0002
vn -0.0000 0.0002 -1.0000
vn 0.0042 0.0002 -1.0000
vn -0.0132 0.0002 -0.9999
vn 0.9991 -0.0001 -0.0435
vn -0.9999 0.0001 0.0152
vn -0.9960 0.0001 0.0895
vn -0.0039 -0.0002 1.0000
vn 0.9989 -0.0001 -0.0464
vn 1.0000 -0.0001 -0.0058
vn 0.0343 0.0002 -0.9994
vn 0.0237 0.0002 -0.9997
vn 0.0243 0.0002 -0.9997
vn 0.0244 0.0002 -0.9997
vn -0.0047 -0.0002 1.0000
vn 0.0684 0.0002 -0.9977
vn -0.0599 -0.0002 0.9982
vn 0.0950 0.0002 -0.9955
vn -0.0949 -0.0002 0.9955
vn 0.0117 0.0002 -0.9999
vn -0.0000 1.0000 -0.0000
vn 1.0000 -0.0001 0.0002
vn 0.9999 -0.0001 0.0110
vn 0.9999 -0.0001 0.0133
vn 0.9999 -0.0001 0.0132
vn 1.0000 -0.0001 0.0078
vn -0.0325 0.0002 -0.9995
vn 0.0258 -0.0002 0.9997
vn -0.0448 0.0002 -0.9990
vn 0.0009 -0.0002 1.0000
vn -1.0000 0.0001 -0.0004
vn 0.9954 -0.0001 -0.0960
vn 0.9881 -0.0001 0.1541
vn 0.9982 -0.0001 0.0599
vn 0.9999 -0.0001 0.0166
vn 1.0000 -0.0001 0.0043
vn 1.0000 -0.0001 0.0011
vn 1.0000 -0.0001 0.0003
vn 1.0000 -0.0001 0.0010
vn 1.0000 -0.0001 -0.0010
vn 1.0000 -0.0001 -0.0001
vn 0.9982 -0.0001 0.0600
s 0
f 415//1 416//1 417//1
f 426//2 427//2 428//2
f 465//3 466//3 467//3
f 470//1 471//1 472//1
f 559//4 560//4 561//4
f 566//5 567//5 568//5
f 573//6 574//6 575//6
f 580//7 581//7 582//7
f 611//8 612//8 613//8
f 614//9 615//9 616//9
f 679//10 680//10 681//10
f 682//3 683//3 684//3
f 685//11 686//11 687//11
f 690//12 691//12 692//12
f 693//10 694//10 695//10
f 700//13 701//13 702//13
f 809//11 810//11 811//11
f 864//14 865//14 866//14
f 977//15 978//15 979//15
f 980//16 981//16 982//16
f 1113//17 1114//17 1115//17
f 1118//18 1119//18 1120//18
f 1121//16 1122//16 1123//16
f 1124//19 1125//19 1126//19
f 1151//20 1152//20 1153//20
f 1154//14 1155//14 1156//14
f 1373//21 1374//21 1375//21
f 1384//22 1385//22 1386//22
f 1423//23 1424//23 1425//23
f 1428//21 1429//21 1430//21
f 1517//24 1518//24 1519//24
f 1524//25 1525//25 1526//25
f 1531//26 1532//26 1533//26
f 1538//27 1539//27 1540//27
f 1569//28 1570//28 1571//28
f 1572//29 1573//29 1574//29
f 1637//30 1638//30 1639//30
f 1640//23 1641//23 1642//23
f 1643//31 1644//31 1645//31
f 1648//32 1649//32 1650//32
f 1651//30 1652//30 1653//30
f 1658//33 1659//33 1660//33
f 1767//31 1768//31 1769//31
f 1822//34 1823//34 1824//34
f 1935//35 1936//35 1937//35
f 1938//36 1939//36 1940//36
f 2071//37 2072//37 2073//37
f 2076//38 2077//38 2078//38
f 2079//36 2080//36 2081//36
f 2082//39 2083//39 2084//39
f 2109//40 2110//40 2111//40
f 2112//34 2113//34 2114//34
f 421//41 416//41 415//41 420//41
f 416//42 422//42 423//42 417//42
f 425//43 426//43 428//43 424//43
f 430//44 425//44 424//44 429//44
f 432//44 430//44 429//44 431//44
f 436//44 432//44 431//44 435//44
f 440//44 436//44 435//44 439//44
f 444//44 440//44 439//44 443//44
f 448//44 444//44 443//44 447//44
f 452//44 448//44 447//44 451//44
f 456//45 452//45 451//45 455//45
f 460//44 456//44 455//44 459//44
f 464//44 460//44 459//44 463//44
f 469//45 464//45 463//45 468//45
f 474//45 469//45 468//45 473//45
f 478//44 474//44 473//44 477//44
f 482//44 478//44 477//44 481//44
f 486//44 482//44 481//44 485//44
f 490//44 486//44 485//44 489//44
f 494//44 490//44 489//44 493//44
f 498//44 494//44 493//44 497//44
f 502//44 498//44 497//44 501//44
f 506//45 502//45 501//45 505//45
f 510//45 506//45 505//45 509//45
f 514//44 510//44 509//44 513//44
f 518//44 514//44 513//44 517//44
f 522//44 518//44 517//44 521//44
f 526//44 522//44 521//44 525//44
f 530//44 526//44 525//44 529//44
f 534//44 530//44 529//44 533//44
f 538//44 534//44 533//44 537//44
f 542//44 538//44 537//44 541//44
f 546//44 542//44 541//44 545//44
f 550//44 546//44 545//44 549//44
f 554//44 550//44 549//44 553//44
f 558//44 554//44 553//44 557//44
f 559//46 558//46 557//46 560//46
f 565//47 562//47 563//47 564//47
f 562//41 555//41 556//41 563//41
f 568//47 565//47 564//47 566//47
f 570//48 568//48 567//48 569//48
f 572//49 570//49 569//49 571//49
f 575//50 572//50 571//50 573//50
f 577//51 561//51 560//51 576//51
f 579//52 577//52 576//52 578//52
f 578//53 581//53 580//53 579//53
f 584//54 582//54 581//54 583//54
f 586//55 584//55 583//55 585//55
f 590//56 586//56 585//56 589//56
f 594//57 590//57 589//57 593//57
f 598//57 594//57 593//57 597//57
f 602//58 598//58 597//58 601//58
f 606//59 602//59 601//59 605//59
f 610//60 606//60 605//60 609//60
f 609//61 615//61 614//61 610//61
f 618//42 616//42 615//42 617//42
f 620//42 618//42 617//42 619//42
f 624//42 620//42 619//42 623//42
f 626//42 624//42 623//42 625//42
f 628//62 621//62 622//62 627//62
f 630//62 628//62 627//62 629//62
f 632//62 630//62 629//62 631//62
f 636//62 632//62 631//62 635//62
f 638//62 636//62 635//62 637//62
f 640//42 633//42 634//42 639//42
f 642//42 640//42 639//42 641//42
f 644//42 642//42 641//42 643//42
f 646//42 644//42 643//42 645//42
f 650//62 647//62 648//62 649//62
f 647//62 638//62 637//62 648//62
f 652//62 650//62 649//62 651//62
f 654//62 652//62 651//62 653//62
f 656//42 646//42 645//42 655//42
f 658//42 656//42 655//42 657//42
f 660//42 658//42 657//42 659//42
f 662//42 660//42 659//42 661//42
f 666//62 663//62 664//62 665//62
f 663//62 654//62 653//62 664//62
f 668//62 666//62 665//62 667//62
f 670//62 668//62 667//62 669//62
f 672//42 662//42 661//42 671//42
f 674//42 672//42 671//42 673//42
f 676//42 674//42 673//42 675//42
f 678//42 676//42 675//42 677//42
f 679//44 685//44 687//44 680//44
f 680//62 670//62 669//62 681//62
f 686//42 690//42 692//42 687//42
f 697//44 694//44 693//44 696//44
f 694//62 701//62 700//62 695//62
f 701//44 692//44 691//44 702//44
f 699//47 688//47 689//47 698//47
f 704//47 699//47 698//47 703//47
f 706//47 704//47 703//47 705//47
f 708//47 706//47 705//47 707//47
f 710//44 697//44 696//44 709//44
f 712//44 710//44 709//44 711//44
f 714//44 712//44 711//44 713//44
f 716//44 714//44 713//44 715//44
f 718//47 708//47 707//47 717//47
f 720//47 718//47 717//47 719//47
f 722//47 720//47 719//47 721//47
f 724//47 722//47 721//47 723//47
f 726//44 716//44 715//44 725//44
f 728//44 726//44 725//44 727//44
f 730//44 728//44 727//44 729//44
f 732//44 730//44 729//44 731//44
f 734//47 724//47 723//47 733//47
f 736//47 734//47 733//47 735//47
f 738//47 736//47 735//47 737//47
f 740//47 738//47 737//47 739//47
f 742//44 732//44 731//44 741//44
f 744//44 742//44 741//44 743//44
f 746//44 744//44 743//44 745//44
f 748//44 746//44 745//44 747//44
f 750//47 740//47 739//47 749//47
f 752//47 750//47 749//47 751//47
f 754//47 752//47 751//47 753//47
f 756//47 754//47 753//47 755//47
f 758//45 748//45 747//45 757//45
f 760//44 758//44 757//44 759//44
f 762//44 760//44 759//44 761//44
f 764//44 762//44 761//44 763//44
f 766//47 756//47 755//47 765//47
f 768//47 766//47 765//47 767//47
f 770//47 768//47 767//47 769//47
f 772//47 770//47 769//47 771//47
f 774//44 764//44 763//44 773//44
f 776//44 774//44 773//44 775//44
f 778//44 776//44 775//44 777//44
f 780//44 778//44 777//44 779//44
f 782//47 772//47 771//47 781//47
f 784//47 782//47 781//47 783//47
f 786//47 784//47 783//47 785//47
f 788//47 786//47 785//47 787//47
f 790//44 780//44 779//44 789//44
f 792//44 790//44 789//44 791//44
f 794//44 792//44 791//44 793//44
f 796//45 794//45 793//45 795//45
f 798//47 788//47 787//47 797//47
f 800//47 798//47 797//47 799//47
f 802//47 800//47 799//47 801//47
f 804//47 802//47 801//47 803//47
f 806//44 796//44 795//44 805//44
f 808//44 806//44 805//44 807//44
f 811//44 808//44 807//44 809//44
f 817//42 811//42 810//42 816//42
f 821//42 817//42 816//42 820//42
f 825//42 821//42 820//42 824//42
f 827//42 825//42 824//42 826//42
f 829//62 822//62 823//62 828//62
f 831//62 829//62 828//62 830//62
f 833//62 831//62 830//62 832//62
f 835//62 833//62 832//62 834//62
f 839//42 836//42 837//42 838//42
f 836//42 827//42 826//42 837//42
f 841//42 839//42 838//42 840//42
f 843//42 841//42 840//42 842//42
f 845//62 835//62 834//62 844//62
f 847//62 845//62 844//62 846//62
f 849//62 847//62 846//62 848//62
f 851//62 849//62 848//62 850//62
f 855//42 852//42 853//42 854//42
f 852//42 843//42 842//42 853//42
f 857//42 855//42 854//42 856//42
f 859//42 857//42 856//42 858//42
f 861//62 851//62 850//62 860//62
f 863//62 861//62 860//62 862//62
f 465//62 863//62 862//62 466//62
f 472//42 859//42 858//42 470//42
f 822//62 818//62 819//62 823//62
f 818//62 814//62 815//62 819//62
f 814//62 864//62 866//62 815//62
f 813//47 866//47 865//47 812//47
f 812//47 804//47 803//47 813//47
f 684//47 689//47 688//47 682//47
f 868//62 684//62 683//62 867//62
f 870//62 868//62 867//62 869//62
f 872//42 678//42 677//42 871//42
f 874//42 872//42 871//42 873//42
f 876//42 874//42 873//42 875//42
f 880//42 876//42 875//42 879//42
f 884//42 880//42 879//42 883//42
f 888//42 884//42 883//42 887//42
f 892//42 888//42 887//42 891//42
f 896//42 892//42 891//42 895//42
f 900//42 896//42 895//42 899//42
f 904//42 900//42 899//42 903//42
f 908//42 904//42 903//42 907//42
f 912//42 908//42 907//42 911//42
f 916//42 912//42 911//42 915//42
f 920//42 916//42 915//42 919//42
f 924//42 920//42 919//42 923//42
f 928//42 924//42 923//42 927//42
f 932//42 928//42 927//42 931//42
f 936//42 932//42 931//42 935//42
f 940//42 936//42 935//42 939//42
f 944//42 940//42 939//42 943//42
f 948//42 944//42 943//42 947//42
f 952//42 948//42 947//42 951//42
f 956//42 952//42 951//42 955//42
f 960//42 956//42 955//42 959//42
f 964//42 960//42 959//42 963//42
f 968//42 964//42 963//42 967//42
f 972//42 968//42 967//42 971//42
f 976//42 972//42 971//42 975//42
f 975//42 981//42 980//42 976//42
f 984//47 982//47 981//47 983//47
f 986//47 984//47 983//47 985//47
f 990//47 986//47 985//47 989//47
f 994//41 990//41 989//41 993//41
f 998//47 994//47 993//47 997//47
f 1002//47 998//47 997//47 1001//47
f 1006//41 1002//41 1001//41 1005//41
f 1010//47 1006//47 1005//47 1009//47
f 1014//47 1010//47 1009//47 1013//47
f 1018//47 1014//47 1013//47 1017//47
f 1022//41 1018//41 1017//41 1021//41
f 1026//47 1022//47 1021//47 1025//47
f 1030//47 1026//47 1025//47 1029//47
f 1034//47 1030//47 1029//47 1033//47
f 1038//41 1034//41 1033//41 1037//41
f 1042//47 1038//47 1037//47 1041//47
f 1046//47 1042//47 1041//47 1045//47
f 1050//41 1046//41 1045//41 1049//41
f 1054//41 1050//41 1049//41 1053//41
f 1058//47 1054//47 1053//47 1057//47
f 1062//47 1058//47 1057//47 1061//47
f 1066//47 1062//47 1061//47 1065//47
f 1070//47 1066//47 1065//47 1069//47
f 1074//47 1070//47 1069//47 1073//47
f 1078//41 1074//41 1073//41 1077//41
f 1082//47 1078//47 1077//47 1081//47
f 1086//47 1082//47 1081//47 1085//47
f 1090//41 1086//41 1085//41 1089//41
f 1094//41 1090//41 1089//41 1093//41
f 1098//47 1094//47 1093//47 1097//47
f 1102//41 1098//41 1097//41 1101//41
f 1106//41 1102//41 1101//41 1105//41
f 1110//41 1106//41 1105//41 1109//41
f 1113//63 1110//63 1109//63 1114//63
f 1114//42 1122//42 1121//42 1115//42
f 1122//47 1125//47 1124//47 1123//47
f 1118//62 1126//62 1125//62 1119//62
f 1130//64 1120//64 1119//64 1129//64
f 1134//65 1130//65 1129//65 1133//65
f 1138//66 1134//66 1133//66 1137//66
f 1142//66 1138//66 1137//66 1141//66
f 1146//66 1142//66 1141//66 1145//66
f 1150//66 1146//66 1145//66 1149//66
f 1149//66 1155//66 1154//66 1150//66
f 1158//67 1156//67 1155//67 1157//67
f 1160//67 1158//67 1157//67 1159//67
f 1164//67 1160//67 1159//67 1163//67
f 1168//67 1164//67 1163//67 1167//67
f 1172//67 1168//67 1167//67 1171//67
f 1176//67 1172//67 1171//67 1175//67
f 1180//68 1176//68 1175//68 1179//68
f 1184//69 1180//69 1179//69 1183//69
f 1188//69 1184//69 1183//69 1187//69
f 1192//70 1188//70 1187//70 1191//70
f 1196//71 1192//71 1191//71 1195//71
f 1200//72 1196//72 1195//72 1199//72
f 1204//73 1200//73 1199//73 1203//73
f 1208//74 1204//74 1203//74 1207//74
f 1210//75 1208//75 1207//75 1209//75
f 1214//76 1211//76 1212//76 1213//76
f 1211//76 1205//76 1206//76 1212//76
f 1216//76 1214//76 1213//76 1215//76
f 1220//76 1216//76 1215//76 1219//76
f 1224//76 1220//76 1219//76 1223//76
f 1228//42 1224//42 1223//42 1227//42
f 1227//42 1231//42 1232//42 1228//42
f 1236//42 1232//42 1231//42 1235//42
f 1235//42 1239//42 1240//42 1236//42
f 1239//42 1243//42 1244//42 1240//42
f 1243//42 1247//42 1248//42 1244//42
f 1247//42 1249//42 1250//42 1248//42
f 1254//77 1251//77 1252//77 1253//77
f 1251//78 1245//78 1246//78 1252//78
f 1256//79 1254//79 1253//79 1255//79
f 1260//79 1256//79 1255//79 1259//79
f 1264//80 1260//80 1259//80 1263//80
f 1266//81 1264//81 1263//81 1265//81
f 1268//42 1269//42 1270//42 1267//42
f 1262//42 1268//42 1267//42 1261//42
f 1269//42 1271//42 1272//42 1270//42
f 1271//42 1275//42 1276//42 1272//42
f 1275//42 1279//42 1280//42 1276//42
f 1279//42 1283//42 1284//42 1280//42
f 1283//42 1287//42 1288//42 1284//42
f 1287//42 1291//42 1292//42 1288//42
f 1291//42 1295//42 1296//42 1292//42
f 1295//42 1299//42 1300//42 1296//42
f 1299//42 1303//42 1304//42 1300//42
f 1303//42 1307//42 1308//42 1304//42
f 1307//42 1311//42 1312//42 1308//42
f 1311//42 1315//42 1316//42 1312//42
f 1315//42 423//42 422//42 1316//42
f 1320//82 1317//82 1318//82 1319//82
f 1317//62 1313//62 1314//62 1318//62
f 419//83 1320//83 1319//83 418//83
f 1313//62 1309//62 1310//62 1314//62
f 1309//62 1305//62 1306//62 1310//62
f 1305//62 1301//62 1302//62 1306//62
f 1301//62 1297//62 1298//62 1302//62
f 1297//62 1293//62 1294//62 1298//62
f 1293//62 1289//62 1290//62 1294//62
f 1289//62 1285//62 1286//62 1290//62
f 1285//62 1281//62 1282//62 1286//62
f 1281//82 1277//82 1278//82 1282//82
f 1277//82 1273//82 1274//82 1278//82
f 1273//84 1266//84 1265//84 1274//84
f 1258//42 1262//42 1261//42 1257//42
f 1249//42 1258//42 1257//42 1250//42
f 1245//85 1241//85 1242//85 1246//85
f 1241//86 1237//86 1238//86 1242//86
f 1237//87 1233//87 1234//87 1238//87
f 1230//88 1234//88 1233//88 1229//88
f 1229//89 1225//89 1226//89 1230//89
f 1225//90 1221//90 1222//90 1226//90
f 1221//91 1217//91 1218//91 1222//91
f 1217//92 1210//92 1209//92 1218//92
f 1205//76 1201//76 1202//76 1206//76
f 1201//76 1197//76 1198//76 1202//76
f 1197//76 1193//76 1194//76 1198//76
f 1193//76 1189//76 1190//76 1194//76
f 1189//76 1185//76 1186//76 1190//76
f 1185//76 1181//76 1182//76 1186//76
f 1181//76 1177//76 1178//76 1182//76
f 1177//76 1173//76 1174//76 1178//76
f 1173//76 1169//76 1170//76 1174//76
f 1169//76 1165//76 1166//76 1170//76
f 1165//76 1161//76 1162//76 1166//76
f 1161//76 1152//76 1151//76 1162//76
f 1152//93 1147//93 1148//93 1153//93
f 1147//93 1143//93 1144//93 1148//93
f 1143//93 1139//93 1140//93 1144//93
f 1139//94 1135//94 1136//94 1140//94
f 1135//95 1131//95 1132//95 1136//95
f 1131//96 1127//96 1128//96 1132//96
f 1127//97 1116//97 1117//97 1128//97
f 1116//98 1111//98 1112//98 1117//98
f 1111//99 1107//99 1108//99 1112//99
f 1107//100 1103//100 1104//100 1108//100
f 1103//101 1099//101 1100//101 1104//101
f 1099//102 1095//102 1096//102 1100//102
f 1095//103 1091//103 1092//103 1096//103
f 1091//104 1087//104 1088//104 1092//104
f 1087//104 1083//104 1084//104 1088//104
f 1083//105 1079//105 1080//105 1084//105
f 1079//106 1075//106 1076//106 1080//106
f 1075//106 1071//106 1072//106 1076//106
f 1071//106 1067//106 1068//106 1072//106
f 1067//106 1063//106 1064//106 1068//106
f 1063//106 1059//106 1060//106 1064//106
f 1059//45 1055//45 1056//45 1060//45
f 1055//45 1051//45 1052//45 1056//45
f 1051//45 1047//45 1048//45 1052//45
f 1047//45 1043//45 1044//45 1048//45
f 1043//45 1039//45 1040//45 1044//45
f 1039//44 1035//44 1036//44 1040//44
f 1035//45 1031//45 1032//45 1036//45
f 1031//45 1027//45 1028//45 1032//45
f 1027//44 1023//44 1024//44 1028//44
f 1023//44 1019//44 1020//44 1024//44
f 1019//44 1015//44 1016//44 1020//44
f 1015//44 1011//44 1012//44 1016//44
f 1011//45 1007//45 1008//45 1012//45
f 1007//44 1003//44 1004//44 1008//44
f 1003//44 999//44 1000//44 1004//44
f 999//45 995//45 996//45 1000//45
f 995//44 991//44 992//44 996//44
f 991//45 987//45 988//45 992//45
f 987//44 978//44 977//44 988//44
f 978//107 973//107 974//107 979//107
f 973//108 969//108 970//108 974//108
f 969//109 965//109 966//109 970//109
f 965//110 961//110 962//110 966//110
f 961//111 957//111 958//111 962//111
f 957//62 953//62 954//62 958//62
f 953//62 949//62 950//62 954//62
f 949//62 945//62 946//62 950//62
f 945//62 941//62 942//62 946//62
f 941//62 937//62 938//62 942//62
f 937//62 933//62 934//62 938//62
f 933//62 929//62 930//62 934//62
f 929//62 925//62 926//62 930//62
f 925//62 921//62 922//62 926//62
f 921//62 917//62 918//62 922//62
f 917//62 913//62 914//62 918//62
f 913//62 909//62 910//62 914//62
f 909//62 905//62 906//62 910//62
f 905//62 901//62 902//62 906//62
f 901//62 897//62 898//62 902//62
f 897//62 893//62 894//62 898//62
f 893//62 889//62 890//62 894//62
f 889//62 885//62 886//62 890//62
f 885//62 881//62 882//62 886//62
f 881//62 877//62 878//62 882//62
f 877//62 870//62 869//62 878//62
f 633//42 626//42 625//42 634//42
f 621//62 612//62 611//62 622//62
f 612//112 607//112 608//112 613//112
f 607//113 603//113 604//113 608//113
f 603//114 599//114 600//114 604//114
f 599//115 595//115 596//115 600//115
f 595//115 591//115 592//115 596//115
f 591//115 587//115 588//115 592//115
f 587//115 575//115 574//115 588//115
f 555//47 551//47 552//47 556//47
f 551//41 547//41 548//41 552//41
f 547//47 543//47 544//47 548//47
f 543//47 539//47 540//47 544//47
f 539//47 535//47 536//47 540//47
f 535//47 531//47 532//47 536//47
f 531//47 527//47 528//47 532//47
f 527//47 523//47 524//47 528//47
f 523//47 519//47 520//47 524//47
f 519//47 515//47 516//47 520//47
f 515//47 511//47 512//47 516//47
f 511//41 507//41 508//41 512//41
f 507//47 503//47 504//47 508//47
f 503//47 499//47 500//47 504//47
f 499//47 495//47 496//47 500//47
f 495//41 491//41 492//41 496//41
f 491//47 487//47 488//47 492//47
f 487//47 483//47 484//47 488//47
f 483//41 479//41 480//41 484//41
f 479//47 475//47 476//47 480//47
f 475//47 472//47 471//47 476//47
f 466//47 461//47 462//47 467//47
f 461//47 457//47 458//47 462//47
f 457//47 453//47 454//47 458//47
f 453//47 449//47 450//47 454//47
f 449//47 445//47 446//47 450//47
f 445//41 441//41 442//41 446//41
f 441//47 437//47 438//47 442//47
f 437//47 433//47 434//47 438//47
f 433//47 421//47 420//47 434//47
f 418//62 428//62 427//62 419//62
f 1336//116 1538//116 1540//116 1335//116
f 1640//117 1343//117 1344//117 1641//117
f 1524//118 1331//118 1332//118 1525//118
f 1822//117 1355//117 1356//117 1823//117
f 1330//119 1517//119 1519//119 1329//119
f 1425//117 1325//117 1326//117 1423//117
f 1767//120 1353//120 1354//120 1768//120
f 1328//121 1429//121 1428//121 1327//121
f 1372//117 2112//117 2114//117 1371//117
f 1334//122 1532//122 1531//122 1333//122
f 1384//123 1323//123 1324//123 1385//123
f 1338//124 1569//124 1571//124 1337//124
f 1364//125 2076//125 2078//125 1363//125
f 1322//121 1373//121 1375//121 1321//121
f 1368//117 2082//117 2084//117 1367//117
f 2073//126 1361//126 1362//126 2071//126
f 1366//121 2079//121 2081//121 1365//121
f 426//123 1324//123 1323//123 427//123
f 467//117 1326//117 1325//117 465//117
f 1327//121 471//121 470//121 1328//121
f 561//119 1330//119 1329//119 559//119
f 1355//117 865//117 864//117 1356//117
f 1331//118 567//118 566//118 1332//118
f 1343//117 683//117 682//117 1344//117
f 1333//122 574//122 573//122 1334//122
f 582//116 1336//116 1335//116 580//116
f 616//127 1339//127 1340//127 614//127
f 982//121 1359//121 1360//121 980//121
f 1153//128 1369//128 1370//128 1151//128
f 681//129 1341//129 1342//129 679//129
f 1346//120 686//120 685//120 1345//120
f 1348//120 691//120 690//120 1347//120
f 695//129 1349//129 1350//129 693//129
f 702//129 1351//129 1352//129 700//129
f 979//130 1357//130 1358//130 977//130
f 1115//126 1362//126 1361//126 1113//126
f 1123//121 1366//121 1365//121 1121//121
f 1126//117 1368//117 1367//117 1124//117
f 417//121 1322//121 1321//121 415//121
f 1120//125 1364//125 1363//125 1118//125
f 613//124 1338//124 1337//124 611//124
f 1156//117 1372//117 1371//117 1154//117
f 1353//120 810//120 809//120 1354//120
f 1379//131 1375//131 1374//131 1378//131
f 1373//132 1380//132 1381//132 1374//132
f 1383//133 1386//133 1385//133 1382//133
f 1388//134 1383//134 1382//134 1387//134
f 1390//135 1388//135 1387//135 1389//135
f 1394//135 1390//135 1389//135 1393//135
f 1398//135 1394//135 1393//135 1397//135
f 1402//135 1398//135 1397//135 1401//135
f 1406//135 1402//135 1401//135 1405//135
f 1410//135 1406//135 1405//135 1409//135
f 1414//135 1410//135 1409//135 1413//135
f 1418//134 1414//134 1413//134 1417//134
f 1422//135 1418//135 1417//135 1421//135
f 1427//135 1422//135 1421//135 1426//135
f 1432//135 1427//135 1426//135 1431//135
f 1436//135 1432//135 1431//135 1435//135
f 1440//135 1436//135 1435//135 1439//135
f 1444//135 1440//135 1439//135 1443//135
f 1448//134 1444//134 1443//134 1447//134
f 1452//135 1448//135 1447//135 1451//135
f 1456//135 1452//135 1451//135 1455//135
f 1460//135 1456//135 1455//135 1459//135
f 1464//135 1460//135 1459//135 1463//135
f 1468//134 1464//134 1463//134 1467//134
f 1472//134 1468//134 1467//134 1471//134
f 1476//134 1472//134 1471//134 1475//134
f 1480//134 1476//134 1475//134 1479//134
f 1484//134 1480//134 1479//134 1483//134
f 1488//134 1484//134 1483//134 1487//134
f 1492//134 1488//134 1487//134 1491//134
f 1496//134 1492//134 1491//134 1495//134
f 1500//136 1496//136 1495//136 1499//136
f 1504//136 1500//136 1499//136 1503//136
f 1508//136 1504//136 1503//136 1507//136
f 1512//136 1508//136 1507//136 1511//136
f 1516//136 1512//136 1511//136 1515//136
f 1518//137 1516//137 1515//137 1519//137
f 1523//131 1520//131 1521//131 1522//131
f 1520//138 1513//138 1514//138 1521//138
f 1525//138 1523//138 1522//138 1526//138
f 1528//139 1524//139 1526//139 1527//139
f 1530//140 1528//140 1527//140 1529//140
f 1532//141 1530//141 1529//141 1533//141
f 1535//142 1518//142 1517//142 1534//142
f 1537//143 1535//143 1534//143 1536//143
f 1536//144 1540//144 1539//144 1537//144
f 1542//145 1539//145 1538//145 1541//145
f 1544//146 1542//146 1541//146 1543//146
f 1548//147 1544//147 1543//147 1547//147
f 1552//148 1548//148 1547//148 1551//148
f 1556//149 1552//149 1551//149 1555//149
f 1560//150 1556//150 1555//150 1559//150
f 1564//151 1560//151 1559//151 1563//151
f 1568//152 1564//152 1563//152 1567//152
f 1567//153 1572//153 1574//153 1568//153
f 1576//132 1574//132 1573//132 1575//132
f 1578//132 1576//132 1575//132 1577//132
f 1582//132 1578//132 1577//132 1581//132
f 1584//132 1582//132 1581//132 1583//132
f 1586//154 1579//154 1580//154 1585//154
f 1588//154 1586//154 1585//154 1587//154
f 1590//154 1588//154 1587//154 1589//154
f 1594//154 1590//154 1589//154 1593//154
f 1596//154 1594//154 1593//154 1595//154
f 1598//132 1591//132 1592//132 1597//132
f 1600//132 1598//132 1597//132 1599//132
f 1602//132 1600//132 1599//132 1601//132
f 1604//132 1602//132 1601//132 1603//132
f 1608//154 1605//154 1606//154 1607//154
f 1605//154 1596//154 1595//154 1606//154
f 1610//154 1608//154 1607//154 1609//154
f 1612//154 1610//154 1609//154 1611//154
f 1614//132 1604//132 1603//132 1613//132
f 1616//132 1614//132 1613//132 1615//132
f 1618//132 1616//132 1615//132 1617//132
f 1620//132 1618//132 1617//132 1619//132
f 1624//154 1621//154 1622//154 1623//154
f 1621//154 1612//154 1611//154 1622//154
f 1626//154 1624//154 1623//154 1625//154
f 1628//154 1626//154 1625//154 1627//154
f 1630//132 1620//132 1619//132 1629//132
f 1632//132 1630//132 1629//132 1631//132
f 1634//132 1632//132 1631//132 1633//132
f 1636//132 1634//132 1633//132 1635//132
f 1639//135 1644//135 1643//135 1637//135
f 1638//154 1628//154 1627//154 1639//154
f 1644//132 1649//132 1648//132 1645//132
f 1655//135 1651//135 1653//135 1654//135
f 1652//154 1658//154 1660//154 1653//154
f 1659//135 1650//135 1649//135 1660//135
f 1657//138 1646//138 1647//138 1656//138
f 1662//138 1657//138 1656//138 1661//138
f 1664//138 1662//138 1661//138 1663//138
f 1666//138 1664//138 1663//138 1665//138
f 1668//134 1655//134 1654//134 1667//134
f 1670//135 1668//135 1667//135 1669//135
f 1672//135 1670//135 1669//135 1671//135
f 1674//135 1672//135 1671//135 1673//135
f 1676//138 1666//138 1665//138 1675//138
f 1678//138 1676//138 1675//138 1677//138
f 1680//138 1678//138 1677//138 1679//138
f 1682//138 1680//138 1679//138 1681//138
f 1684//135 1674//135 1673//135 1683//135
f 1686//135 1684//135 1683//135 1685//135
f 1688//135 1686//135 1685//135 1687//135
f 1690//135 1688//135 1687//135 1689//135
f 1692//138 1682//138 1681//138 1691//138
f 1694//131 1692//131 1691//131 1693//131
f 1696//138 1694//138 1693//138 1695//138
f 1698//138 1696//138 1695//138 1697//138
f 1700//135 1690//135 1689//135 1699//135
f 1702//135 1700//135 1699//135 1701//135
f 1704//135 1702//135 1701//135 1703//135
f 1706//135 1704//135 1703//135 1705//135
f 1708//138 1698//138 1697//138 1707//138
f 1710//138 1708//138 1707//138 1709//138
f 1712//138 1710//138 1709//138 1711//138
f 1714//138 1712//138 1711//138 1713//138
f 1716//135 1706//135 1705//135 1715//135
f 1718//135 1716//135 1715//135 1717//135
f 1720//135 1718//135 1717//135 1719//135
f 1722//135 1720//135 1719//135 1721//135
f 1724//138 1714//138 1713//138 1723//138
f 1726//138 1724//138 1723//138 1725//138
f 1728//138 1726//138 1725//138 1727//138
f 1730//138 1728//138 1727//138 1729//138
f 1732//135 1722//135 1721//135 1731//135
f 1734//135 1732//135 1731//135 1733//135
f 1736//135 1734//135 1733//135 1735//135
f 1738//134 1736//134 1735//134 1737//134
f 1740//138 1730//138 1729//138 1739//138
f 1742//138 1740//138 1739//138 1741//138
f 1744//138 1742//138 1741//138 1743//138
f 1746//138 1744//138 1743//138 1745//138
f 1748//135 1738//135 1737//135 1747//135
f 1750//135 1748//135 1747//135 1749//135
f 1752//135 1750//135 1749//135 1751//135
f 1754//135 1752//135 1751//135 1753//135
f 1756//138 1746//138 1745//138 1755//138
f 1758//138 1756//138 1755//138 1757//138
f 1760//138 1758//138 1757//138 1759//138
f 1762//138 1760//138 1759//138 1761//138
f 1764//135 1754//135 1753//135 1763//135
f 1766//135 1764//135 1763//135 1765//135
f 1768//134 1766//134 1765//134 1769//134
f 1775//132 1767//132 1769//132 1774//132
f 1779//132 1775//132 1774//132 1778//132
f 1783//132 1779//132 1778//132 1782//132
f 1785//132 1783//132 1782//132 1784//132
f 1787//154 1780//154 1781//154 1786//154
f 1789//154 1787//154 1786//154 1788//154
f 1791//154 1789//154 1788//154 1790//154
f 1793//154 1791//154 1790//154 1792//154
f 1797//132 1794//132 1795//132 1796//132
f 1794//132 1785//132 1784//132 1795//132
f 1799//132 1797//132 1796//132 1798//132
f 1801//132 1799//132 1798//132 1800//132
f 1803//154 1793//154 1792//154 1802//154
f 1805//154 1803//154 1802//154 1804//154
f 1807//154 1805//154 1804//154 1806//154
f 1809//154 1807//154 1806//154 1808//154
f 1813//132 1810//132 1811//132 1812//132
f 1810//132 1801//132 1800//132 1811//132
f 1815//132 1813//132 1812//132 1814//132
f 1817//132 1815//132 1814//132 1816//132
f 1819//154 1809//154 1808//154 1818//154
f 1821//154 1819//154 1818//154 1820//154
f 1424//154 1821//154 1820//154 1425//154
f 1429//132 1817//132 1816//132 1430//132
f 1780//154 1776//154 1777//154 1781//154
f 1776//154 1772//154 1773//154 1777//154
f 1772//154 1824//154 1823//154 1773//154
f 1771//138 1822//138 1824//138 1770//138
f 1770//138 1762//138 1761//138 1771//138
f 1641//138 1647//138 1646//138 1642//138
f 1826//154 1640//154 1642//154 1825//154
f 1828//154 1826//154 1825//154 1827//154
f 1830//132 1636//132 1635//132 1829//132
f 1832//132 1830//132 1829//132 1831//132
f 1834//132 1832//132 1831//132 1833//132
f 1838//132 1834//132 1833//132 1837//132
f 1842//132 1838//132 1837//132 1841//132
f 1846//132 1842//132 1841//132 1845//132
f 1850//132 1846//132 1845//132 1849//132
f 1854//132 1850//132 1849//132 1853//132
f 1858//132 1854//132 1853//132 1857//132
f 1862//132 1858//132 1857//132 1861//132
f 1866//132 1862//132 1861//132 1865//132
f 1870//132 1866//132 1865//132 1869//132
f 1874//132 1870//132 1869//132 1873//132
f 1878//132 1874//132 1873//132 1877//132
f 1882//132 1878//132 1877//132 1881//132
f 1886//132 1882//132 1881//132 1885//132
f 1890//132 1886//132 1885//132 1889//132
f 1894//132 1890//132 1889//132 1893//132
f 1898//132 1894//132 1893//132 1897//132
f 1902//132 1898//132 1897//132 1901//132
f 1906//132 1902//132 1901//132 1905//132
f 1910//132 1906//132 1905//132 1909//132
f 1914//132 1910//132 1909//132 1913//132
f 1918//132 1914//132 1913//132 1917//132
f 1922//132 1918//132 1917//132 1921//132
f 1926//132 1922//132 1921//132 1925//132
f 1930//132 1926//132 1925//132 1929//132
f 1934//132 1930//132 1929//132 1933//132
f 1933//132 1938//132 1940//132 1934//132
f 1942//131 1940//131 1939//131 1941//131
f 1944//138 1942//138 1941//138 1943//138
f 1948//138 1944//138 1943//138 1947//138
f 1952//138 1948//138 1947//138 1951//138
f 1956//131 1952//131 1951//131 1955//131
f 1960//138 1956//138 1955//138 1959//138
f 1964//138 1960//138 1959//138 1963//138
f 1968//138 1964//138 1963//138 1967//138
f 1972//138 1968//138 1967//138 1971//138
f 1976//138 1972//138 1971//138 1975//138
f 1980//131 1976//131 1975//131 1979//131
f 1984//138 1980//138 1979//138 1983//138
f 1988//138 1984//138 1983//138 1987//138
f 1992//138 1988//138 1987//138 1991//138
f 1996//138 1992//138 1991//138 1995//138
f 2000//138 1996//138 1995//138 1999//138
f 2004//138 2000//138 1999//138 2003//138
f 2008//138 2004//138 2003//138 2007//138
f 2012//138 2008//138 2007//138 2011//138
f 2016//138 2012//138 2011//138 2015//138
f 2020//138 2016//138 2015//138 2019//138
f 2024//138 2020//138 2019//138 2023//138
f 2028//138 2024//138 2023//138 2027//138
f 2032//138 2028//138 2027//138 2031//138
f 2036//138 2032//138 2031//138 2035//138
f 2040//138 2036//138 2035//138 2039//138
f 2044//138 2040//138 2039//138 2043//138
f 2048//138 2044//138 2043//138 2047//138
f 2052//138 2048//138 2047//138 2051//138
f 2056//138 2052//138 2051//138 2055//138
f 2060//138 2056//138 2055//138 2059//138
f 2064//138 2060//138 2059//138 2063//138
f 2068//138 2064//138 2063//138 2067//138
f 2072//155 2068//155 2067//155 2073//155
f 2071//132 2081//132 2080//132 2072//132
f 2079//138 2084//138 2083//138 2080//138
f 2077//154 2083//154 2082//154 2078//154
f 2088//156 2077//156 2076//156 2087//156
f 2092//157 2088//157 2087//157 2091//157
f 2096//138 2092//138 2091//138 2095//138
f 2100//138 2096//138 2095//138 2099//138
f 2104//138 2100//138 2099//138 2103//138
f 2108//138 2104//138 2103//138 2107//138
f 2107//138 2114//138 2113//138 2108//138
f 2116//154 2113//154 2112//154 2115//154
f 2118//154 2116//154 2115//154 2117//154
f 2122//154 2118//154 2117//154 2121//154
f 2126//154 2122//154 2121//154 2125//154
f 2130//154 2126//154 2125//154 2129//154
f 2134//158 2130//158 2129//158 2133//158
f 2138//159 2134//159 2133//159 2137//159
f 2142//159 2138//159 2137//159 2141//159
f 2146//160 2142//160 2141//160 2145//160
f 2150//160 2146//160 2145//160 2149//160
f 2154//161 2150//161 2149//161 2153//161
f 2158//162 2154//162 2153//162 2157//162
f 2162//163 2158//163 2157//163 2161//163
f 2166//164 2162//164 2161//164 2165//164
f 2168//165 2166//165 2165//165 2167//165
f 2172//166 2169//166 2170//166 2171//166
f 2169//166 2163//166 2164//166 2170//166
f 2174//166 2172//166 2171//166 2173//166
f 2178//166 2174//166 2173//166 2177//166
f 2182//166 2178//166 2177//166 2181//166
f 2186//132 2182//132 2181//132 2185//132
f 2185//132 2189//132 2190//132 2186//132
f 2194//132 2190//132 2189//132 2193//132
f 2193//132 2197//132 2198//132 2194//132
f 2197//132 2201//132 2202//132 2198//132
f 2201//132 2205//132 2206//132 2202//132
f 2205//132 2207//132 2208//132 2206//132
f 2212//167 2209//167 2210//167 2211//167
f 2209//168 2203//168 2204//168 2210//168
f 2214//169 2212//169 2211//169 2213//169
f 2218//170 2214//170 2213//170 2217//170
f 2222//171 2218//171 2217//171 2221//171
f 2224//172 2222//172 2221//172 2223//172
f 2226//132 2227//132 2228//132 2225//132
f 2220//132 2226//132 2225//132 2219//132
f 2227//132 2229//132 2230//132 2228//132
f 2229//132 2233//132 2234//132 2230//132
f 2233//132 2237//132 2238//132 2234//132
f 2237//132 2241//132 2242//132 2238//132
f 2241//132 2245//132 2246//132 2242//132
f 2245//132 2249//132 2250//132 2246//132
f 2249//132 2253//132 2254//132 2250//132
f 2253//132 2257//132 2258//132 2254//132
f 2257//132 2261//132 2262//132 2258//132
f 2261//132 2265//132 2266//132 2262//132
f 2265//132 2269//132 2270//132 2266//132
f 2269//132 2273//132 2274//132 2270//132
f 2273//132 1381//132 1380//132 2274//132
f 2278//173 2275//173 2276//173 2277//173
f 2275//154 2271//154 2272//154 2276//154
f 1377//174 2278//174 2277//174 1376//174
f 2271//154 2267//154 2268//154 2272//154
f 2267//154 2263//154 2264//154 2268//154
f 2263//154 2259//154 2260//154 2264//154
f 2259//154 2255//154 2256//154 2260//154
f 2255//154 2251//154 2252//154 2256//154
f 2251//175 2247//175 2248//175 2252//175
f 2247//175 2243//175 2244//175 2248//175
f 2243//175 2239//175 2240//175 2244//175
f 2239//176 2235//176 2236//176 2240//176
f 2235//176 2231//176 2232//176 2236//176
f 2231//177 2224//177 2223//177 2232//177
f 2216//132 2220//132 2219//132 2215//132
f 2207//132 2216//132 2215//132 2208//132
f 2203//178 2199//178 2200//178 2204//178
f 2199//179 2195//179 2196//179 2200//179
f 2195//180 2191//180 2192//180 2196//180
f 2188//181 2192//181 2191//181 2187//181
f 2187//182 2183//182 2184//182 2188//182
f 2183//183 2179//183 2180//183 2184//183
f 2179//184 2175//184 2176//184 2180//184
f 2175//185 2168//185 2167//185 2176//185
f 2163//166 2159//166 2160//166 2164//166
f 2159//166 2155//166 2156//166 2160//166
f 2155//166 2151//166 2152//166 2156//166
f 2151//166 2147//166 2148//166 2152//166
f 2147//166 2143//166 2144//166 2148//166
f 2143//166 2139//166 2140//166 2144//166
f 2139//166 2135//166 2136//166 2140//166
f 2135//166 2131//166 2132//166 2136//166
f 2131//166 2127//166 2128//166 2132//166
f 2127//166 2123//166 2124//166 2128//166
f 2123//166 2119//166 2120//166 2124//166
f 2119//166 2109//166 2111//166 2120//166
f 2110//186 2105//186 2106//186 2111//186
f 2105//187 2101//187 2102//187 2106//187
f 2101//187 2097//187 2098//187 2102//187
f 2097//188 2093//188 2094//188 2098//188
f 2093//189 2089//189 2090//189 2094//189
f 2089//190 2085//190 2086//190 2090//190
f 2085//191 2074//191 2075//191 2086//191
f 2074//192 2069//192 2070//192 2075//192
f 2069//193 2065//193 2066//193 2070//193
f 2065//194 2061//194 2062//194 2066//194
f 2061//195 2057//195 2058//195 2062//195
f 2057//196 2053//196 2054//196 2058//196
f 2053//197 2049//197 2050//197 2054//197
f 2049//197 2045//197 2046//197 2050//197
f 2045//198 2041//198 2042//198 2046//198
f 2041//198 2037//198 2038//198 2042//198
f 2037//199 2033//199 2034//199 2038//199
f 2033//135 2029//135 2030//135 2034//135
f 2029//135 2025//135 2026//135 2030//135
f 2025//135 2021//135 2022//135 2026//135
f 2021//135 2017//135 2018//135 2022//135
f 2017//135 2013//135 2014//135 2018//135
f 2013//135 2009//135 2010//135 2014//135
f 2009//135 2005//135 2006//135 2010//135
f 2005//135 2001//135 2002//135 2006//135
f 2001//135 1997//135 1998//135 2002//135
f 1997//134 1993//134 1994//134 1998//134
f 1993//134 1989//134 1990//134 1994//134
f 1989//135 1985//135 1986//135 1990//135
f 1985//134 1981//134 1982//134 1986//134
f 1981//135 1977//135 1978//135 1982//135
f 1977//134 1973//134 1974//134 1978//134
f 1973//134 1969//134 1970//134 1974//134
f 1969//135 1965//135 1966//135 1970//135
f 1965//134 1961//134 1962//134 1966//134
f 1961//135 1957//135 1958//135 1962//135
f 1957//134 1953//134 1954//134 1958//134
f 1953//135 1949//135 1950//135 1954//135
f 1949//135 1945//135 1946//135 1950//135
f 1945//135 1935//135 1937//135 1946//135
f 1936//200 1931//200 1932//200 1937//200
f 1931//201 1927//201 1928//201 1932//201
f 1927//202 1923//202 1924//202 1928//202
f 1923//203 1919//203 1920//203 1924//203
f 1919//204 1915//204 1916//204 1920//204
f 1915//154 1911//154 1912//154 1916//154
f 1911//154 1907//154 1908//154 1912//154
f 1907//154 1903//154 1904//154 1908//154
f 1903//154 1899//154 1900//154 1904//154
f 1899//154 1895//154 1896//154 1900//154
f 1895//154 1891//154 1892//154 1896//154
f 1891//154 1887//154 1888//154 1892//154
f 1887//154 1883//154 1884//154 1888//154
f 1883//154 1879//154 1880//154 1884//154
f 1879//154 1875//154 1876//154 1880//154
f 1875//154 1871//154 1872//154 1876//154
f 1871//154 1867//154 1868//154 1872//154
f 1867//154 1863//154 1864//154 1868//154
f 1863//154 1859//154 1860//154 1864//154
f 1859//154 1855//154 1856//154 1860//154
f 1855//154 1851//154 1852//154 1856//154
f 1851//154 1847//154 1848//154 1852//154
f 1847//154 1843//154 1844//154 1848//154
f 1843//154 1839//154 1840//154 1844//154
f 1839//154 1835//154 1836//154 1840//154
f 1835//154 1828//154 1827//154 1836//154
f 1591//132 1584//132 1583//132 1592//132
f 1579//154 1571//154 1570//154 1580//154
f 1569//205 1565//205 1566//205 1570//205
f 1565//206 1561//206 1562//206 1566//206
f 1561//207 1557//207 1558//207 1562//207
f 1557//208 1553//208 1554//208 1558//208
f 1553//208 1549//208 1550//208 1554//208
f 1549//208 1545//208 1546//208 1550//208
f 1545//208 1531//208 1533//208 1546//208
f 1513//138 1509//138 1510//138 1514//138
f 1509//138 1505//138 1506//138 1510//138
f 1505//138 1501//138 1502//138 1506//138
f 1501//138 1497//138 1498//138 1502//138
f 1497//138 1493//138 1494//138 1498//138
f 1493//138 1489//138 1490//138 1494//138
f 1489//138 1485//138 1486//138 1490//138
f 1485//138 1481//138 1482//138 1486//138
f 1481//138 1477//138 1478//138 1482//138
f 1477//138 1473//138 1474//138 1478//138
f 1473//138 1469//138 1470//138 1474//138
f 1469//131 1465//131 1466//131 1470//131
f 1465//138 1461//138 1462//138 1466//138
f 1461//138 1457//138 1458//138 1462//138
f 1457//138 1453//138 1454//138 1458//138
f 1453//138 1449//138 1450//138 1454//138
f 1449//138 1445//138 1446//138 1450//138
f 1445//138 1441//138 1442//138 1446//138
f 1441//138 1437//138 1438//138 1442//138
f 1437//138 1433//138 1434//138 1438//138
f 1433//138 1428//138 1430//138 1434//138
f 1423//138 1419//138 1420//138 1424//138
f 1419//138 1415//138 1416//138 1420//138
f 1415//138 1411//138 1412//138 1416//138
f 1411//138 1407//138 1408//138 1412//138
f 1407//138 1403//138 1404//138 1408//138
f 1403//138 1399//138 1400//138 1404//138
f 1399//138 1395//138 1396//138 1400//138
f 1395//138 1391//138 1392//138 1396//138
f 1391//138 1379//138 1378//138 1392//138
f 1376//154 1384//154 1386//154 1377//154
f 1339//127 1573//127 1572//127 1340//127
f 1359//121 1939//121 1938//121 1360//121
f 1369//128 2110//128 2109//128 1370//128
f 1341//129 1638//129 1637//129 1342//129
f 1645//120 1346//120 1345//120 1643//120
f 1650//120 1348//120 1347//120 1648//120
f 1349//129 1652//129 1651//129 1350//129
f 1351//129 1659//129 1658//129 1352//129
f 1357//130 1936//130 1935//130 1358//130
f 424//209 428//209 418//209 416//209
f 420//210 415//210 1321//210 2//210
f 422//209 416//209 418//209 1319//209
f 429//209 424//209 416//209 421//209
f 417//211 423//211 3//211 1322//211
f 419//212 427//212 1323//212 1//212
f 1320//213 419//213 1//213 414//213
f 431//209 429//209 421//209 433//209
f 434//210 420//210 2//210 7//210
f 423//211 1315//211 412//211 3//211
f 1316//209 422//209 1319//209 1318//209
f 425//214 430//214 5//214 4//214
f 426//215 425//215 4//215 1324//215
f 430//214 432//214 6//214 5//214
f 435//209 431//209 433//209 437//209
f 432//214 436//214 8//214 6//214
f 438//210 434//210 7//210 9//210
f 439//209 435//209 437//209 441//209
f 436//214 440//214 10//214 8//214
f 442//210 438//210 9//210 11//210
f 443//209 439//209 441//209 445//209
f 440//214 444//214 12//214 10//214
f 446//210 442//210 11//210 13//210
f 447//209 443//209 445//209 449//209
f 444//214 448//214 14//214 12//214
f 450//210 446//210 13//210 15//210
f 451//209 447//209 449//209 453//209
f 448//214 452//214 16//214 14//214
f 454//210 450//210 15//210 17//210
f 455//209 451//209 453//209 457//209
f 452//214 456//214 18//214 16//214
f 458//210 454//210 17//210 19//210
f 459//209 455//209 457//209 461//209
f 456//214 460//214 20//214 18//214
f 462//210 458//210 19//210 21//210
f 463//209 459//209 461//209 466//209
f 460//214 464//214 22//214 20//214
f 467//210 462//210 21//210 1326//210
f 468//209 463//209 466//209 472//209
f 464//214 469//214 23//214 22//214
f 863//212 465//212 1325//212 199//212
f 466//209 862//209 859//209 472//209
f 473//209 468//209 472//209 475//209
f 469//214 474//214 24//214 23//214
f 476//210 471//210 1327//210 25//210
f 470//211 858//211 197//211 1328//211
f 477//209 473//209 475//209 479//209
f 474//214 478//214 26//214 24//214
f 480//210 476//210 25//210 27//210
f 481//209 477//209 479//209 483//209
f 478//214 482//214 28//214 26//214
f 484//210 480//210 27//210 29//210
f 485//209 481//209 483//209 487//209
f 482//214 486//214 30//214 28//214
f 488//210 484//210 29//210 31//210
f 489//209 485//209 487//209 491//209
f 486//214 490//214 32//214 30//214
f 492//210 488//210 31//210 33//210
f 493//209 489//209 491//209 495//209
f 490//214 494//214 34//214 32//214
f 496//210 492//210 33//210 35//210
f 497//209 493//209 495//209 499//209
f 494//214 498//214 36//214 34//214
f 500//210 496//210 35//210 37//210
f 501//209 497//209 499//209 503//209
f 498//214 502//214 38//214 36//214
f 504//210 500//210 37//210 39//210
f 505//209 501//209 503//209 507//209
f 502//214 506//214 40//214 38//214
f 508//210 504//210 39//210 41//210
f 509//209 505//209 507//209 511//209
f 506//214 510//214 42//214 40//214
f 512//210 508//210 41//210 43//210
f 513//209 509//209 511//209 515//209
f 510//214 514//214 44//214 42//214
f 516//210 512//210 43//210 45//210
f 517//209 513//209 515//209 519//209
f 514//214 518//214 46//214 44//214
f 520//210 516//210 45//210 47//210
f 521//209 517//209 519//209 523//209
f 518//214 522//214 48//214 46//214
f 524//210 520//210 47//210 49//210
f 525//209 521//209 523//209 527//209
f 522//214 526//214 50//214 48//214
f 528//210 524//210 49//210 51//210
f 529//209 525//209 527//209 531//209
f 526//214 530//214 52//214 50//214
f 532//210 528//210 51//210 53//210
f 533//209 529//209 531//209 535//209
f 530//214 534//214 54//214 52//214
f 536//210 532//210 53//210 55//210
f 537//209 533//209 535//209 539//209
f 534//214 538//214 56//214 54//214
f 540//210 536//210 55//210 57//210
f 541//209 537//209 539//209 543//209
f 538//214 542//214 58//214 56//214
f 544//210 540//210 57//210 59//210
f 545//209 541//209 543//209 547//209
f 542//214 546//214 60//214 58//214
f 548//210 544//210 59//210 61//210
f 549//209 545//209 547//209 551//209
f 546//214 550//214 62//214 60//214
f 552//210 548//210 61//210 63//210
f 553//209 549//209 551//209 555//209
f 550//214 554//214 64//214 62//214
f 556//210 552//210 63//210 65//210
f 557//209 553//209 555//209 562//209
f 554//214 558//214 66//214 64//214
f 563//210 556//210 65//210 67//210
f 558//216 559//216 1329//216 66//216
f 557//209 562//209 565//209 560//209
f 560//209 565//209 568//209 570//209
f 576//209 560//209 570//209 572//209
f 561//217 577//217 71//217 1330//217
f 564//210 563//210 67//210 68//210
f 566//210 564//210 68//210 1332//210
f 569//218 567//218 1331//218 69//218
f 571//218 569//218 69//218 70//218
f 578//209 576//209 572//209 575//209
f 573//219 571//219 70//219 1334//219
f 583//209 581//209 578//209 575//209
f 585//209 583//209 575//209 587//209
f 588//220 574//220 1333//220 75//220
f 577//221 579//221 72//221 71//221
f 579//222 580//222 1335//222 72//222
f 582//223 584//223 73//223 1336//223
f 584//224 586//224 74//224 73//224
f 589//209 585//209 587//209 591//209
f 586//225 590//225 76//225 74//225
f 592//220 588//220 75//220 77//220
f 593//209 589//209 591//209 595//209
f 590//226 594//226 78//226 76//226
f 596//220 592//220 77//220 79//220
f 597//209 593//209 595//209 599//209
f 594//226 598//226 80//226 78//226
f 600//220 596//220 79//220 81//220
f 601//209 597//209 599//209 603//209
f 598//226 602//226 82//226 80//226
f 604//227 600//227 81//227 83//227
f 605//209 601//209 603//209 607//209
f 602//228 606//228 84//228 82//228
f 608//229 604//229 83//229 85//229
f 609//209 605//209 607//209 612//209
f 606//230 610//230 86//230 84//230
f 613//231 608//231 85//231 1338//231
f 617//209 615//209 609//209 612//209
f 610//232 614//232 1340//232 86//232
f 619//209 617//209 612//209 621//209
f 622//212 611//212 1337//212 89//212
f 616//211 618//211 87//211 1339//211
f 618//211 620//211 88//211 87//211
f 623//209 619//209 621//209 628//209
f 620//211 624//211 90//211 88//211
f 627//212 622//212 89//212 92//212
f 624//211 626//211 91//211 90//211
f 625//209 623//209 628//209 630//209
f 634//209 625//209 630//209 632//209
f 626//211 633//211 95//211 91//211
f 629//212 627//212 92//212 93//212
f 631//212 629//212 93//212 94//212
f 639//209 634//209 632//209 636//209
f 635//212 631//212 94//212 96//212
f 633//211 640//211 98//211 95//211
f 641//209 639//209 636//209 638//209
f 637//212 635//212 96//212 97//212
f 643//209 641//209 638//209 647//209
f 648//212 637//212 97//212 102//212
f 640//211 642//211 99//211 98//211
f 642//211 644//211 100//211 99//211
f 644//211 646//211 101//211 100//211
f 645//209 643//209 647//209 650//209
f 655//209 645//209 650//209 652//209
f 646//211 656//211 106//211 101//211
f 649//212 648//212 102//212 103//212
f 651//212 649//212 103//212 104//212
f 657//209 655//209 652//209 654//209
f 653//212 651//212 104//212 105//212
f 659//209 657//209 654//209 663//209
f 664//212 653//212 105//212 110//212
f 656//211 658//211 107//211 106//211
f 658//211 660//211 108//211 107//211
f 660//211 662//211 109//211 108//211
f 661//209 659//209 663//209 666//209
f 671//209 661//209 666//209 668//209
f 662//211 672//211 114//211 109//211
f 665//212 664//212 110//212 111//212
f 667//212 665//212 111//212 112//212
f 673//209 671//209 668//209 670//209
f 669//212 667//212 112//212 113//212
f 675//209 673//209 670//209 680//209
f 681//212 669//212 113//212 1341//212
f 672//211 674//211 115//211 114//211
f 674//211 676//211 116//211 115//211
f 676//211 678//211 117//211 116//211
f 677//209 675//209 680//209 684//209
f 871//209 677//209 684//209 868//209
f 678//211 872//211 202//211 117//211
f 689//209 684//209 680//209 687//209
f 685//214 679//214 1342//214 1345//214
f 682//210 688//210 118//210 1344//210
f 867//212 683//212 1343//212 200//212
f 687//209 692//209 701//209 694//209
f 698//209 689//209 687//209 694//209
f 690//233 686//233 1346//233 1347//233
f 688//210 699//210 120//210 118//210
f 702//214 691//214 1348//214 1351//214
f 703//209 698//209 694//209 697//209
f 695//212 700//212 1352//212 1349//212
f 696//214 693//214 1350//214 119//214
f 705//209 703//209 697//209 710//209
f 709//214 696//214 119//214 124//214
f 699//210 704//210 121//210 120//210
f 704//210 706//210 122//210 121//210
f 706//210 708//210 123//210 122//210
f 707//209 705//209 710//209 712//209
f 717//209 707//209 712//209 714//209
f 708//210 718//210 128//210 123//210
f 711//214 709//214 124//214 125//214
f 713//214 711//214 125//214 126//214
f 719//209 717//209 714//209 716//209
f 715//214 713//214 126//214 127//214
f 721//209 719//209 716//209 726//209
f 725//214 715//214 127//214 132//214
f 718//210 720//210 129//210 128//210
f 720//210 722//210 130//210 129//210
f 722//210 724//210 131//210 130//210
f 723//209 721//209 726//209 728//209
f 733//209 723//209 728//209 730//209
f 724//210 734//210 136//210 131//210
f 727//214 725//214 132//214 133//214
f 729//214 727//214 133//214 134//214
f 735//209 733//209 730//209 732//209
f 731//214 729//214 134//214 135//214
f 737//209 735//209 732//209 742//209
f 741//214 731//214 135//214 140//214
f 734//210 736//210 137//210 136//210
f 736//210 738//210 138//210 137//210
f 738//210 740//210 139//210 138//210
f 739//209 737//209 742//209 744//209
f 749//209 739//209 744//209 746//209
f 740//210 750//210 144//210 139//210
f 743//214 741//214 140//214 141//214
f 745//214 743//214 141//214 142//214
f 751//209 749//209 746//209 748//209
f 747//214 745//214 142//214 143//214
f 753//209 751//209 748//209 758//209
f 757//214 747//214 143//214 148//214
f 750//210 752//210 145//210 144//210
f 752//210 754//210 146//210 145//210
f 754//210 756//210 147//210 146//210
f 755//209 753//209 758//209 760//209
f 765//209 755//209 760//209 762//209
f 756//210 766//210 152//210 147//210
f 759//214 757//214 148//214 149//214
f 761//214 759//214 149//214 150//214
f 767//209 765//209 762//209 764//209
f 763//214 761//214 150//214 151//214
f 769//209 767//209 764//209 774//209
f 773//214 763//214 151//214 156//214
f 766//210 768//210 153//210 152//210
f 768//210 770//210 154//210 153//210
f 770//210 772//210 155//210 154//210
f 771//209 769//209 774//209 776//209
f 781//209 771//209 776//209 778//209
f 772//210 782//210 160//210 155//210
f 775//214 773//214 156//214 157//214
f 777//214 775//214 157//214 158//214
f 783//209 781//209 778//209 780//209
f 779//214 777//214 158//214 159//214
f 785//209 783//209 780//209 790//209
f 789//214 779//214 159//214 164//214
f 782//210 784//210 161//210 160//210
f 784//210 786//210 162//210 161//210
f 786//210 788//210 163//210 162//210
f 787//209 785//209 790//209 792//209
f 797//209 787//209 792//209 794//209
f 788//210 798//210 168//210 163//210
f 791//214 789//214 164//214 165//214
f 793//214 791//214 165//214 166//214
f 799//209 797//209 794//209 796//209
f 795//214 793//214 166//214 167//214
f 801//209 799//209 796//209 806//209
f 805//214 795//214 167//214 172//214
f 798//210 800//210 169//210 168//210
f 800//210 802//210 170//210 169//210
f 802//210 804//210 171//210 170//210
f 803//209 801//209 806//209 808//209
f 813//209 803//209 808//209 811//209
f 804//210 812//210 174//210 171//210
f 807//214 805//214 172//214 173//214
f 809//214 807//214 173//214 1354//214
f 815//209 866//209 813//209 811//209
f 819//209 815//209 811//209 817//209
f 816//211 810//211 1353//211 176//211
f 812//210 865//210 1355//210 174//210
f 814//212 818//212 177//212 175//212
f 864//212 814//212 175//212 1356//212
f 823//209 819//209 817//209 821//209
f 820//211 816//211 176//211 178//211
f 818//212 822//212 179//212 177//212
f 828//209 823//209 821//209 825//209
f 824//211 820//211 178//211 180//211
f 822//212 829//212 182//212 179//212
f 830//209 828//209 825//209 827//209
f 826//211 824//211 180//211 181//211
f 832//209 830//209 827//209 836//209
f 837//211 826//211 181//211 186//211
f 829//212 831//212 183//212 182//212
f 831//212 833//212 184//212 183//212
f 833//212 835//212 185//212 184//212
f 834//209 832//209 836//209 839//209
f 844//209 834//209 839//209 841//209
f 835//212 845//212 190//212 185//212
f 838//211 837//211 186//211 187//211
f 840//211 838//211 187//211 188//211
f 846//209 844//209 841//209 843//209
f 842//211 840//211 188//211 189//211
f 848//209 846//209 843//209 852//209
f 853//211 842//211 189//211 194//211
f 845//212 847//212 191//212 190//212
f 847//212 849//212 192//212 191//212
f 849//212 851//212 193//212 192//212
f 850//209 848//209 852//209 855//209
f 860//209 850//209 855//209 857//209
f 851//212 861//212 198//212 193//212
f 854//211 853//211 194//211 195//211
f 856//211 854//211 195//211 196//211
f 862//209 860//209 857//209 859//209
f 858//211 856//211 196//211 197//211
f 861//212 863//212 199//212 198//212
f 873//209 871//209 868//209 870//209
f 869//212 867//212 200//212 201//212
f 875//209 873//209 870//209 877//209
f 878//212 869//212 201//212 205//212
f 872//211 874//211 203//211 202//211
f 874//211 876//211 204//211 203//211
f 879//209 875//209 877//209 881//209
f 876//211 880//211 206//211 204//211
f 882//212 878//212 205//212 207//212
f 883//209 879//209 881//209 885//209
f 880//211 884//211 208//211 206//211
f 886//212 882//212 207//212 209//212
f 887//209 883//209 885//209 889//209
f 884//211 888//211 210//211 208//211
f 890//212 886//212 209//212 211//212
f 891//209 887//209 889//209 893//209
f 888//211 892//211 212//211 210//211
f 894//212 890//212 211//212 213//212
f 895//209 891//209 893//209 897//209
f 892//211 896//211 214//211 212//211
f 898//212 894//212 213//212 215//212
f 899//209 895//209 897//209 901//209
f 896//211 900//211 216//211 214//211
f 902//212 898//212 215//212 217//212
f 903//209 899//209 901//209 905//209
f 900//211 904//211 218//211 216//211
f 906//212 902//212 217//212 219//212
f 907//209 903//209 905//209 909//209
f 904//211 908//211 220//211 218//211
f 910//212 906//212 219//212 221//212
f 911//209 907//209 909//209 913//209
f 908//211 912//211 222//211 220//211
f 914//212 910//212 221//212 223//212
f 915//209 911//209 913//209 917//209
f 912//211 916//211 224//211 222//211
f 918//212 914//212 223//212 225//212
f 919//209 915//209 917//209 921//209
f 916//211 920//211 226//211 224//211
f 922//212 918//212 225//212 227//212
f 923//209 919//209 921//209 925//209
f 920//211 924//211 228//211 226//211
f 926//212 922//212 227//212 229//212
f 927//209 923//209 925//209 929//209
f 924//211 928//211 230//211 228//211
f 930//212 926//212 229//212 231//212
f 931//209 927//209 929//209 933//209
f 928//211 932//211 232//211 230//211
f 934//212 930//212 231//212 233//212
f 935//209 931//209 933//209 937//209
f 932//211 936//211 234//211 232//211
f 938//212 934//212 233//212 235//212
f 939//209 935//209 937//209 941//209
f 936//211 940//211 236//211 234//211
f 942//212 938//212 235//212 237//212
f 943//209 939//209 941//209 945//209
f 940//211 944//211 238//211 236//211
f 946//212 942//212 237//212 239//212
f 947//209 943//209 945//209 949//209
f 944//211 948//211 240//211 238//211
f 950//212 946//212 239//212 241//212
f 951//209 947//209 949//209 953//209
f 948//211 952//211 242//211 240//211
f 954//212 950//212 241//212 243//212
f 955//209 951//209 953//209 957//209
f 952//211 956//211 244//211 242//211
f 958//212 954//212 243//212 245//212
f 959//209 955//209 957//209 961//209
f 956//211 960//211 246//211 244//211
f 962//234 958//234 245//234 247//234
f 963//209 959//209 961//209 965//209
f 960//211 964//211 248//211 246//211
f 966//235 962//235 247//235 249//235
f 967//209 963//209 965//209 969//209
f 964//211 968//211 250//211 248//211
f 970//236 966//236 249//236 251//236
f 971//209 967//209 969//209 973//209
f 968//211 972//211 252//211 250//211
f 974//237 970//237 251//237 253//237
f 975//209 971//209 973//209 978//209
f 972//211 976//211 254//211 252//211
f 979//238 974//238 253//238 1357//238
f 983//209 981//209 975//209 978//209
f 976//211 980//211 1360//211 254//211
f 985//209 983//209 978//209 987//209
f 988//214 977//214 1358//214 257//214
f 982//210 984//210 255//210 1359//210
f 984//210 986//210 256//210 255//210
f 989//209 985//209 987//209 991//209
f 986//210 990//210 258//210 256//210
f 992//214 988//214 257//214 259//214
f 993//209 989//209 991//209 995//209
f 990//210 994//210 260//210 258//210
f 996//214 992//214 259//214 261//214
f 997//209 993//209 995//209 999//209
f 994//210 998//210 262//210 260//210
f 1000//214 996//214 261//214 263//214
f 1001//209 997//209 999//209 1003//209
f 998//210 1002//210 264//210 262//210
f 1004//214 1000//214 263//214 265//214
f 1005//209 1001//209 1003//209 1007//209
f 1002//210 1006//210 266//210 264//210
f 1008//214 1004//214 265//214 267//214
f 1009//209 1005//209 1007//209 1011//209
f 1006//210 1010//210 268//210 266//210
f 1012//214 1008//214 267//214 269//214
f 1013//209 1009//209 1011//209 1015//209
f 1010//210 1014//210 270//210 268//210
f 1016//214 1012//214 269//214 271//214
f 1017//209 1013//209 1015//209 1019//209
f 1014//210 1018//210 272//210 270//210
f 1020//214 1016//214 271//214 273//214
f 1021//209 1017//209 1019//209 1023//209
f 1018//210 1022//210 274//210 272//210
f 1024//214 1020//214 273//214 275//214
f 1025//209 1021//209 1023//209 1027//209
f 1022//210 1026//210 276//210 274//210
f 1028//214 1024//214 275//214 277//214
f 1029//209 1025//209 1027//209 1031//209
f 1026//210 1030//210 278//210 276//210
f 1032//214 1028//214 277//214 279//214
f 1033//209 1029//209 1031//209 1035//209
f 1030//210 1034//210 280//210 278//210
f 1036//214 1032//214 279//214 281//214
f 1037//209 1033//209 1035//209 1039//209
f 1034//210 1038//210 282//210 280//210
f 1040//214 1036//214 281//214 283//214
f 1041//209 1037//209 1039//209 1043//209
f 1038//210 1042//210 284//210 282//210
f 1044//214 1040//214 283//214 285//214
f 1045//209 1041//209 1043//209 1047//209
f 1042//210 1046//210 286//210 284//210
f 1048//214 1044//214 285//214 287//214
f 1049//209 1045//209 1047//209 1051//209
f 1046//210 1050//210 288//210 286//210
f 1052//214 1048//214 287//214 289//214
f 1053//209 1049//209 1051//209 1055//209
f 1050//210 1054//210 290//210 288//210
f 1056//214 1052//214 289//214 291//214
f 1057//209 1053//209 1055//209 1059//209
f 1054//210 1058//210 292//210 290//210
f 1060//214 1056//214 291//214 293//214
f 1061//209 1057//209 1059//209 1063//209
f 1058//210 1062//210 294//210 292//210
f 1064//214 1060//214 293//214 295//214
f 1065//209 1061//209 1063//209 1067//209
f 1062//210 1066//210 296//210 294//210
f 1068//214 1064//214 295//214 297//214
f 1069//209 1065//209 1067//209 1071//209
f 1066//210 1070//210 298//210 296//210
f 1072//214 1068//214 297//214 299//214
f 1073//209 1069//209 1071//209 1075//209
f 1070//210 1074//210 300//210 298//210
f 1076//214 1072//214 299//214 301//214
f 1077//209 1073//209 1075//209 1079//209
f 1074//210 1078//210 302//210 300//210
f 1080//214 1076//214 301//214 303//214
f 1081//209 1077//209 1079//209 1083//209
f 1078//210 1082//210 304//210 302//210
f 1084//214 1080//214 303//214 305//214
f 1085//209 1081//209 1083//209 1087//209
f 1082//210 1086//210 306//210 304//210
f 1088//214 1084//214 305//214 307//214
f 1089//209 1085//209 1087//209 1091//209
f 1086//210 1090//210 308//210 306//210
f 1092//214 1088//214 307//214 309//214
f 1093//209 1089//209 1091//209 1095//209
f 1090//210 1094//210 310//210 308//210
f 1096//214 1092//214 309//214 311//214
f 1097//209 1093//209 1095//209 1099//209
f 1094//210 1098//210 312//210 310//210
f 1100//214 1096//214 311//214 313//214
f 1101//209 1097//209 1099//209 1103//209
f 1098//210 1102//210 314//210 312//210
f 1104//214 1100//214 313//214 315//214
f 1105//209 1101//209 1103//209 1107//209
f 1102//210 1106//210 316//210 314//210
f 1108//214 1104//214 315//214 317//214
f 1109//209 1105//209 1107//209 1111//209
f 1106//210 1110//210 318//210 316//210
f 1112//214 1108//214 317//214 319//214
f 1114//209 1109//209 1111//209 1116//209
f 1110//227 1113//227 1361//227 318//227
f 1117//214 1112//214 319//214 320//214
f 1119//209 1114//209 1116//209 1127//209
f 1119//209 1125//209 1122//209 1114//209
f 1115//211 1121//211 1365//211 1362//211
f 1128//239 1117//239 320//239 321//239
f 1129//209 1119//209 1127//209 1131//209
f 1120//240 1130//240 322//240 1364//240
f 1126//212 1118//212 1363//212 1368//212
f 1123//210 1124//210 1367//210 1366//210
f 1132//241 1128//241 321//241 323//241
f 1133//209 1129//209 1131//209 1135//209
f 1130//242 1134//242 324//242 322//242
f 1136//214 1132//214 323//214 325//214
f 1137//209 1133//209 1135//209 1139//209
f 1134//210 1138//210 326//210 324//210
f 1140//214 1136//214 325//214 327//214
f 1141//209 1137//209 1139//209 1143//209
f 1138//210 1142//210 328//210 326//210
f 1144//214 1140//214 327//214 329//214
f 1145//209 1141//209 1143//209 1147//209
f 1142//210 1146//210 330//210 328//210
f 1148//214 1144//214 329//214 331//214
f 1149//209 1145//209 1147//209 1152//209
f 1146//210 1150//210 332//210 330//210
f 1153//214 1148//214 331//214 1369//214
f 1157//209 1155//209 1149//209 1152//209
f 1150//210 1154//210 1371//210 332//210
f 1159//209 1157//209 1152//209 1161//209
f 1162//243 1151//243 1370//243 335//243
f 1156//212 1158//212 333//212 1372//212
f 1158//212 1160//212 334//212 333//212
f 1163//209 1159//209 1161//209 1165//209
f 1160//212 1164//212 336//212 334//212
f 1166//243 1162//243 335//243 337//243
f 1167//209 1163//209 1165//209 1169//209
f 1164//212 1168//212 338//212 336//212
f 1170//243 1166//243 337//243 339//243
f 1171//209 1167//209 1169//209 1173//209
f 1168//212 1172//212 340//212 338//212
f 1174//243 1170//243 339//243 341//243
f 1175//209 1171//209 1173//209 1177//209
f 1172//212 1176//212 342//212 340//212
f 1178//243 1174//243 341//243 343//243
f 1179//209 1175//209 1177//209 1181//209
f 1176//212 1180//212 344//212 342//212
f 1182//243 1178//243 343//243 345//243
f 1183//209 1179//209 1181//209 1185//209
f 1180//212 1184//212 346//212 344//212
f 1186//243 1182//243 345//243 347//243
f 1187//209 1183//209 1185//209 1189//209
f 1184//212 1188//212 348//212 346//212
f 1190//243 1186//243 347//243 349//243
f 1191//209 1187//209 1189//209 1193//209
f 1188//212 1192//212 350//212 348//212
f 1194//243 1190//243 349//243 351//243
f 1195//209 1191//209 1193//209 1197//209
f 1192//212 1196//212 352//212 350//212
f 1198//243 1194//243 351//243 353//243
f 1199//209 1195//209 1197//209 1201//209
f 1196//212 1200//212 354//212 352//212
f 1202//243 1198//243 353//243 355//243
f 1203//209 1199//209 1201//209 1205//209
f 1200//212 1204//212 356//212 354//212
f 1206//243 1202//243 355//243 357//243
f 1207//209 1203//209 1205//209 1211//209
f 1204//212 1208//212 358//212 356//212
f 1212//243 1206//243 357//243 360//243
f 1208//212 1210//212 359//212 358//212
f 1209//209 1207//209 1211//209 1214//209
f 1218//209 1209//209 1214//209 1216//209
f 1210//212 1217//212 363//212 359//212
f 1213//243 1212//243 360//243 361//243
f 1215//243 1213//243 361//243 362//243
f 1222//209 1218//209 1216//209 1220//209
f 1219//243 1215//243 362//243 364//243
f 1217//212 1221//212 365//212 363//212
f 1226//209 1222//209 1220//209 1224//209
f 1223//243 1219//243 364//243 366//243
f 1221//244 1225//244 367//244 365//244
f 1226//209 1224//209 1228//209 1230//209
f 1227//211 1223//211 366//211 368//211
f 1225//245 1229//245 369//245 367//245
f 1234//209 1230//209 1228//209 1232//209
f 1231//211 1227//211 368//211 370//211
f 1229//246 1233//246 371//246 369//246
f 1234//209 1232//209 1236//209 1238//209
f 1235//211 1231//211 370//211 372//211
f 1233//247 1237//247 373//247 371//247
f 1236//209 1240//209 1242//209 1238//209
f 1239//211 1235//211 372//211 374//211
f 1237//248 1241//248 375//248 373//248
f 1240//209 1244//209 1246//209 1242//209
f 1243//211 1239//211 374//211 376//211
f 1241//249 1245//249 377//249 375//249
f 1244//209 1248//209 1252//209 1246//209
f 1247//211 1243//211 376//211 378//211
f 1245//250 1251//250 380//250 377//250
f 1248//209 1250//209 1253//209 1252//209
f 1249//211 1247//211 378//211 379//211
f 1250//209 1257//209 1255//209 1253//209
f 1258//211 1249//211 379//211 383//211
f 1251//234 1254//234 381//234 380//234
f 1254//234 1256//234 382//234 381//234
f 1257//209 1261//209 1259//209 1255//209
f 1256//234 1260//234 384//234 382//234
f 1262//211 1258//211 383//211 385//211
f 1261//209 1267//209 1263//209 1259//209
f 1260//251 1264//251 386//251 384//251
f 1268//211 1262//211 385//211 388//211
f 1264//212 1266//212 387//212 386//212
f 1267//209 1270//209 1265//209 1263//209
f 1270//209 1272//209 1274//209 1265//209
f 1266//252 1273//252 391//252 387//252
f 1269//211 1268//211 388//211 389//211
f 1271//211 1269//211 389//211 390//211
f 1272//209 1276//209 1278//209 1274//209
f 1275//211 1271//211 390//211 392//211
f 1273//253 1277//253 393//253 391//253
f 1276//209 1280//209 1282//209 1278//209
f 1279//211 1275//211 392//211 394//211
f 1277//213 1281//213 395//213 393//213
f 1280//209 1284//209 1286//209 1282//209
f 1283//211 1279//211 394//211 396//211
f 1281//253 1285//253 397//253 395//253
f 1284//209 1288//209 1290//209 1286//209
f 1287//211 1283//211 396//211 398//211
f 1285//212 1289//212 399//212 397//212
f 1288//209 1292//209 1294//209 1290//209
f 1291//211 1287//211 398//211 400//211
f 1289//212 1293//212 401//212 399//212
f 1292//209 1296//209 1298//209 1294//209
f 1295//211 1291//211 400//211 402//211
f 1293//212 1297//212 403//212 401//212
f 1296//209 1300//209 1302//209 1298//209
f 1299//211 1295//211 402//211 404//211
f 1297//212 1301//212 405//212 403//212
f 1300//209 1304//209 1306//209 1302//209
f 1303//211 1299//211 404//211 406//211
f 1301//212 1305//212 407//212 405//212
f 1304//209 1308//209 1310//209 1306//209
f 1307//211 1303//211 406//211 408//211
f 1305//212 1309//212 409//212 407//212
f 1308//209 1312//209 1314//209 1310//209
f 1311//211 1307//211 408//211 410//211
f 1309//212 1313//212 411//212 409//212
f 1312//209 1316//209 1318//209 1314//209
f 1315//211 1311//211 410//211 412//211
f 1313//253 1317//253 413//253 411//253
f 1317//213 1320//213 414//213 413//213
f 1322//211 3//211 1380//211 1373//211
f 2//210 1321//210 1375//210 1379//210
f 1324//215 4//215 1382//215 1385//215
f 1//212 1323//212 1384//212 1376//212
f 199//212 1325//212 1425//212 1820//212
f 1326//210 21//210 1419//210 1423//210
f 1328//211 197//211 1817//211 1429//211
f 25//210 1327//210 1428//210 1433//210
f 1330//217 71//217 1534//217 1517//217
f 66//216 1329//216 1519//216 1515//216
f 1332//210 68//210 1523//210 1525//210
f 69//218 1331//218 1524//218 1528//218
f 1334//219 70//219 1530//219 1532//219
f 75//220 1333//220 1531//220 1545//220
f 72//222 1335//222 1540//222 1536//222
f 1336//223 73//223 1541//223 1538//223
f 89//212 1337//212 1571//212 1579//212
f 1338//231 85//231 1565//231 1569//231
f 86//232 1340//232 1572//232 1567//232
f 1339//211 87//211 1575//211 1573//211
f 1345//214 1342//214 1637//214 1643//214
f 1341//212 113//212 1628//212 1638//212
f 1344//210 118//210 1647//210 1641//210
f 200//212 1343//212 1640//212 1826//212
f 1347//233 1346//233 1645//233 1648//233
f 1351//214 1348//214 1650//214 1659//214
f 119//214 1350//214 1651//214 1655//214
f 1349//212 1352//212 1658//212 1652//212
f 1354//214 173//214 1766//214 1768//214
f 176//211 1353//211 1767//211 1775//211
f 1356//212 175//212 1773//212 1823//212
f 174//210 1355//210 1822//210 1771//210
f 257//214 1358//214 1935//214 1945//214
f 1357//238 253//238 1931//238 1936//238
f 254//211 1360//211 1938//211 1933//211
f 1359//210 255//210 1941//210 1939//210
f 318//227 1361//227 2073//227 2067//227
f 1362//211 1365//211 2081//211 2071//211
f 1364//240 322//240 2087//240 2076//240
f 1368//212 1363//212 2078//212 2082//212
f 1366//210 1367//210 2084//210 2079//210
f 335//243 1370//243 2109//243 2119//243
f 1369//214 331//214 2105//214 2110//214
f 332//210 1371//210 2114//210 2107//210
f 1372//212 333//212 2115//212 2112//212
f 1381//233 2278//233 1377//233 1374//233
f 1388//233 1378//233 1374//233 1383//233
f 1383//233 1374//233 1377//233 1386//233
f 414//213 1//213 1376//213 2277//213
f 1390//233 1392//233 1378//233 1388//233
f 7//210 2//210 1379//210 1391//210
f 3//211 412//211 2274//211 1380//211
f 2273//233 2275//233 2278//233 1381//233
f 4//214 5//214 1387//214 1382//214
f 5//214 6//214 1389//214 1387//214
f 1394//233 1396//233 1392//233 1390//233
f 6//214 8//214 1393//214 1389//214
f 9//210 7//210 1391//210 1395//210
f 1398//233 1400//233 1396//233 1394//233
f 8//214 10//214 1397//214 1393//214
f 11//210 9//210 1395//210 1399//210
f 1402//233 1404//233 1400//233 1398//233
f 10//214 12//214 1401//214 1397//214
f 13//210 11//210 1399//210 1403//210
f 1406//233 1408//233 1404//233 1402//233
f 12//214 14//214 1405//214 1401//214
f 15//210 13//210 1403//210 1407//210
f 1410//233 1412//233 1408//233 1406//233
f 14//214 16//214 1409//214 1405//214
f 17//210 15//210 1407//210 1411//210
f 1414//233 1416//233 1412//233 1410//233
f 16//214 18//214 1413//214 1409//214
f 19//210 17//210 1411//210 1415//210
f 1418//233 1420//233 1416//233 1414//233
f 18//214 20//214 1417//214 1413//214
f 21//210 19//210 1415//210 1419//210
f 1422//233 1424//233 1420//233 1418//233
f 20//214 22//214 1421//214 1417//214
f 1427//233 1430//233 1424//233 1422//233
f 22//214 23//214 1426//214 1421//214
f 1424//233 1430//233 1816//233 1821//233
f 1432//233 1434//233 1430//233 1427//233
f 23//214 24//214 1431//214 1426//214
f 1436//233 1438//233 1434//233 1432//233
f 24//214 26//214 1435//214 1431//214
f 27//210 25//210 1433//210 1437//210
f 1440//233 1442//233 1438//233 1436//233
f 26//214 28//214 1439//214 1435//214
f 29//210 27//210 1437//210 1441//210
f 1444//233 1446//233 1442//233 1440//233
f 28//214 30//214 1443//214 1439//214
f 31//210 29//210 1441//210 1445//210
f 1448//233 1450//233 1446//233 1444//233
f 30//214 32//214 1447//214 1443//214
f 33//210 31//210 1445//210 1449//210
f 1452//233 1454//233 1450//233 1448//233
f 32//214 34//214 1451//214 1447//214
f 35//210 33//210 1449//210 1453//210
f 1456//233 1458//233 1454//233 1452//233
f 34//214 36//214 1455//214 1451//214
f 37//210 35//210 1453//210 1457//210
f 1460//233 1462//233 1458//233 1456//233
f 36//214 38//214 1459//214 1455//214
f 39//210 37//210 1457//210 1461//210
f 1464//233 1466//233 1462//233 1460//233
f 38//214 40//214 1463//214 1459//214
f 41//210 39//210 1461//210 1465//210
f 1468//233 1470//233 1466//233 1464//233
f 40//214 42//214 1467//214 1463//214
f 43//210 41//210 1465//210 1469//210
f 1472//233 1474//233 1470//233 1468//233
f 42//214 44//214 1471//214 1467//214
f 45//210 43//210 1469//210 1473//210
f 1476//233 1478//233 1474//233 1472//233
f 44//214 46//214 1475//214 1471//214
f 47//210 45//210 1473//210 1477//210
f 1480//233 1482//233 1478//233 1476//233
f 46//214 48//214 1479//214 1475//214
f 49//210 47//210 1477//210 1481//210
f 1484//233 1486//233 1482//233 1480//233
f 48//214 50//214 1483//214 1479//214
f 51//210 49//210 1481//210 1485//210
f 1488//233 1490//233 1486//233 1484//233
f 50//214 52//214 1487//214 1483//214
f 53//210 51//210 1485//210 1489//210
f 1492//233 1494//233 1490//233 1488//233
f 52//214 54//214 1491//214 1487//214
f 55//210 53//210 1489//210 1493//210
f 1496//233 1498//233 1494//233 1492//233
f 54//214 56//214 1495//214 1491//214
f 57//210 55//210 1493//210 1497//210
f 1500//233 1502//233 1498//233 1496//233
f 56//214 58//214 1499//214 1495//214
f 59//210 57//210 1497//210 1501//210
f 1504//233 1506//233 1502//233 1500//233
f 58//214 60//214 1503//214 1499//214
f 61//210 59//210 1501//210 1505//210
f 1508//233 1510//233 1506//233 1504//233
f 60//214 62//214 1507//214 1503//214
f 63//210 61//210 1505//210 1509//210
f 1512//233 1514//233 1510//233 1508//233
f 62//214 64//214 1511//214 1507//214
f 65//210 63//210 1509//210 1513//210
f 1516//233 1521//233 1514//233 1512//233
f 64//214 66//214 1515//214 1511//214
f 67//210 65//210 1513//210 1520//210
f 1516//233 1518//233 1522//233 1521//233
f 1518//233 1527//233 1526//233 1522//233
f 1535//233 1529//233 1527//233 1518//233
f 68//210 67//210 1520//210 1523//210
f 70//218 69//218 1528//218 1530//218
f 1537//233 1533//233 1529//233 1535//233
f 1542//233 1533//233 1537//233 1539//233
f 1544//233 1546//233 1533//233 1542//233
f 71//221 72//221 1536//221 1534//221
f 73//224 74//224 1543//224 1541//224
f 1548//233 1550//233 1546//233 1544//233
f 74//225 76//225 1547//225 1543//225
f 77//220 75//220 1545//220 1549//220
f 1552//233 1554//233 1550//233 1548//233
f 76//226 78//226 1551//226 1547//226
f 79//220 77//220 1549//220 1553//220
f 1556//233 1558//233 1554//233 1552//233
f 78//226 80//226 1555//226 1551//226
f 81//220 79//220 1553//220 1557//220
f 1560//233 1562//233 1558//233 1556//233
f 80//226 82//226 1559//226 1555//226
f 83//227 81//227 1557//227 1561//227
f 1564//233 1566//233 1562//233 1560//233
f 82//228 84//228 1563//228 1559//228
f 85//229 83//229 1561//229 1565//229
f 1568//233 1570//233 1566//233 1564//233
f 84//230 86//230 1567//230 1563//230
f 1576//233 1570//233 1568//233 1574//233
f 1578//233 1580//233 1570//233 1576//233
f 87//211 88//211 1577//211 1575//211
f 1582//233 1585//233 1580//233 1578//233
f 88//211 90//211 1581//211 1577//211
f 92//212 89//212 1579//212 1586//212
f 1584//233 1587//233 1585//233 1582//233
f 90//211 91//211 1583//211 1581//211
f 1591//233 1589//233 1587//233 1584//233
f 91//211 95//211 1592//211 1583//211
f 93//212 92//212 1586//212 1588//212
f 94//212 93//212 1588//212 1590//212
f 1598//233 1593//233 1589//233 1591//233
f 96//212 94//212 1590//212 1594//212
f 95//211 98//211 1597//211 1592//211
f 97//212 96//212 1594//212 1596//212
f 1600//233 1595//233 1593//233 1598//233
f 1602//233 1606//233 1595//233 1600//233
f 102//212 97//212 1596//212 1605//212
f 98//211 99//211 1599//211 1597//211
f 99//211 100//211 1601//211 1599//211
f 1604//233 1607//233 1606//233 1602//233
f 100//211 101//211 1603//211 1601//211
f 1614//233 1609//233 1607//233 1604//233
f 101//211 106//211 1613//211 1603//211
f 103//212 102//212 1605//212 1608//212
f 104//212 103//212 1608//212 1610//212
f 105//212 104//212 1610//212 1612//212
f 1616//233 1611//233 1609//233 1614//233
f 1618//233 1622//233 1611//233 1616//233
f 110//212 105//212 1612//212 1621//212
f 106//211 107//211 1615//211 1613//211
f 107//211 108//211 1617//211 1615//211
f 1620//233 1623//233 1622//233 1618//233
f 108//211 109//211 1619//211 1617//211
f 1630//233 1625//233 1623//233 1620//233
f 109//211 114//211 1629//211 1619//211
f 111//212 110//212 1621//212 1624//212
f 112//212 111//212 1624//212 1626//212
f 113//212 112//212 1626//212 1628//212
f 1632//233 1627//233 1625//233 1630//233
f 1634//233 1639//233 1627//233 1632//233
f 114//211 115//211 1631//211 1629//211
f 115//211 116//211 1633//211 1631//211
f 1636//233 1642//233 1639//233 1634//233
f 116//211 117//211 1635//211 1633//211
f 1830//233 1825//233 1642//233 1636//233
f 117//211 202//211 1829//211 1635//211
f 1646//233 1644//233 1639//233 1642//233
f 1657//233 1653//233 1644//233 1646//233
f 1644//233 1653//233 1660//233 1649//233
f 118//210 120//210 1656//210 1647//210
f 1662//233 1654//233 1653//233 1657//233
f 1664//233 1667//233 1654//233 1662//233
f 124//214 119//214 1655//214 1668//214
f 120//210 121//210 1661//210 1656//210
f 121//210 122//210 1663//210 1661//210
f 1666//233 1669//233 1667//233 1664//233
f 122//210 123//210 1665//210 1663//210
f 1676//233 1671//233 1669//233 1666//233
f 123//210 128//210 1675//210 1665//210
f 125//214 124//214 1668//214 1670//214
f 126//214 125//214 1670//214 1672//214
f 127//214 126//214 1672//214 1674//214
f 1678//233 1673//233 1671//233 1676//233
f 1680//233 1683//233 1673//233 1678//233
f 132//214 127//214 1674//214 1684//214
f 128//210 129//210 1677//210 1675//210
f 129//210 130//210 1679//210 1677//210
f 1682//233 1685//233 1683//233 1680//233
f 130//210 131//210 1681//210 1679//210
f 1692//233 1687//233 1685//233 1682//233
f 131//210 136//210 1691//210 1681//210
f 133//214 132//214 1684//214 1686//214
f 134//214 133//214 1686//214 1688//214
f 135//214 134//214 1688//214 1690//214
f 1694//233 1689//233 1687//233 1692//233
f 1696//233 1699//233 1689//233 1694//233
f 140//214 135//214 1690//214 1700//214
f 136//210 137//210 1693//210 1691//210
f 137//210 138//210 1695//210 1693//210
f 1698//233 1701//233 1699//233 1696//233
f 138//210 139//210 1697//210 1695//210
f 1708//233 1703//233 1701//233 1698//233
f 139//210 144//210 1707//210 1697//210
f 141//214 140//214 1700//214 1702//214
f 142//214 141//214 1702//214 1704//214
f 143//214 142//214 1704//214 1706//214
f 1710//233 1705//233 1703//233 1708//233
f 1712//233 1715//233 1705//233 1710//233
f 148//214 143//214 1706//214 1716//214
f 144//210 145//210 1709//210 1707//210
f 145//210 146//210 1711//210 1709//210
f 1714//233 1717//233 1715//233 1712//233
f 146//210 147//210 1713//210 1711//210
f 1724//233 1719//233 1717//233 1714//233
f 147//210 152//210 1723//210 1713//210
f 149//214 148//214 1716//214 1718//214
f 150//214 149//214 1718//214 1720//214
f 151//214 150//214 1720//214 1722//214
f 1726//233 1721//233 1719//233 1724//233
f 1728//233 1731//233 1721//233 1726//233
f 156//214 151//214 1722//214 1732//214
f 152//210 153//210 1725//210 1723//210
f 153//210 154//210 1727//210 1725//210
f 1730//233 1733//233 1731//233 1728//233
f 154//210 155//210 1729//210 1727//210
f 1740//233 1735//233 1733//233 1730//233
f 155//210 160//210 1739//210 1729//210
f 157//214 156//214 1732//214 1734//214
f 158//214 157//214 1734//214 1736//214
f 159//214 158//214 1736//214 1738//214
f 1742//233 1737//233 1735//233 1740//233
f 1744//233 1747//233 1737//233 1742//233
f 164//214 159//214 1738//214 1748//214
f 160//210 161//210 1741//210 1739//210
f 161//210 162//210 1743//210 1741//210
f 1746//233 1749//233 1747//233 1744//233
f 162//210 163//210 1745//210 1743//210
f 1756//233 1751//233 1749//233 1746//233
f 163//210 168//210 1755//210 1745//210
f 165//214 164//214 1748//214 1750//214
f 166//214 165//214 1750//214 1752//214
f 167//214 166//214 1752//214 1754//214
f 1758//233 1753//233 1751//233 1756//233
f 1760//233 1763//233 1753//233 1758//233
f 172//214 167//214 1754//214 1764//214
f 168//210 169//210 1757//210 1755//210
f 169//210 170//210 1759//210 1757//210
f 1762//233 1765//233 1763//233 1760//233
f 170//210 171//210 1761//210 1759//210
f 1770//233 1769//233 1765//233 1762//233
f 171//210 174//210 1771//210 1761//210
f 173//214 172//214 1764//214 1766//214
f 1772//233 1769//233 1770//233 1824//233
f 1776//233 1774//233 1769//233 1772//233
f 175//212 177//212 1777//212 1773//212
f 1780//233 1778//233 1774//233 1776//233
f 178//211 176//211 1775//211 1779//211
f 177//212 179//212 1781//212 1777//212
f 1787//233 1782//233 1778//233 1780//233
f 180//211 178//211 1779//211 1783//211
f 179//212 182//212 1786//212 1781//212
f 181//211 180//211 1783//211 1785//211
f 1789//233 1784//233 1782//233 1787//233
f 1791//233 1795//233 1784//233 1789//233
f 186//211 181//211 1785//211 1794//211
f 182//212 183//212 1788//212 1786//212
f 183//212 184//212 1790//212 1788//212
f 1793//233 1796//233 1795//233 1791//233
f 184//212 185//212 1792//212 1790//212
f 1803//233 1798//233 1796//233 1793//233
f 185//212 190//212 1802//212 1792//212
f 187//211 186//211 1794//211 1797//211
f 188//211 187//211 1797//211 1799//211
f 189//211 188//211 1799//211 1801//211
f 1805//233 1800//233 1798//233 1803//233
f 1807//233 1811//233 1800//233 1805//233
f 194//211 189//211 1801//211 1810//211
f 190//212 191//212 1804//212 1802//212
f 191//212 192//212 1806//212 1804//212
f 1809//233 1812//233 1811//233 1807//233
f 192//212 193//212 1808//212 1806//212
f 1819//233 1814//233 1812//233 1809//233
f 193//212 198//212 1818//212 1808//212
f 195//211 194//211 1810//211 1813//211
f 196//211 195//211 1813//211 1815//211
f 197//211 196//211 1815//211 1817//211
f 1821//233 1816//233 1814//233 1819//233
f 198//212 199//212 1820//212 1818//212
f 201//212 200//212 1826//212 1828//212
f 1832//233 1827//233 1825//233 1830//233
f 205//212 201//212 1828//212 1835//212
f 1834//233 1836//233 1827//233 1832//233
f 202//211 203//211 1831//211 1829//211
f 203//211 204//211 1833//211 1831//211
f 1838//233 1840//233 1836//233 1834//233
f 204//211 206//211 1837//211 1833//211
f 207//212 205//212 1835//212 1839//212
f 1842//233 1844//233 1840//233 1838//233
f 206//211 208//211 1841//211 1837//211
f 209//212 207//212 1839//212 1843//212
f 1846//233 1848//233 1844//233 1842//233
f 208//211 210//211 1845//211 1841//211
f 211//212 209//212 1843//212 1847//212
f 1850//233 1852//233 1848//233 1846//233
f 210//211 212//211 1849//211 1845//211
f 213//212 211//212 1847//212 1851//212
f 1854//233 1856//233 1852//233 1850//233
f 212//211 214//211 1853//211 1849//211
f 215//212 213//212 1851//212 1855//212
f 1858//233 1860//233 1856//233 1854//233
f 214//211 216//211 1857//211 1853//211
f 217//212 215//212 1855//212 1859//212
f 1862//233 1864//233 1860//233 1858//233
f 216//211 218//211 1861//211 1857//211
f 219//212 217//212 1859//212 1863//212
f 1866//233 1868//233 1864//233 1862//233
f 218//211 220//211 1865//211 1861//211
f 221//212 219//212 1863//212 1867//212
f 1870//233 1872//233 1868//233 1866//233
f 220//211 222//211 1869//211 1865//211
f 223//212 221//212 1867//212 1871//212
f 1874//233 1876//233 1872//233 1870//233
f 222//211 224//211 1873//211 1869//211
f 225//212 223//212 1871//212 1875//212
f 1878//233 1880//233 1876//233 1874//233
f 224//211 226//211 1877//211 1873//211
f 227//212 225//212 1875//212 1879//212
f 1882//233 1884//233 1880//233 1878//233
f 226//211 228//211 1881//211 1877//211
f 229//212 227//212 1879//212 1883//212
f 1886//233 1888//233 1884//233 1882//233
f 228//211 230//211 1885//211 1881//211
f 231//212 229//212 1883//212 1887//212
f 1890//233 1892//233 1888//233 1886//233
f 230//211 232//211 1889//211 1885//211
f 233//212 231//212 1887//212 1891//212
f 1894//233 1896//233 1892//233 1890//233
f 232//211 234//211 1893//211 1889//211
f 235//212 233//212 1891//212 1895//212
f 1898//233 1900//233 1896//233 1894//233
f 234//211 236//211 1897//211 1893//211
f 237//212 235//212 1895//212 1899//212
f 1902//233 1904//233 1900//233 1898//233
f 236//211 238//211 1901//211 1897//211
f 239//212 237//212 1899//212 1903//212
f 1906//233 1908//233 1904//233 1902//233
f 238//211 240//211 1905//211 1901//211
f 241//212 239//212 1903//212 1907//212
f 1910//233 1912//233 1908//233 1906//233
f 240//211 242//211 1909//211 1905//211
f 243//212 241//212 1907//212 1911//212
f 1914//233 1916//233 1912//233 1910//233
f 242//211 244//211 1913//211 1909//211
f 245//212 243//212 1911//212 1915//212
f 1918//233 1920//233 1916//233 1914//233
f 244//211 246//211 1917//211 1913//211
f 247//234 245//234 1915//234 1919//234
f 1922//233 1924//233 1920//233 1918//233
f 246//211 248//211 1921//211 1917//211
f 249//235 247//235 1919//235 1923//235
f 1926//233 1928//233 1924//233 1922//233
f 248//211 250//211 1925//211 1921//211
f 251//236 249//236 1923//236 1927//236
f 1930//233 1932//233 1928//233 1926//233
f 250//211 252//211 1929//211 1925//211
f 253//237 251//237 1927//237 1931//237
f 1934//233 1937//233 1932//233 1930//233
f 252//211 254//211 1933//211 1929//211
f 1942//233 1937//233 1934//233 1940//233
f 1944//233 1946//233 1937//233 1942//233
f 255//210 256//210 1943//210 1941//210
f 1948//233 1950//233 1946//233 1944//233
f 256//210 258//210 1947//210 1943//210
f 259//214 257//214 1945//214 1949//214
f 1952//233 1954//233 1950//233 1948//233
f 258//210 260//210 1951//210 1947//210
f 261//214 259//214 1949//214 1953//214
f 1956//233 1958//233 1954//233 1952//233
f 260//210 262//210 1955//210 1951//210
f 263//214 261//214 1953//214 1957//214
f 1960//233 1962//233 1958//233 1956//233
f 262//210 264//210 1959//210 1955//210
f 265//214 263//214 1957//214 1961//214
f 1964//233 1966//233 1962//233 1960//233
f 264//210 266//210 1963//210 1959//210
f 267//214 265//214 1961//214 1965//214
f 1968//233 1970//233 1966//233 1964//233
f 266//210 268//210 1967//210 1963//210
f 269//214 267//214 1965//214 1969//214
f 1972//233 1974//233 1970//233 1968//233
f 268//210 270//210 1971//210 1967//210
f 271//214 269//214 1969//214 1973//214
f 1976//233 1978//233 1974//233 1972//233
f 270//210 272//210 1975//210 1971//210
f 273//214 271//214 1973//214 1977//214
f 1980//233 1982//233 1978//233 1976//233
f 272//210 274//210 1979//210 1975//210
f 275//214 273//214 1977//214 1981//214
f 1984//233 1986//233 1982//233 1980//233
f 274//210 276//210 1983//210 1979//210
f 277//214 275//214 1981//214 1985//214
f 1988//233 1990//233 1986//233 1984//233
f 276//210 278//210 1987//210 1983//210
f 279//214 277//214 1985//214 1989//214
f 1992//233 1994//233 1990//233 1988//233
f 278//210 280//210 1991//210 1987//210
f 281//214 279//214 1989//214 1993//214
f 1996//233 1998//233 1994//233 1992//233
f 280//210 282//210 1995//210 1991//210
f 283//214 281//214 1993//214 1997//214
f 2000//233 2002//233 1998//233 1996//233
f 282//210 284//210 1999//210 1995//210
f 285//214 283//214 1997//214 2001//214
f 2004//233 2006//233 2002//233 2000//233
f 284//210 286//210 2003//210 1999//210
f 287//214 285//214 2001//214 2005//214
f 2008//233 2010//233 2006//233 2004//233
f 286//210 288//210 2007//210 2003//210
f 289//214 287//214 2005//214 2009//214
f 2012//233 2014//233 2010//233 2008//233
f 288//210 290//210 2011//210 2007//210
f 291//214 289//214 2009//214 2013//214
f 2016//233 2018//233 2014//233 2012//233
f 290//210 292//210 2015//210 2011//210
f 293//214 291//214 2013//214 2017//214
f 2020//233 2022//233 2018//233 2016//233
f 292//210 294//210 2019//210 2015//210
f 295//214 293//214 2017//214 2021//214
f 2024//233 2026//233 2022//233 2020//233
f 294//210 296//210 2023//210 2019//210
f 297//214 295//214 2021//214 2025//214
f 2028//233 2030//233 2026//233 2024//233
f 296//210 298//210 2027//210 2023//210
f 299//214 297//214 2025//214 2029//214
f 2032//233 2034//233 2030//233 2028//233
f 298//210 300//210 2031//210 2027//210
f 301//214 299//214 2029//214 2033//214
f 2036//233 2038//233 2034//233 2032//233
f 300//210 302//210 2035//210 2031//210
f 303//214 301//214 2033//214 2037//214
f 2040//233 2042//233 2038//233 2036//233
f 302//210 304//210 2039//210 2035//210
f 305//214 303//214 2037//214 2041//214
f 2044//233 2046//233 2042//233 2040//233
f 304//210 306//210 2043//210 2039//210
f 307//214 305//214 2041//214 2045//214
f 2048//233 2050//233 2046//233 2044//233
f 306//210 308//210 2047//210 2043//210
f 309//214 307//214 2045//214 2049//214
f 2052//233 2054//233 2050//233 2048//233
f 308//210 310//210 2051//210 2047//210
f 311//214 309//214 2049//214 2053//214
f 2056//233 2058//233 2054//233 2052//233
f 310//210 312//210 2055//210 2051//210
f 313//214 311//214 2053//214 2057//214
f 2060//233 2062//233 2058//233 2056//233
f 312//210 314//210 2059//210 2055//210
f 315//214 313//214 2057//214 2061//214
f 2064//233 2066//233 2062//233 2060//233
f 314//210 316//210 2063//210 2059//210
f 317//214 315//214 2061//214 2065//214
f 2068//233 2070//233 2066//233 2064//233
f 316//210 318//210 2067//210 2063//210
f 319//214 317//214 2065//214 2069//214
f 2072//233 2075//233 2070//233 2068//233
f 320//214 319//214 2069//214 2074//214
f 2077//233 2086//233 2075//233 2072//233
f 2077//233 2072//233 2080//233 2083//233
f 321//239 320//239 2074//239 2085//239
f 2088//233 2090//233 2086//233 2077//233
f 323//241 321//241 2085//241 2089//241
f 2092//233 2094//233 2090//233 2088//233
f 322//242 324//242 2091//242 2087//242
f 325//214 323//214 2089//214 2093//214
f 2096//233 2098//233 2094//233 2092//233
f 324//210 326//210 2095//210 2091//210
f 327//214 325//214 2093//214 2097//214
f 2100//233 2102//233 2098//233 2096//233
f 326//210 328//210 2099//210 2095//210
f 329//214 327//214 2097//214 2101//214
f 2104//233 2106//233 2102//233 2100//233
f 328//210 330//210 2103//210 2099//210
f 331//214 329//214 2101//214 2105//214
f 2108//233 2111//233 2106//233 2104//233
f 330//210 332//210 2107//210 2103//210
f 2116//233 2111//233 2108//233 2113//233
f 2118//233 2120//233 2111//233 2116//233
f 333//212 334//212 2117//212 2115//212
f 2122//233 2124//233 2120//233 2118//233
f 334//212 336//212 2121//212 2117//212
f 337//243 335//243 2119//243 2123//243
f 2126//233 2128//233 2124//233 2122//233
f 336//212 338//212 2125//212 2121//212
f 339//243 337//243 2123//243 2127//243
f 2130//233 2132//233 2128//233 2126//233
f 338//212 340//212 2129//212 2125//212
f 341//243 339//243 2127//243 2131//243
f 2134//233 2136//233 2132//233 2130//233
f 340//212 342//212 2133//212 2129//212
f 343//243 341//243 2131//243 2135//243
f 2138//233 2140//233 2136//233 2134//233
f 342//212 344//212 2137//212 2133//212
f 345//243 343//243 2135//243 2139//243
f 2142//233 2144//233 2140//233 2138//233
f 344//212 346//212 2141//212 2137//212
f 347//243 345//243 2139//243 2143//243
f 2146//233 2148//233 2144//233 2142//233
f 346//212 348//212 2145//212 2141//212
f 349//243 347//243 2143//243 2147//243
f 2150//233 2152//233 2148//233 2146//233
f 348//212 350//212 2149//212 2145//212
f 351//243 349//243 2147//243 2151//243
f 2154//233 2156//233 2152//233 2150//233
f 350//212 352//212 2153//212 2149//212
f 353//243 351//243 2151//243 2155//243
f 2158//233 2160//233 2156//233 2154//233
f 352//212 354//212 2157//212 2153//212
f 355//243 353//243 2155//243 2159//243
f 2162//233 2164//233 2160//233 2158//233
f 354//212 356//212 2161//212 2157//212
f 357//243 355//243 2159//243 2163//243
f 2166//233 2170//233 2164//233 2162//233
f 356//212 358//212 2165//212 2161//212
f 360//243 357//243 2163//243 2169//243
f 2168//233 2171//233 2170//233 2166//233
f 358//212 359//212 2167//212 2165//212
f 359//212 363//212 2176//212 2167//212
f 2175//233 2173//233 2171//233 2168//233
f 361//243 360//243 2169//243 2172//243
f 362//243 361//243 2172//243 2174//243
f 2179//233 2177//233 2173//233 2175//233
f 364//243 362//243 2174//243 2178//243
f 363//212 365//212 2180//212 2176//212
f 2183//233 2181//233 2177//233 2179//233
f 366//243 364//243 2178//243 2182//243
f 365//244 367//244 2184//244 2180//244
f 2183//233 2187//233 2185//233 2181//233
f 368//211 366//211 2182//211 2186//211
f 367//245 369//245 2188//245 2184//245
f 2191//233 2189//233 2185//233 2187//233
f 370//211 368//211 2186//211 2190//211
f 369//254 371//254 2192//254 2188//254
f 2191//233 2195//233 2193//233 2189//233
f 372//211 370//211 2190//211 2194//211
f 371//247 373//247 2196//247 2192//247
f 2193//233 2195//233 2199//233 2197//233
f 374//211 372//211 2194//211 2198//211
f 373//248 375//248 2200//248 2196//248
f 2197//233 2199//233 2203//233 2201//233
f 376//211 374//211 2198//211 2202//211
f 375//249 377//249 2204//249 2200//249
f 2201//233 2203//233 2209//233 2205//233
f 378//211 376//211 2202//211 2206//211
f 377//250 380//250 2210//250 2204//250
f 379//211 378//211 2206//211 2208//211
f 2205//233 2209//233 2212//233 2207//233
f 383//211 379//211 2208//211 2215//211
f 2207//233 2212//233 2214//233 2216//233
f 380//234 381//234 2211//234 2210//234
f 381//234 382//234 2213//234 2211//234
f 2216//233 2214//233 2218//233 2220//233
f 382//234 384//234 2217//234 2213//234
f 385//211 383//211 2215//211 2219//211
f 2220//233 2218//233 2222//233 2226//233
f 384//251 386//251 2221//251 2217//251
f 388//211 385//211 2219//211 2225//211
f 2226//233 2222//233 2224//233 2227//233
f 386//212 387//212 2223//212 2221//212
f 387//252 391//252 2232//252 2223//252
f 2227//233 2224//233 2231//233 2229//233
f 389//211 388//211 2225//211 2228//211
f 390//211 389//211 2228//211 2230//211
f 2229//233 2231//233 2235//233 2233//233
f 392//211 390//211 2230//211 2234//211
f 391//253 393//253 2236//253 2232//253
f 2233//233 2235//233 2239//233 2237//233
f 394//211 392//211 2234//211 2238//211
f 393//213 395//213 2240//213 2236//213
f 2237//233 2239//233 2243//233 2241//233
f 396//211 394//211 2238//211 2242//211
f 395//253 397//253 2244//253 2240//253
f 2241//233 2243//233 2247//233 2245//233
f 398//211 396//211 2242//211 2246//211
f 397//212 399//212 2248//212 2244//212
f 2245//233 2247//233 2251//233 2249//233
f 400//211 398//211 2246//211 2250//211
f 399//212 401//212 2252//212 2248//212
f 2249//233 2251//233 2255//233 2253//233
f 402//211 400//211 2250//211 2254//211
f 401//212 403//212 2256//212 2252//212
f 2253//233 2255//233 2259//233 2257//233
f 404//211 402//211 2254//211 2258//211
f 403//212 405//212 2260//212 2256//212
f 2257//233 2259//233 2263//233 2261//233
f 406//211 404//211 2258//211 2262//211
f 405//212 407//212 2264//212 2260//212
f 2261//233 2263//233 2267//233 2265//233
f 408//211 406//211 2262//211 2266//211
f 407//212 409//212 2268//212 2264//212
f 2265//233 2267//233 2271//233 2269//233
f 410//211 408//211 2266//211 2270//211
f 409//212 411//212 2272//212 2268//212
f 2269//233 2271//233 2275//233 2273//233
f 412//211 410//211 2270//211 2274//211
f 411//253 413//253 2276//253 2272//253
f 413//213 414//213 2277//213 2276//213
